#pragma once
#include <stdint.h>

namespace HP_WKS_SWTOOLS_DRIVER_Bin
{
	constexpr unsigned char Key = 0x82;

	// HP_WKS_SWTOOLS_DRIVER
	constexpr unsigned char service[] = {
		0xCA, 0xD2, 0xDD, 0xD5, 0xC9, 0xD1, 0xDD, 0xD1,
		0xD5, 0xD6, 0xCD, 0xCD, 0xCE, 0xD1, 0xDD, 0xC6, 
		0xD0, 0xCB, 0xD4, 0xC7, 0xD0 };

	constexpr size_t serviceSize = sizeof(service);

	constexpr size_t hexSize = 19128;

	constexpr unsigned char hexData[hexSize] = {
	0xCF, 0xD8, 0x12, 0x82, 0x81, 0x82, 0x82, 0x82, 0x86, 0x82, 0x82, 0x82, 0x7D, 0x7D, 0x82, 0x82, 0x3A, 0x82, 0x82, 0x82, 0x82, 0x82, 0x82, 0x82, 0xC2, 0x82, 0x82, 0x82, 0x82, 0x82, 0x82, 0x82,
	0x82, 0x82, 0x82, 0x82, 0x82, 0x82, 0x82, 0x82, 0x82, 0x82, 0x82, 0x82, 0x82, 0x82, 0x82, 0x82, 0x82, 0x82, 0x82, 0x82, 0x82, 0x82, 0x82, 0x82, 0x82, 0x82, 0x82, 0x82, 0x5A, 0x82, 0x82, 0x82,
	0x8C, 0x9D, 0x38, 0x8C, 0x82, 0x36, 0x8B, 0x4F, 0xA3, 0x3A, 0x83, 0xCE, 0x4F, 0xA3, 0xD6, 0xEA, 0xEB, 0xF1, 0xA2, 0xF2, 0xF0, 0xED, 0xE5, 0xF0, 0xE3, 0xEF, 0xA2, 0xE1, 0xE3, 0xEC, 0xEC, 0xED,
	0xF6, 0xA2, 0xE0, 0xE7, 0xA2, 0xF0, 0xF7, 0xEC, 0xA2, 0xEB, 0xEC, 0xA2, 0xC6, 0xCD, 0xD1, 0xA2, 0xEF, 0xED, 0xE6, 0xE7, 0xAC, 0x8F, 0x8F, 0x88, 0xA6, 0x82, 0x82, 0x82, 0x82, 0x82, 0x82, 0x82,
	0x39, 0xF5, 0x10, 0x30, 0x7D, 0x94, 0x7E, 0x63, 0x7D, 0x94, 0x7E, 0x63, 0x7D, 0x94, 0x7E, 0x63, 0x74, 0xEC, 0xF6, 0x63, 0x7E, 0x94, 0x7E, 0x63, 0x7D, 0x94, 0x7F, 0x63, 0x6B, 0x94, 0x7E, 0x63,
	0x74, 0xEC, 0xED, 0x63, 0x7A, 0x94, 0x7E, 0x63, 0xA0, 0x6B, 0xB0, 0x63, 0x7E, 0x94, 0x7E, 0x63, 0xC8, 0x0A, 0x9E, 0x63, 0x7C, 0x94, 0x7E, 0x63, 0x70, 0xC6, 0xA5, 0x63, 0x7C, 0x94, 0x7E, 0x63,
	0xC8, 0x0A, 0xA0, 0x63, 0x7C, 0x94, 0x7E, 0x63, 0xD0, 0xEB, 0xE1, 0xEA, 0x7D, 0x94, 0x7E, 0x63, 0x82, 0x82, 0x82, 0x82, 0x82, 0x82, 0x82, 0x82, 0xD2, 0xC7, 0x82, 0x82, 0xE6, 0x04, 0x8A, 0x82,
	0x82, 0x76, 0xBA, 0xDE, 0x82, 0x82, 0x82, 0x82, 0x82, 0x82, 0x82, 0x82, 0x72, 0x82, 0xA0, 0x82, 0x89, 0x80, 0x8E, 0x82, 0x82, 0x96, 0x82, 0x82, 0x82, 0x9E, 0x82, 0x82, 0x82, 0x82, 0x82, 0x82,
	0x06, 0x93, 0x82, 0x82, 0x82, 0x92, 0x82, 0x82, 0x82, 0x82, 0x82, 0xC2, 0x83, 0x82, 0x82, 0x82, 0x82, 0x92, 0x82, 0x82, 0x82, 0x80, 0x82, 0x82, 0x84, 0x82, 0x81, 0x82, 0x84, 0x82, 0x81, 0x82,
	0x84, 0x82, 0x83, 0x82, 0x82, 0x82, 0x82, 0x82, 0x82, 0x12, 0x82, 0x82, 0x82, 0x86, 0x82, 0x82, 0xF8, 0xB3, 0x83, 0x82, 0x83, 0x82, 0xE2, 0x83, 0x82, 0x82, 0x92, 0x82, 0x82, 0x82, 0x82, 0x82,
	0x82, 0x92, 0x82, 0x82, 0x82, 0x82, 0x82, 0x82, 0x82, 0x82, 0x92, 0x82, 0x82, 0x82, 0x82, 0x82, 0x82, 0x92, 0x82, 0x82, 0x82, 0x82, 0x82, 0x82, 0x82, 0x82, 0x82, 0x82, 0x92, 0x82, 0x82, 0x82,
	0x82, 0x82, 0x82, 0x82, 0x82, 0x82, 0x82, 0x82, 0x36, 0xE3, 0x82, 0x82, 0xD2, 0x82, 0x82, 0x82, 0x82, 0xF2, 0x82, 0x82, 0xE2, 0x81, 0x82, 0x82, 0x82, 0xC2, 0x82, 0x82, 0x8A, 0x83, 0x82, 0x82,
	0x82, 0xA4, 0x82, 0x82, 0x3A, 0xA6, 0x82, 0x82, 0x82, 0x02, 0x82, 0x82, 0xA2, 0x82, 0x82, 0x82, 0x52, 0xA2, 0x82, 0x82, 0x9E, 0x82, 0x82, 0x82, 0x82, 0x82, 0x82, 0x82, 0x82, 0x82, 0x82, 0x82,
	0x82, 0x82, 0x82, 0x82, 0x82, 0x82, 0x82, 0x82, 0x82, 0x82, 0x82, 0x82, 0x82, 0x82, 0x82, 0x82, 0xA2, 0xA3, 0x82, 0x82, 0x16, 0x82, 0x82, 0x82, 0x82, 0x82, 0x82, 0x82, 0x82, 0x82, 0x82, 0x82,
	0x8A, 0xA2, 0x82, 0x82, 0x4A, 0x82, 0x82, 0x82, 0x82, 0x82, 0x82, 0x82, 0x82, 0x82, 0x82, 0x82, 0x82, 0x82, 0x82, 0x82, 0x82, 0x82, 0x82, 0x82, 0x82, 0x82, 0x82, 0x82, 0x82, 0x82, 0x82, 0x82,
	0xAC, 0xF6, 0xE7, 0xFA, 0xF6, 0x82, 0x82, 0x82, 0x45, 0x8A, 0x82, 0x82, 0x82, 0x92, 0x82, 0x82, 0x82, 0x88, 0x82, 0x82, 0x82, 0x86, 0x82, 0x82, 0x82, 0x82, 0x82, 0x82, 0x82, 0x82, 0x82, 0x82,
	0x82, 0x82, 0x82, 0x82, 0xA2, 0x82, 0x82, 0xEA, 0xAC, 0xF0, 0xE6, 0xE3, 0xF6, 0xE3, 0x82, 0x82, 0x0E, 0x81, 0x82, 0x82, 0x82, 0xA2, 0x82, 0x82, 0x82, 0x86, 0x82, 0x82, 0x82, 0x8C, 0x82, 0x82,
	0x82, 0x82, 0x82, 0x82, 0x82, 0x82, 0x82, 0x82, 0x82, 0x82, 0x82, 0x82, 0xC2, 0x82, 0x82, 0xCA, 0xAC, 0xE6, 0xE3, 0xF6, 0xE3, 0x82, 0x82, 0x82, 0xAA, 0x8D, 0x82, 0x82, 0x82, 0xB2, 0x82, 0x82,
	0x82, 0x80, 0x82, 0x82, 0x82, 0x90, 0x82, 0x82, 0x82, 0x82, 0x82, 0x82, 0x82, 0x82, 0x82, 0x82, 0x82, 0x82, 0x82, 0x82, 0xC2, 0x82, 0x82, 0x4A, 0xAC, 0xF2, 0xE6, 0xE3, 0xF6, 0xE3, 0x82, 0x82,
	0x8A, 0x83, 0x82, 0x82, 0x82, 0xC2, 0x82, 0x82, 0x82, 0x80, 0x82, 0x82, 0x82, 0x96, 0x82, 0x82, 0x82, 0x82, 0x82, 0x82, 0x82, 0x82, 0x82, 0x82, 0x82, 0x82, 0x82, 0x82, 0xC2, 0x82, 0x82, 0xCA,
	0xD2, 0xC3, 0xC5, 0xC7, 0x82, 0x82, 0x82, 0x82, 0xA6, 0x81, 0x82, 0x82, 0x82, 0xD2, 0x82, 0x82, 0x82, 0x86, 0x82, 0x82, 0x82, 0x94, 0x82, 0x82, 0x82, 0x82, 0x82, 0x82, 0x82, 0x82, 0x82, 0x82,
	0x82, 0x82, 0x82, 0x82, 0xA2, 0x82, 0x82, 0xE2, 0xCB, 0xCC, 0xCB, 0xD6, 0x82, 0x82, 0x82, 0x82, 0x46, 0x86, 0x82, 0x82, 0x82, 0xE2, 0x82, 0x82, 0x82, 0x84, 0x82, 0x82, 0x82, 0x98, 0x82, 0x82,
	0x82, 0x82, 0x82, 0x82, 0x82, 0x82, 0x82, 0x82, 0x82, 0x82, 0x82, 0x82, 0xA2, 0x82, 0x82, 0xE0, 0xAC, 0xF0, 0xF1, 0xF0, 0xE1, 0x82, 0x82, 0x82, 0xE2, 0x81, 0x82, 0x82, 0x82, 0xF2, 0x82, 0x82,
	0x82, 0x86, 0x82, 0x82, 0x82, 0xA2, 0x82, 0x82, 0x82, 0x82, 0x82, 0x82, 0x82, 0x82, 0x82, 0x82, 0x82, 0x82, 0x82, 0x82, 0xC2, 0x82, 0x82, 0xC0, 0xAC, 0xF0, 0xE7, 0xEE, 0xED, 0xE1, 0x82, 0x82,
	0xA2, 0x82, 0x82, 0x82, 0x82, 0x02, 0x82, 0x82, 0x82, 0x80, 0x82, 0x82, 0x82, 0xA6, 0x82, 0x82, 0x82, 0x82, 0x82, 0x82, 0x82, 0x82, 0x82, 0x82, 0x82, 0x82, 0x82, 0x82, 0xC2, 0x82, 0x82, 0xC0,
	0x82, 0x82, 0x82, 0x82, 0x82, 0x82, 0x82, 0x82, 0x82, 0x82, 0x82, 0x82, 0x82, 0x82, 0x82, 0x82, 0x82, 0x82, 0x82, 0x82, 0x82, 0x82, 0x82, 0x82, 0x82, 0x82, 0x82, 0x82, 0x82, 0x82, 0x82, 0x82,
	0x82, 0x82, 0x82, 0x82, 0x82, 0x82, 0x82, 0x82, 0x82, 0x82, 0x82, 0x82, 0x82, 0x82, 0x82, 0x82, 0x82, 0x82, 0x82, 0x82, 0x82, 0x82, 0x82, 0x82, 0x82, 0x82, 0x82, 0x82, 0x82, 0x82, 0x82, 0x82,
	0x82, 0x82, 0x82, 0x82, 0x82, 0x82, 0x82, 0x82, 0x82, 0x82, 0x82, 0x82, 0x82, 0x82, 0x82, 0x82, 0x82, 0x82, 0x82, 0x82, 0x82, 0x82, 0x82, 0x82, 0x82, 0x82, 0x82, 0x82, 0x82, 0x82, 0x82, 0x82,
	0x82, 0x82, 0x82, 0x82, 0x82, 0x82, 0x82, 0x82, 0x82, 0x82, 0x82, 0x82, 0x82, 0x82, 0x82, 0x82, 0x82, 0x82, 0x82, 0x82, 0x82, 0x82, 0x82, 0x82, 0x82, 0x82, 0x82, 0x82, 0x82, 0x82, 0x82, 0x82,
	0x82, 0x82, 0x82, 0x82, 0x82, 0x82, 0x82, 0x82, 0x82, 0x82, 0x82, 0x82, 0x82, 0x82, 0x82, 0x82, 0x82, 0x82, 0x82, 0x82, 0x82, 0x82, 0x82, 0x82, 0x82, 0x82, 0x82, 0x82, 0x82, 0x82, 0x82, 0x82,
	0x82, 0x82, 0x82, 0x82, 0x82, 0x82, 0x82, 0x82, 0x82, 0x82, 0x82, 0x82, 0x82, 0x82, 0x82, 0x82, 0x82, 0x82, 0x82, 0x82, 0x82, 0x82, 0x82, 0x82, 0x82, 0x82, 0x82, 0x82, 0x82, 0x82, 0x82, 0x82,
	0x82, 0x82, 0x82, 0x82, 0x82, 0x82, 0x82, 0x82, 0x82, 0x82, 0x82, 0x82, 0x82, 0x82, 0x82, 0x82, 0x82, 0x82, 0x82, 0x82, 0x82, 0x82, 0x82, 0x82, 0x82, 0x82, 0x82, 0x82, 0x82, 0x82, 0x82, 0x82,
	0xCA, 0x01, 0x6E, 0xAA, 0xCA, 0x0F, 0x8F, 0x77, 0x9D, 0x82, 0x82, 0x6A, 0x22, 0x83, 0x82, 0x82, 0xCE, 0x09, 0x87, 0x73, 0xAE, 0x82, 0x82, 0xCA, 0x0F, 0x97, 0x60, 0x9D, 0x82, 0x82, 0xCA, 0x0F,
	0x8F, 0x41, 0xAE, 0x82, 0x82, 0xCA, 0x01, 0x46, 0xAA, 0x6B, 0xFC, 0x8A, 0x82, 0x82, 0x4E, 0x4E, 0x6B, 0x49, 0x7D, 0x7D, 0x7D, 0x4E, 0x4E, 0x4E, 0xCA, 0x01, 0x6E, 0xAA, 0xCA, 0x09, 0x87, 0x37,
	0xAE, 0x82, 0x82, 0xCA, 0x07, 0x42, 0xF6, 0x8C, 0xCA, 0x0F, 0x97, 0x6B, 0x7D, 0x7D, 0x7D, 0xCA, 0xB9, 0x40, 0xF6, 0x80, 0x7D, 0x52, 0xCA, 0x01, 0x46, 0xAA, 0x6B, 0x23, 0x7D, 0x7D, 0x7D, 0x4E,
	0xCA, 0x0B, 0xDE, 0xA6, 0x8A, 0xCA, 0x0B, 0xEE, 0xA6, 0x92, 0xCA, 0x0B, 0xF6, 0xA6, 0x9A, 0xD5, 0xCA, 0x01, 0x6E, 0xA2, 0xB1, 0x6F, 0xCA, 0x09, 0x70, 0xCA, 0x09, 0x7B, 0xCA, 0xB9, 0x4F, 0xF7,
	0x8E, 0xB1, 0x4B, 0x6A, 0xFA, 0xCD, 0x82, 0x82, 0x6B, 0x62, 0x82, 0x82, 0x82, 0x3A, 0x8A, 0x80, 0x82, 0x82, 0xCA, 0x0B, 0x8F, 0xF5, 0xAE, 0x82, 0x82, 0xCA, 0x0F, 0x8F, 0xCA, 0xAE, 0x82, 0x82,
	0xE4, 0x0B, 0x87, 0xC1, 0xAE, 0x82, 0x82, 0xCA, 0x0F, 0x87, 0xF0, 0xAE, 0x82, 0x82, 0xE4, 0x0B, 0xAF, 0xB1, 0xAE, 0x82, 0x82, 0xCA, 0x0B, 0x87, 0xB6, 0xAE, 0x82, 0x82, 0x7D, 0x97, 0x54, 0x8D,
	0x82, 0x82, 0xCE, 0x0F, 0x8F, 0xBD, 0xAE, 0x82, 0x82, 0xCE, 0x0F, 0x87, 0xB2, 0x9D, 0x82, 0x82, 0xCA, 0x0F, 0x97, 0x93, 0xAE, 0x82, 0x82, 0xCA, 0x09, 0x4D, 0x6A, 0x51, 0x85, 0x82, 0x82, 0xB9,
	0x47, 0x8D, 0x0E, 0x04, 0x82, 0x82, 0x82, 0xCA, 0x0F, 0x8F, 0x90, 0x9D, 0x82, 0x82, 0x6A, 0xB7, 0x83, 0x82, 0x82, 0xB9, 0x47, 0x09, 0x5A, 0xFE, 0xEF, 0x6A, 0x30, 0x83, 0x82, 0x82, 0xCA, 0x09,
	0x54, 0xCA, 0x09, 0x4D, 0x6A, 0x75, 0xCC, 0x82, 0x82, 0xB9, 0x47, 0x09, 0x5A, 0xFE, 0xD5, 0xCA, 0x09, 0x87, 0x70, 0xA9, 0x82, 0x82, 0xC2, 0xBA, 0xEA, 0xB2, 0xF6, 0xA6, 0xCA, 0x09, 0x87, 0x57,
	0xA9, 0x82, 0x82, 0xCA, 0xBB, 0xED, 0xEA, 0xCA, 0x8D, 0xC7, 0xC5, 0xEA, 0xCA, 0x0B, 0x87, 0x47, 0xA9, 0x82, 0x82, 0xCA, 0x0F, 0x87, 0x7C, 0x7C, 0x7D, 0x7D, 0xCA, 0x0B, 0xC5, 0xEA, 0x69, 0xA0,
	0x74, 0xC2, 0x8A, 0x80, 0xF6, 0x9E, 0xCA, 0x09, 0x87, 0xF9, 0xA7, 0x82, 0x82, 0xCA, 0x0B, 0x87, 0x2E, 0xA9, 0x82, 0x82, 0xCA, 0x0F, 0x87, 0x57, 0x7C, 0x7D, 0x7D, 0xCA, 0x0B, 0x87, 0xE4, 0xA7,
	0x82, 0x82, 0xB1, 0x42, 0x69, 0x85, 0x6A, 0x17, 0x7C, 0x7D, 0x7D, 0x09, 0x41, 0xCA, 0x09, 0xDE, 0xA6, 0xB2, 0xCA, 0x09, 0xEE, 0xA6, 0xBA, 0xCA, 0x09, 0xF6, 0xA6, 0xC2, 0xCA, 0x01, 0x46, 0xA2,
	0xDD, 0x41, 0x4E, 0x4E, 0xCA, 0x0B, 0xDE, 0xA6, 0x8A, 0xD5, 0xCA, 0x01, 0x6E, 0xA2, 0xCA, 0x09, 0x58, 0xCA, 0x09, 0x7B, 0x6A, 0xA5, 0xCD, 0x82, 0x82, 0xCA, 0x09, 0x51, 0xCA, 0x09, 0x4D, 0xCA,
	0x09, 0xDE, 0xA6, 0xB2, 0xCA, 0x01, 0x46, 0xA2, 0xDD, 0x6B, 0x30, 0x7C, 0x7D, 0x7D, 0x4E, 0x4E, 0xCA, 0x0B, 0xDE, 0xA6, 0x8A, 0xD5, 0xCA, 0x01, 0x6E, 0xA2, 0xCA, 0x09, 0x87, 0x15, 0x9C, 0x82,
	0x82, 0xCA, 0x09, 0x7B, 0xCA, 0x0F, 0x8F, 0xF7, 0x9C, 0x82, 0x82, 0xCA, 0x0F, 0x9F, 0xFC, 0x9C, 0x82, 0x82, 0xCA, 0xB9, 0x43, 0xF6, 0xC7, 0xCA, 0xB9, 0x5A, 0xF5, 0xC2, 0xCA, 0x09, 0xC1, 0xC2,
	0xCA, 0x07, 0x42, 0xF6, 0x9A, 0xCE, 0x09, 0x87, 0x9E, 0xA9, 0x82, 0x82, 0xCA, 0x0F, 0x8F, 0x49, 0x84, 0x82, 0x82, 0xCE, 0x09, 0x49, 0xCA, 0x09, 0x55, 0x7D, 0x52, 0x69, 0x90, 0xCA, 0x09, 0x97,
	0x86, 0xA9, 0x82, 0x82, 0xCE, 0x09, 0x41, 0xCA, 0x09, 0x4D, 0x6A, 0x2D, 0x84, 0x82, 0x82, 0xCA, 0x01, 0x41, 0xD2, 0xCA, 0xB9, 0x9F, 0xBC, 0x9C, 0x82, 0x82, 0xF4, 0x42, 0xCA, 0x09, 0xDE, 0xA6,
	0xB2, 0xCA, 0x01, 0x46, 0xA2, 0xDD, 0x41, 0x4E, 0xCA, 0x0B, 0xDE, 0xA6, 0x8A, 0xCA, 0x0B, 0xF6, 0xA6, 0x92, 0xD5, 0xCA, 0x01, 0x6E, 0xA2, 0xCA, 0x09, 0x7B, 0xB1, 0x42, 0xCA, 0x0F, 0x9F, 0x8F,
	0x9C, 0x82, 0x82, 0xCA, 0x0F, 0xB7, 0x84, 0x9C, 0x82, 0x82, 0xCA, 0xB9, 0x5C, 0xF1, 0xCC, 0x01, 0xB9, 0xD2, 0xF7, 0xC6, 0xCA, 0x09, 0xC1, 0xBA, 0xCA, 0x0B, 0x9F, 0x7B, 0x9F, 0x82, 0x82, 0xCA,
	0x07, 0x42, 0xF6, 0x9A, 0xCE, 0x09, 0x87, 0x1F, 0xA8, 0x82, 0x82, 0xCA, 0x0F, 0x8F, 0xC4, 0x84, 0x82, 0x82, 0xCE, 0x09, 0x49, 0xCA, 0x09, 0x55, 0x7D, 0x52, 0x69, 0x90, 0xCA, 0x09, 0x97, 0x07,
	0xA8, 0x82, 0x82, 0xCE, 0x09, 0x41, 0xCA, 0x09, 0x4D, 0x6A, 0xA8, 0x84, 0x82, 0x82, 0x07, 0x42, 0xFA, 0x89, 0xCA, 0x01, 0x41, 0xD2, 0x69, 0x30, 0x3A, 0x86, 0x82, 0x82, 0x42, 0xCA, 0x09, 0xDE,
	0xA6, 0xB2, 0xCA, 0x09, 0xF6, 0xA6, 0xBA, 0xCA, 0x01, 0x46, 0xA2, 0xDD, 0x41, 0x4E, 0x4E, 0x4E, 0xCA, 0x0B, 0xDE, 0xA6, 0x8A, 0xD5, 0xCA, 0x01, 0x6E, 0xA2, 0xCA, 0x0F, 0x87, 0x2D, 0x9F, 0x82,
	0x82, 0xCA, 0x0F, 0x8F, 0x2A, 0x9F, 0x82, 0x82, 0xCA, 0xB9, 0x43, 0xF1, 0xBE, 0xCA, 0xA9, 0x4A, 0xCA, 0x3A, 0x4F, 0x4E, 0x4E, 0x4E, 0x4E, 0x4E, 0x4E, 0x4E, 0xCA, 0x0F, 0x9F, 0x2D, 0x9F, 0x82,
	0x82, 0xCA, 0x7D, 0x4B, 0xCA, 0x75, 0x63, 0xCA, 0x09, 0x78, 0xCA, 0x43, 0x6D, 0x87, 0xCA, 0x7D, 0x45, 0xCA, 0x09, 0x81, 0xCA, 0x07, 0x42, 0xF6, 0x84, 0x7D, 0x52, 0xCA, 0x0B, 0xC1, 0x7A, 0xCA,
	0x01, 0x41, 0xAA, 0xCA, 0x01, 0x6D, 0x83, 0xF7, 0x6A, 0xCA, 0x09, 0xDE, 0xA6, 0xB2, 0xCA, 0x01, 0x46, 0xA2, 0xDD, 0x41, 0x09, 0x80, 0x03, 0x7B, 0x4E, 0xE2, 0xC2, 0x1E, 0xF6, 0xB0, 0x03, 0x7B,
	0x52, 0xE2, 0xC2, 0x1E, 0xF6, 0x9D, 0x03, 0x7B, 0x56, 0xE2, 0xC2, 0x1E, 0xF6, 0x8C, 0xCA, 0x09, 0xC6, 0xA6, 0xB2, 0x01, 0xA2, 0x82, 0x3A, 0x8F, 0x82, 0x82, 0x42, 0x41, 0x8D, 0x35, 0x52, 0x6F,
	0xC3, 0x0B, 0x83, 0x69, 0x90, 0x8D, 0x35, 0x52, 0xE4, 0x6F, 0xE4, 0xC3, 0x0B, 0x83, 0x69, 0x85, 0x8D, 0x35, 0x52, 0x6E, 0xC3, 0x0A, 0x83, 0xCA, 0x09, 0xC6, 0xA6, 0xB2, 0xC6, 0x0B, 0x82, 0xB1,
	0x42, 0x41, 0x4E, 0x4E, 0xC6, 0x09, 0x80, 0x03, 0x7B, 0x5A, 0x22, 0xC2, 0x1E, 0xF6, 0xAE, 0x03, 0x7B, 0x5E, 0x22, 0xC2, 0x1E, 0xF6, 0x9A, 0x03, 0x7B, 0x62, 0x22, 0xC2, 0x1E, 0xF6, 0x84, 0x3A,
	0x8F, 0x82, 0x82, 0x42, 0x41, 0x09, 0xC0, 0x86, 0xC3, 0x8D, 0x35, 0x52, 0x6D, 0x69, 0x88, 0x8D, 0x35, 0xC0, 0x86, 0xC3, 0x8D, 0x35, 0x52, 0xE4, 0x6D, 0x69, 0x8A, 0x08, 0xC0, 0x86, 0xC3, 0x8D,
	0x35, 0x52, 0x6C, 0xB1, 0x42, 0x41, 0x4E, 0x4E, 0xCA, 0x0B, 0xDE, 0xA6, 0x8A, 0xCA, 0x0B, 0xF6, 0xA6, 0x92, 0xCA, 0x0B, 0xFE, 0xA6, 0x9A, 0xC3, 0xD4, 0xCA, 0x01, 0x6E, 0xB2, 0xCB, 0x09, 0x5A,
	0xCA, 0x09, 0x7B, 0xCE, 0x09, 0xF6, 0xA6, 0xE2, 0xC3, 0x01, 0xA4, 0x82, 0xCA, 0x07, 0x4B, 0xF7, 0x88, 0x3A, 0x8F, 0x82, 0x82, 0x42, 0x6B, 0x43, 0x82, 0x82, 0x82, 0xCA, 0x09, 0x8B, 0x01, 0x78,
	0x8E, 0x8D, 0x07, 0x2B, 0x82, 0x82, 0x82, 0xCA, 0x07, 0x4B, 0x8D, 0x06, 0x22, 0x82, 0x82, 0x82, 0xCA, 0x07, 0x59, 0x8D, 0x06, 0x15, 0x82, 0x82, 0x82, 0xCB, 0x01, 0xE2, 0x9A, 0x82, 0x09, 0xD5,
	0x8A, 0xC7, 0xB1, 0x42, 0x7D, 0x97, 0xFC, 0x8E, 0x82, 0x82, 0xCA, 0x0B, 0x81, 0xCA, 0x07, 0x42, 0xF7, 0x88, 0x3A, 0x87, 0x82, 0x82, 0x42, 0x6B, 0x02, 0x82, 0x82, 0x82, 0xCA, 0x01, 0xE6, 0xA6,
	0xA2, 0x82, 0xC7, 0xB1, 0x4B, 0xC7, 0xB1, 0x42, 0x09, 0xD5, 0x8A, 0xCA, 0x09, 0x4A, 0x7D, 0x97, 0xB6, 0x8E, 0x82, 0x82, 0xCA, 0x09, 0x72, 0xCA, 0x07, 0x42, 0xF7, 0x85, 0x3A, 0x87, 0x82, 0x82,
	0x42, 0x69, 0xDB, 0xCA, 0x09, 0x4A, 0x7D, 0x97, 0xDE, 0x8E, 0x82, 0x82, 0x45, 0xC6, 0xA6, 0xAA, 0xA2, 0x82, 0x82, 0x82, 0x01, 0xE6, 0xA6, 0xA2, 0x82, 0xC7, 0xB1, 0x4B, 0xC7, 0xB1, 0x42, 0x30,
	0x83, 0xCA, 0x09, 0x4C, 0x7D, 0x97, 0xB4, 0x8E, 0x82, 0x82, 0xCA, 0x0B, 0xC1, 0x8A, 0xCA, 0x07, 0x42, 0xF7, 0x85, 0x3A, 0x87, 0x82, 0x82, 0x42, 0x69, 0xA0, 0xCA, 0x0B, 0xF1, 0x92, 0x09, 0xC5,
	0x8A, 0xCA, 0x0B, 0xC1, 0x9A, 0xC3, 0x45, 0x84, 0xA2, 0x82, 0x82, 0x82, 0xB1, 0x42, 0x69, 0x8E, 0x3A, 0x8F, 0x82, 0x82, 0x42, 0x69, 0x87, 0x3A, 0x83, 0x82, 0x82, 0x42, 0xCA, 0x09, 0xDE, 0xA6,
	0xC2, 0xCA, 0x09, 0xF6, 0xA6, 0xCA, 0xCA, 0x09, 0xFE, 0xA6, 0xD2, 0xCA, 0x01, 0x46, 0xB2, 0xC3, 0xDC, 0x41, 0x4E, 0x4E, 0xCA, 0x01, 0x6E, 0xBA, 0xCF, 0x09, 0x52, 0x09, 0x8B, 0x8D, 0xB0, 0xCA,
	0x43, 0x60, 0xA2, 0xCA, 0x89, 0x40, 0xCA, 0x0B, 0xC6, 0xA6, 0xA2, 0xC3, 0x3B, 0x8A, 0x82, 0x82, 0x82, 0xCE, 0x0F, 0xC6, 0xA6, 0xA2, 0xC3, 0x09, 0x53, 0xCB, 0x09, 0x48, 0x6A, 0x3D, 0x81, 0x82,
	0x82, 0xCA, 0x09, 0xC6, 0xA6, 0xE2, 0x45, 0x82, 0x8A, 0x82, 0x82, 0x82, 0xB1, 0x42, 0x69, 0x8F, 0xCA, 0x09, 0xC6, 0xA6, 0xE2, 0x01, 0xA2, 0x82, 0x3A, 0x83, 0x82, 0x82, 0x42, 0xCA, 0x01, 0x46,
	0xBA, 0x41, 0x4E, 0x4E, 0xCA, 0x09, 0xD3, 0x86, 0xCA, 0x09, 0x40, 0xCA, 0x43, 0x68, 0xA2, 0x09, 0x8B, 0x8D, 0xB2, 0xCA, 0x09, 0xC6, 0xA6, 0xAA, 0x01, 0xA2, 0x82, 0xB1, 0x42, 0x69, 0x8F, 0xCA,
	0x09, 0xC6, 0xA6, 0xAA, 0x01, 0xA2, 0x82, 0x3A, 0x83, 0x82, 0x82, 0x42, 0x41, 0x4E, 0x4E, 0x4E, 0xC2, 0xD1, 0xCA, 0x01, 0x6E, 0xB2, 0xCF, 0x09, 0x52, 0xCA, 0x09, 0x5B, 0x01, 0x78, 0x96, 0xF7,
	0xCF, 0x09, 0xCB, 0x92, 0xC6, 0xB9, 0x4B, 0xF0, 0xC7, 0xC6, 0x09, 0xC1, 0x8A, 0x09, 0xC1, 0x86, 0x09, 0x91, 0xC3, 0x01, 0x62, 0x85, 0x01, 0x62, 0x9D, 0x0B, 0xCE, 0xA6, 0xAA, 0xC3, 0x43, 0x62,
	0x87, 0xCF, 0x09, 0x48, 0x3B, 0x86, 0x82, 0x82, 0x82, 0xC6, 0x89, 0x42, 0x09, 0xC1, 0x8E, 0x0B, 0xC6, 0xA6, 0xA2, 0x7D, 0x97, 0x0D, 0x88, 0x82, 0x82, 0xCA, 0x09, 0xCE, 0xA6, 0xE2, 0x0B, 0x83,
	0xA9, 0xC1, 0x92, 0x75, 0x5A, 0x99, 0x42, 0xA7, 0x83, 0x82, 0x82, 0x42, 0x69, 0x87, 0x3A, 0x8F, 0x82, 0x82, 0x42, 0xCA, 0x01, 0x46, 0xB2, 0xD9, 0x41, 0x4E, 0x4E, 0x4E, 0xC2, 0xD1, 0xCA, 0x01,
	0x6E, 0xB2, 0xCF, 0x09, 0x52, 0xCA, 0x09, 0x5B, 0x01, 0x78, 0x96, 0xF7, 0xD5, 0x09, 0xD3, 0x92, 0xC6, 0xB9, 0x48, 0xF0, 0xCD, 0x0F, 0xC0, 0x7E, 0x2B, 0x79, 0x7D, 0x7D, 0x7D, 0xF7, 0xC7, 0xC6,
	0x09, 0xC3, 0x8A, 0x09, 0xC3, 0x86, 0x0B, 0xD6, 0xA6, 0xAA, 0x09, 0x93, 0xC3, 0x01, 0x62, 0x85, 0x01, 0x62, 0x9D, 0xC3, 0x43, 0x62, 0x87, 0xCF, 0x09, 0x48, 0xC6, 0x89, 0x42, 0x09, 0xC3, 0x8E,
	0x3B, 0x86, 0x82, 0x82, 0x82, 0x0B, 0xC6, 0xA6, 0xA2, 0x7D, 0x97, 0x9B, 0x88, 0x82, 0x82, 0xCA, 0x09, 0xCE, 0xA6, 0xE2, 0x0B, 0x83, 0xA9, 0xC1, 0x92, 0x75, 0x5A, 0x99, 0x42, 0xA7, 0x83, 0x82,
	0x82, 0x42, 0x69, 0x87, 0x3A, 0x8F, 0x82, 0x82, 0x42, 0xCA, 0x01, 0x46, 0xB2, 0xD9, 0x41, 0x4E, 0xC2, 0xD1, 0xCA, 0x01, 0x6E, 0xB2, 0xCA, 0x09, 0x5B, 0x01, 0x78, 0x9E, 0xF6, 0x85, 0x3A, 0x8F,
	0x82, 0x82, 0x42, 0x69, 0xCE, 0xC6, 0x09, 0xC3, 0x8A, 0x09, 0xC3, 0x86, 0xCE, 0x09, 0xCB, 0x96, 0x09, 0x93, 0x01, 0x62, 0x9D, 0xC3, 0x01, 0x62, 0x85, 0xC3, 0x43, 0x62, 0x87, 0xC6, 0x89, 0x42,
	0x09, 0xC3, 0x92, 0x0B, 0xC6, 0xA6, 0xAA, 0x09, 0xC3, 0x8E, 0x3B, 0x86, 0x82, 0x82, 0x82, 0x0B, 0xC6, 0xA6, 0xA2, 0x7D, 0x97, 0x35, 0x8B, 0x82, 0x82, 0xCA, 0x09, 0xCE, 0xA6, 0xE2, 0x0B, 0x83,
	0xB9, 0xC1, 0x92, 0xF6, 0x85, 0x3A, 0x83, 0x82, 0x82, 0x42, 0x69, 0x87, 0x01, 0xA3, 0x82, 0xB1, 0x42, 0xCA, 0x01, 0x46, 0xB2, 0xD9, 0x41, 0x4E, 0xC2, 0xD1, 0xCA, 0x01, 0x6E, 0xB2, 0xCA, 0x09,
	0x5B, 0x01, 0x78, 0x9E, 0xF7, 0xDA, 0x09, 0xCB, 0x92, 0x0F, 0xC3, 0x7E, 0x2B, 0x79, 0x7D, 0x7D, 0x7D, 0xF7, 0xC9, 0xC6, 0x09, 0xC1, 0x8A, 0x09, 0xC1, 0x86, 0x09, 0x91, 0xC3, 0x01, 0x62, 0x85,
	0x01, 0x62, 0x9D, 0x0B, 0xCE, 0xA6, 0xAA, 0xC3, 0x43, 0x62, 0x87, 0xCE, 0x0F, 0xC9, 0x96, 0x3B, 0x86, 0x82, 0x82, 0x82, 0xC6, 0x89, 0x42, 0x09, 0xC1, 0x8E, 0x0B, 0xC6, 0xA6, 0xA2, 0x7D, 0x97,
	0xCE, 0x8B, 0x82, 0x82, 0xCA, 0x09, 0xCE, 0xA6, 0xE2, 0x0B, 0x83, 0xB9, 0xC1, 0x92, 0xF6, 0x85, 0x3A, 0x83, 0x82, 0x82, 0x42, 0x69, 0x8E, 0x01, 0xA3, 0x82, 0xB1, 0x42, 0x69, 0x87, 0x3A, 0x8F,
	0x82, 0x82, 0x42, 0xCA, 0x01, 0x46, 0xB2, 0xD9, 0x41, 0x4E, 0x4E, 0x4E, 0xCA, 0x01, 0x6E, 0xBA, 0xCF, 0x09, 0x52, 0x09, 0x8B, 0x8D, 0xB1, 0xCA, 0x43, 0x60, 0xA2, 0xCA, 0x89, 0x40, 0xCA, 0x0B,
	0xC6, 0xA6, 0xA2, 0xC3, 0x3B, 0x8A, 0x82, 0x82, 0x82, 0xCE, 0x0F, 0xC6, 0xA6, 0xA2, 0xC3, 0x09, 0x53, 0xCB, 0x09, 0x48, 0x6A, 0x05, 0x83, 0x82, 0x82, 0xCA, 0x09, 0xC6, 0xA6, 0xE2, 0x45, 0x82,
	0x8A, 0x82, 0x82, 0x82, 0xB1, 0x42, 0x69, 0x8F, 0xCA, 0x09, 0xC6, 0xA6, 0xE2, 0x01, 0xA2, 0x82, 0x3A, 0x83, 0x82, 0x82, 0x42, 0xCA, 0x01, 0x46, 0xBA, 0x41, 0x4E, 0x4E, 0xCA, 0x0B, 0xDE, 0xA6,
	0x8A, 0xCA, 0x0B, 0xF6, 0xA6, 0x92, 0xD5, 0xCA, 0x01, 0x6E, 0xA2, 0xCB, 0x09, 0x7A, 0xCA, 0x09, 0x5B, 0xCA, 0x07, 0x4B, 0xF6, 0xD3, 0x01, 0x78, 0x8E, 0xF7, 0xCE, 0x09, 0xC3, 0x8A, 0xC6, 0xB9,
	0x4A, 0xF0, 0xC6, 0xCA, 0x09, 0x8B, 0x09, 0x52, 0xC7, 0xB1, 0x42, 0x7D, 0x97, 0x95, 0x8B, 0x82, 0x82, 0xCA, 0x07, 0x42, 0xF7, 0x8D, 0xCA, 0x09, 0xC6, 0xA6, 0xD2, 0x01, 0xA2, 0x82, 0x3A, 0x83,
	0x82, 0x82, 0x42, 0x69, 0xA5, 0x09, 0xC9, 0x8A, 0xCA, 0x09, 0x72, 0x71, 0x26, 0x09, 0xD1, 0x8A, 0xCA, 0x09, 0x4A, 0x7D, 0x97, 0x65, 0x8A, 0x82, 0x82, 0xCA, 0x09, 0xC6, 0xA6, 0xD2, 0x09, 0xC9,
	0x8A, 0x0B, 0x8A, 0xB1, 0x42, 0x69, 0x87, 0x3A, 0x8F, 0x82, 0x82, 0x42, 0xCA, 0x09, 0xDE, 0xA6, 0xB2, 0xCA, 0x09, 0xF6, 0xA6, 0xBA, 0xCA, 0x01, 0x46, 0xA2, 0xDD, 0x41, 0xC2, 0xD1, 0xCA, 0x01,
	0x6E, 0xA2, 0xCA, 0x09, 0x5B, 0xCA, 0x09, 0xCB, 0x8A, 0xCA, 0x07, 0x4B, 0xF6, 0xA4, 0xCA, 0x09, 0xD1, 0x92, 0xCA, 0x07, 0x50, 0xF6, 0x9F, 0x7D, 0x97, 0x31, 0x8A, 0x82, 0x82, 0xCA, 0x09, 0xC9,
	0x92, 0x7D, 0x97, 0x0B, 0x8A, 0x82, 0x82, 0xCA, 0x09, 0xD1, 0x9A, 0xCA, 0x09, 0x89, 0x7D, 0x97, 0x0E, 0x8A, 0x82, 0x82, 0xCA, 0x09, 0xC6, 0xA6, 0xD2, 0x01, 0xA2, 0x82, 0xB1, 0x42, 0x69, 0x8F,
	0xCA, 0x09, 0xC6, 0xA6, 0xD2, 0x01, 0xA2, 0x82, 0x3A, 0x83, 0x82, 0x82, 0x42, 0xCA, 0x01, 0x46, 0xA2, 0xD9, 0x41, 0x4E, 0xCA, 0x0B, 0xDE, 0xA6, 0x8A, 0xCA, 0x0B, 0xF6, 0xA6, 0x92, 0xD5, 0xCA,
	0x01, 0x6E, 0xA2, 0xCA, 0x09, 0x5B, 0xCA, 0x07, 0x4B, 0xF6, 0xDD, 0xCA, 0x01, 0xFB, 0x8E, 0x82, 0xF6, 0xDA, 0x01, 0x78, 0x9A, 0xF7, 0xD1, 0x09, 0xC3, 0x8A, 0xB9, 0xC3, 0x96, 0xF5, 0xC9, 0xCA,
	0x09, 0x8B, 0x09, 0x52, 0xC7, 0xB1, 0x42, 0x7D, 0x97, 0xB9, 0x8A, 0x82, 0x82, 0xCA, 0x07, 0x42, 0xF7, 0x8D, 0xCA, 0x09, 0xC6, 0xA6, 0xD2, 0x01, 0xA2, 0x82, 0x3A, 0x83, 0x82, 0x82, 0x42, 0x69,
	0xAC, 0x09, 0xC9, 0x8A, 0xCA, 0x09, 0xF1, 0x8E, 0xCA, 0x09, 0x7A, 0x71, 0x26, 0x72, 0x01, 0x8E, 0xA6, 0x82, 0x09, 0xD1, 0x8A, 0xCA, 0x09, 0x4A, 0x7D, 0x97, 0x80, 0x8A, 0x82, 0x82, 0xCA, 0x09,
	0xC6, 0xA6, 0xD2, 0x01, 0xA2, 0x82, 0xB1, 0x42, 0x69, 0x87, 0x3A, 0x8F, 0x82, 0x82, 0x42, 0xCA, 0x09, 0xDE, 0xA6, 0xB2, 0xCA, 0x09, 0xF6, 0xA6, 0xBA, 0xCA, 0x01, 0x46, 0xA2, 0xDD, 0x41, 0x4E,
	0x7D, 0xA7, 0x98, 0x8A, 0x82, 0x82, 0x7D, 0xA7, 0x4E, 0x85, 0x82, 0x82, 0x7D, 0xA7, 0xEC, 0x85, 0x82, 0x82, 0x7D, 0xA7, 0xF2, 0x85, 0x82, 0x82, 0x7D, 0xA7, 0xF0, 0x85, 0x82, 0x82, 0x7D, 0xA7,
	0xF6, 0x85, 0x82, 0x82, 0x40, 0x82, 0x82, 0x82, 0x82, 0x82, 0x82, 0x82, 0x82, 0x82, 0x82, 0x82, 0x82, 0x82, 0x82, 0x82, 0x82, 0x82, 0x82, 0x82, 0x82, 0x82, 0x82, 0x82, 0x82, 0x82, 0x82, 0x82,
	0x82, 0x82, 0x82, 0x82, 0x82, 0x82, 0x82, 0x82, 0x82, 0x82, 0x82, 0x82, 0x82, 0x82, 0x82, 0x82, 0x82, 0x82, 0x82, 0x82, 0x82, 0x82, 0x82, 0x82, 0x82, 0x82, 0x82, 0x82, 0x82, 0x82, 0x82, 0x82,
	0x82, 0x82, 0x82, 0x82, 0x82, 0x82, 0x82, 0x82, 0x82, 0x82, 0x82, 0x82, 0x82, 0x82, 0x82, 0x82, 0x82, 0x82, 0x82, 0x82, 0x82, 0x82, 0x82, 0x82, 0x82, 0x82, 0x82, 0x82, 0x82, 0x82, 0x82, 0x82,
	0x82, 0x82, 0x82, 0x82, 0x82, 0x82, 0x82, 0x82, 0x82, 0x82, 0x82, 0x82, 0x82, 0x82, 0x82, 0x82, 0x82, 0x82, 0x82, 0x82, 0x82, 0x82, 0x82, 0x82, 0x82, 0x82, 0x82, 0x82, 0x82, 0x82, 0x82, 0x82,
	0x82, 0x82, 0x82, 0x82, 0x82, 0x82, 0x82, 0x82, 0x82, 0x82, 0x82, 0x82, 0x82, 0x82, 0x82, 0x82, 0x82, 0x82, 0x82, 0x82, 0x82, 0x82, 0x82, 0x82, 0x82, 0x82, 0x82, 0x82, 0x82, 0x82, 0x82, 0x82,
	0x82, 0x82, 0x82, 0x82, 0x82, 0x82, 0x82, 0x82, 0x82, 0x82, 0x82, 0x82, 0x82, 0x82, 0x82, 0x82, 0x82, 0x82, 0x82, 0x82, 0x82, 0x82, 0x82, 0x82, 0x82, 0x82, 0x82, 0x82, 0x82, 0x82, 0x82, 0x82,
	0x82, 0x82, 0x82, 0x82, 0x82, 0x82, 0x82, 0x82, 0x82, 0x82, 0x82, 0x82, 0x82, 0x82, 0x82, 0x82, 0x82, 0x82, 0x82, 0x82, 0x82, 0x82, 0x82, 0x82, 0x82, 0x82, 0x82, 0x82, 0x82, 0x82, 0x82, 0x82,
	0x82, 0x82, 0x82, 0x82, 0x82, 0x82, 0x82, 0x82, 0x82, 0x82, 0x82, 0x82, 0x82, 0x82, 0x82, 0x82, 0x82, 0x82, 0x82, 0x82, 0x82, 0x82, 0x82, 0x82, 0x82, 0x82, 0x82, 0x82, 0x82, 0x82, 0x82, 0x82,
	0x82, 0x82, 0x82, 0x82, 0x82, 0x82, 0x82, 0x82, 0x82, 0x82, 0x82, 0x82, 0x82, 0x82, 0x82, 0x82, 0x82, 0x82, 0x82, 0x82, 0x82, 0x82, 0x82, 0x82, 0x82, 0x82, 0x82, 0x82, 0x82, 0x82, 0x82, 0x82,
	0x82, 0x82, 0x82, 0x82, 0x82, 0x82, 0x82, 0x82, 0x82, 0x82, 0x82, 0x82, 0x82, 0x82, 0x82, 0x82, 0x82, 0x82, 0x82, 0x82, 0x82, 0x82, 0x82, 0x82, 0x82, 0x82, 0x82, 0x82, 0x82, 0x82, 0x82, 0x82,
	0x46, 0x9A, 0x82, 0xC2, 0x83, 0x82, 0x82, 0x82, 0xAE, 0xE6, 0x82, 0x82, 0x82, 0x82, 0x82, 0x82, 0x96, 0xE6, 0x82, 0x82, 0x82, 0x82, 0x82, 0x82, 0x82, 0x82, 0x82, 0x82, 0x82, 0x82, 0x82, 0x82,
	0xE6, 0xE6, 0x82, 0x82, 0x82, 0x82, 0x82, 0x82, 0xFA, 0xE6, 0x82, 0x82, 0x82, 0x82, 0x82, 0x82, 0x08, 0xE6, 0x82, 0x82, 0x82, 0x82, 0x82, 0x82, 0x22, 0xE6, 0x82, 0x82, 0x82, 0x82, 0x82, 0x82,
	0x82, 0x82, 0x82, 0x82, 0x82, 0x82, 0x82, 0x82, 0xFA, 0xE1, 0x82, 0x82, 0x82, 0x82, 0x82, 0x82, 0x0C, 0xE1, 0x82, 0x82, 0x82, 0x82, 0x82, 0x82, 0x22, 0xE1, 0x82, 0x82, 0x82, 0x82, 0x82, 0x82,
	0x3A, 0xE1, 0x82, 0x82, 0x82, 0x82, 0x82, 0x82, 0xEA, 0xE1, 0x82, 0x82, 0x82, 0x82, 0x82, 0x82, 0x60, 0xE1, 0x82, 0x82, 0x82, 0x82, 0x82, 0x82, 0x6C, 0xE1, 0x82, 0x82, 0x82, 0x82, 0x82, 0x82,
	0xD4, 0xE1, 0x82, 0x82, 0x82, 0x82, 0x82, 0x82, 0xC4, 0xE1, 0x82, 0x82, 0x82, 0x82, 0x82, 0x82, 0xB2, 0xE1, 0x82, 0x82, 0x82, 0x82, 0x82, 0x82, 0xCE, 0xE6, 0x82, 0x82, 0x82, 0x82, 0x82, 0x82,
	0x92, 0xE1, 0x82, 0x82, 0x82, 0x82, 0x82, 0x82, 0x76, 0xE0, 0x82, 0x82, 0x82, 0x82, 0x82, 0x82, 0x5E, 0xE0, 0x82, 0x82, 0x82, 0x82, 0x82, 0x82, 0x48, 0xE1, 0x82, 0x82, 0x82, 0x82, 0x82, 0x82,
	0x52, 0xE0, 0x82, 0x82, 0x82, 0x82, 0x82, 0x82, 0x82, 0x82, 0x82, 0x82, 0x82, 0x82, 0x82, 0x82, 0x82, 0x82, 0x82, 0x82, 0x82, 0x76, 0xBA, 0xDE, 0x82, 0x82, 0x82, 0x82, 0x80, 0x82, 0x82, 0x82,
	0x0E, 0x82, 0x82, 0x82, 0x36, 0xA3, 0x82, 0x82, 0x36, 0x8D, 0x82, 0x82, 0x82, 0x82, 0x82, 0x82, 0x82, 0x82, 0x82, 0x82, 0x82, 0x82, 0x82, 0x82, 0x82, 0x82, 0x82, 0x82, 0x82, 0x82, 0x82, 0x82,
	0x82, 0x82, 0x82, 0x82, 0x82, 0x82, 0x82, 0x82, 0xC9, 0x82, 0xEF, 0x82, 0xE6, 0x82, 0xE4, 0x82, 0xCE, 0x82, 0xEB, 0x82, 0xE0, 0x82, 0xF0, 0x82, 0xE3, 0x82, 0xF0, 0x82, 0xFB, 0x82, 0x82, 0x82,
	0x16, 0x82, 0x82, 0x82, 0x82, 0x82, 0x82, 0x82, 0x82, 0x82, 0x82, 0x82, 0x82, 0x82, 0x82, 0x82, 0x82, 0x82, 0x82, 0x82, 0x82, 0x82, 0x82, 0x82, 0x82, 0x82, 0x82, 0x82, 0x82, 0x82, 0x82, 0x82,
	0x82, 0x82, 0x82, 0x82, 0x82, 0x82, 0x82, 0x82, 0x82, 0x82, 0x82, 0x82, 0x82, 0x82, 0x82, 0x82, 0x82, 0x82, 0x82, 0x82, 0x82, 0x82, 0x82, 0x82, 0x82, 0x82, 0x82, 0x82, 0x82, 0x82, 0x82, 0x82,
	0x82, 0x82, 0x82, 0x82, 0x82, 0x82, 0x82, 0x82, 0x82, 0x82, 0x82, 0x82, 0x82, 0x82, 0x82, 0x82, 0x82, 0x82, 0x82, 0x82, 0x82, 0x82, 0x82, 0x82, 0xB2, 0xB2, 0x82, 0xC2, 0x83, 0x82, 0x82, 0x82,
	0x82, 0x82, 0x82, 0x82, 0x82, 0x82, 0x82, 0x82, 0x82, 0x82, 0x82, 0x82, 0x82, 0x82, 0x82, 0x82, 0x82, 0xA2, 0x82, 0xC2, 0x83, 0x82, 0x82, 0x82, 0x82, 0x82, 0x82, 0x82, 0x82, 0x82, 0x82, 0x82,
	0x82, 0x82, 0x82, 0x82, 0x82, 0x82, 0x82, 0x82, 0x82, 0x82, 0x82, 0x82, 0x82, 0x82, 0x82, 0x82, 0x82, 0x82, 0x82, 0x82, 0xD0, 0xD1, 0xC6, 0xD1, 0x39, 0x7E, 0x4C, 0x87, 0xF9, 0x36, 0x71, 0xC3,
	0x10, 0x72, 0x00, 0x11, 0xD4, 0x50, 0x79, 0x58, 0x83, 0x82, 0x82, 0x82, 0xC1, 0xB8, 0xDE, 0xD7, 0xF1, 0xE7, 0xF0, 0xF1, 0xDE, 0xC6, 0xED, 0xF1, 0xF1, 0xED, 0xF7, 0xDE, 0xC6, 0xED, 0xE1, 0xF7,
	0xEF, 0xE7, 0xEC, 0xF6, 0xF1, 0xDE, 0xD5, 0xED, 0xF0, 0xE9, 0xEB, 0xEC, 0xE5, 0xC6, 0xEB, 0xF0, 0xE7, 0xE1, 0xF6, 0xED, 0xF0, 0xFB, 0xDE, 0xDD, 0xF1, 0xF5, 0xF6, 0xED, 0xED, 0xEE, 0xF1, 0xE6,
	0xF0, 0xEB, 0xF4, 0xE7, 0xF0, 0xDE, 0xF1, 0xF5, 0xF6, 0xED, 0xED, 0xEE, 0xF1, 0xE6, 0xF0, 0xEB, 0xF4, 0xE7, 0xF0, 0xDE, 0xC6, 0xF0, 0xEB, 0xF4, 0xE7, 0xF0, 0xDE, 0xCD, 0xF7, 0xF6, 0xF2, 0xF7,
	0xF6, 0xDE, 0xFA, 0xB4, 0xB6, 0xDE, 0xD0, 0xE7, 0xEE, 0xE7, 0xE3, 0xF1, 0xE7, 0xDE, 0xF1, 0xF5, 0xF6, 0xED, 0xED, 0xEE, 0xF1, 0xE6, 0xF0, 0xEB, 0xF4, 0xE7, 0xF0, 0xAC, 0xF2, 0xE6, 0xE0, 0x82,
	0x82, 0x82, 0x82, 0x82, 0x82, 0x82, 0x82, 0x82, 0x82, 0x82, 0x82, 0x82, 0x82, 0x82, 0x82, 0x82, 0x82, 0x82, 0x82, 0x82, 0x88, 0x86, 0x81, 0x82, 0x83, 0x94, 0x82, 0x84, 0x86, 0xE0, 0x82, 0x82,
	0x24, 0x9A, 0x82, 0x82, 0x83, 0x82, 0x82, 0x82, 0x39, 0x96, 0x82, 0x82, 0x72, 0x96, 0x82, 0x82, 0x83, 0x82, 0x82, 0x82, 0x72, 0x96, 0x82, 0x82, 0x88, 0x82, 0x82, 0x82, 0x24, 0x9A, 0x82, 0x82,
	0x83, 0x82, 0x82, 0x82, 0x86, 0x97, 0x82, 0x82, 0x9D, 0x97, 0x82, 0x82, 0x83, 0x82, 0x82, 0x82, 0x9D, 0x97, 0x82, 0x82, 0x88, 0x86, 0x81, 0x82, 0x83, 0x94, 0x82, 0x84, 0x86, 0xE0, 0x82, 0x82,
	0x24, 0x9A, 0x82, 0x82, 0x83, 0x82, 0x82, 0x82, 0x71, 0x94, 0x82, 0x82, 0xAA, 0x95, 0x82, 0x82, 0x83, 0x82, 0x82, 0x82, 0xAA, 0x95, 0x82, 0x82, 0x80, 0x84, 0x86, 0x82, 0x80, 0x94, 0x82, 0x84,
	0x84, 0xD0, 0x80, 0xB2, 0x88, 0x97, 0x88, 0x82, 0x81, 0x94, 0x82, 0x84, 0x97, 0xF6, 0x88, 0x82, 0x97, 0xE6, 0x8B, 0x82, 0x97, 0xB6, 0x8A, 0x82, 0x97, 0xD0, 0x93, 0x62, 0x24, 0x9A, 0x82, 0x82,
	0x83, 0x82, 0x82, 0x82, 0x41, 0x91, 0x82, 0x82, 0x15, 0x96, 0x82, 0x82, 0x83, 0x82, 0x82, 0x82, 0x15, 0x96, 0x82, 0x82, 0x88, 0x84, 0x86, 0x82, 0x80, 0x94, 0x82, 0x84, 0x84, 0xB0, 0x80, 0xB2,
	0x24, 0x9A, 0x82, 0x82, 0x83, 0x82, 0x82, 0x82, 0x47, 0x95, 0x82, 0x82, 0x82, 0x9A, 0x82, 0x82, 0x83, 0x82, 0x82, 0x82, 0x82, 0x9A, 0x82, 0x82, 0x80, 0x8D, 0x8A, 0x82, 0x80, 0x94, 0x82, 0x84,
	0x8D, 0xE6, 0x85, 0x82, 0x8D, 0xB6, 0x84, 0x82, 0x8D, 0xB0, 0x89, 0xF2, 0x80, 0x8A, 0x86, 0x82, 0x80, 0x94, 0x82, 0x84, 0x8A, 0x30, 0x86, 0xB2, 0x80, 0x86, 0x81, 0x82, 0x83, 0x94, 0x82, 0x84,
	0x86, 0xC0, 0x82, 0x82, 0x80, 0x88, 0x84, 0x82, 0x80, 0x94, 0x82, 0x84, 0x88, 0xB6, 0x8A, 0x82, 0x88, 0xD0, 0x84, 0xF2, 0x83, 0x86, 0x83, 0x82, 0x86, 0xC0, 0x82, 0x82, 0x83, 0x96, 0x8A, 0x82,
	0x96, 0xE6, 0x8A, 0x82, 0x96, 0xD6, 0x85, 0x82, 0x96, 0xB6, 0x84, 0x82, 0x96, 0xB0, 0x92, 0xF2, 0x83, 0x88, 0x86, 0x82, 0x88, 0xB6, 0x84, 0x82, 0x88, 0xB0, 0x84, 0xF2, 0x83, 0x8D, 0x84, 0x82,
	0x8D, 0xE6, 0x85, 0x82, 0x8D, 0xB6, 0x84, 0x82, 0x8D, 0xB0, 0x89, 0xF2, 0x82, 0x82, 0x82, 0x82, 0x82, 0x82, 0x82, 0x82, 0x82, 0x82, 0x82, 0x82, 0x82, 0x82, 0x82, 0x82, 0x82, 0x82, 0x82, 0x82,
	0x82, 0x82, 0x82, 0x82, 0x82, 0x82, 0x82, 0x82, 0x82, 0x82, 0x82, 0x82, 0x82, 0x82, 0x82, 0x82, 0x82, 0x82, 0x82, 0x82, 0x82, 0x82, 0x82, 0x82, 0x82, 0x82, 0x82, 0x82, 0x82, 0x82, 0x82, 0x82,
	0x82, 0x82, 0x82, 0x82, 0x82, 0x82, 0x82, 0x82, 0x82, 0x82, 0x82, 0x82, 0x82, 0x82, 0x82, 0x82, 0x82, 0x82, 0x82, 0x82, 0x82, 0x82, 0x82, 0x82, 0x82, 0x82, 0x82, 0x82, 0x82, 0x82, 0x82, 0x82,
	0x82, 0x82, 0x82, 0x82, 0x82, 0x82, 0x82, 0x82, 0x82, 0x82, 0x82, 0x82, 0x82, 0x82, 0x82, 0x82, 0x82, 0x82, 0x82, 0x82, 0x82, 0x82, 0x82, 0x82, 0x82, 0x82, 0x82, 0x82, 0x82, 0x82, 0x82, 0x82,
	0xB2, 0x82, 0x82, 0x82, 0x82, 0x82, 0x82, 0x82, 0x8A, 0xA3, 0x82, 0xC2, 0x83, 0x82, 0x82, 0x82, 0x83, 0x82, 0x82, 0x82, 0x8B, 0x82, 0x82, 0x82, 0x32, 0x9F, 0x82, 0x82, 0x0E, 0x83, 0x82, 0x82,
	0x02, 0xB2, 0x82, 0xC2, 0x83, 0x82, 0x82, 0x82, 0x82, 0x82, 0x82, 0x82, 0x82, 0x82, 0x82, 0x82, 0xB0, 0x20, 0x5D, 0xAF, 0x1B, 0xA9, 0x82, 0x82, 0x4F, 0xDF, 0xA2, 0x50, 0xE4, 0x56, 0x7D, 0x7D,
	0x82, 0x82, 0x82, 0x82, 0x82, 0x82, 0x82, 0x82, 0x82, 0x82, 0x82, 0x82, 0x82, 0x82, 0x82, 0x82, 0x82, 0x82, 0x82, 0x82, 0x82, 0x82, 0x82, 0x82, 0xC2, 0xB2, 0x82, 0xC2, 0x83, 0x82, 0x82, 0x82,
	0x82, 0x82, 0x82, 0x82, 0x82, 0x82, 0x82, 0x82, 0x82, 0x82, 0x82, 0x82, 0x82, 0x82, 0x82, 0x82, 0x82, 0x82, 0x82, 0x82, 0x82, 0x82, 0x82, 0x82, 0x82, 0x82, 0x82, 0x82, 0x82, 0x82, 0x82, 0x82,
	0x82, 0x82, 0x82, 0x82, 0x82, 0x82, 0x82, 0x82, 0x82, 0x82, 0x82, 0x82, 0x82, 0x82, 0x82, 0x82, 0x82, 0x82, 0x82, 0x82, 0x82, 0x82, 0x82, 0x82, 0x82, 0x82, 0x82, 0x82, 0x82, 0x82, 0x82, 0x82,
	0x82, 0x82, 0x82, 0x82, 0x82, 0x82, 0x82, 0x82, 0x82, 0x82, 0x82, 0x82, 0x82, 0x82, 0x82, 0x82, 0x82, 0x82, 0x82, 0x82, 0x82, 0x82, 0x82, 0x82, 0x82, 0x82, 0x82, 0x82, 0x82, 0x82, 0x82, 0x82,
	0x82, 0x82, 0x82, 0x82, 0x82, 0x82, 0x82, 0x82, 0x82, 0x82, 0x82, 0x82, 0x82, 0x82, 0x82, 0x82, 0x82, 0x82, 0x82, 0x82, 0x82, 0x82, 0x82, 0x82, 0x82, 0x82, 0x82, 0x82, 0x82, 0x82, 0x82, 0x82,
	0x82, 0x82, 0x82, 0x82, 0x82, 0x82, 0x82, 0x82, 0x82, 0x82, 0x82, 0x82, 0x82, 0x82, 0x82, 0x82, 0x82, 0x82, 0x82, 0x82, 0x82, 0x82, 0x82, 0x82, 0x82, 0x82, 0x82, 0x82, 0x82, 0x82, 0x82, 0x82,
	0x82, 0x82, 0x82, 0x82, 0x82, 0x82, 0x82, 0x82, 0x82, 0x82, 0x82, 0x82, 0x82, 0x82, 0x82, 0x82, 0x82, 0x82, 0x82, 0x82, 0x82, 0x82, 0x82, 0x82, 0x82, 0x82, 0x82, 0x82, 0x82, 0x82, 0x82, 0x82,
	0x82, 0x82, 0x82, 0x82, 0x82, 0x82, 0x82, 0x82, 0x82, 0x82, 0x82, 0x82, 0x82, 0x82, 0x82, 0x82, 0x82, 0x82, 0x82, 0x82, 0x82, 0x82, 0x82, 0x82, 0x82, 0x82, 0x82, 0x82, 0x82, 0x82, 0x82, 0x82,
	0x82, 0x82, 0x82, 0x82, 0x82, 0x82, 0x82, 0x82, 0x82, 0x82, 0x82, 0x82, 0x82, 0x82, 0x82, 0x82, 0x82, 0x82, 0x82, 0x82, 0x82, 0x82, 0x82, 0x82, 0x82, 0x82, 0x82, 0x82, 0x82, 0x82, 0x82, 0x82,
	0x82, 0x82, 0x82, 0x82, 0x82, 0x82, 0x82, 0x82, 0x82, 0x82, 0x82, 0x82, 0x82, 0x82, 0x82, 0x82, 0x82, 0x82, 0x82, 0x82, 0x82, 0x82, 0x82, 0x82, 0x82, 0x82, 0x82, 0x82, 0x82, 0x82, 0x82, 0x82,
	0x82, 0x82, 0x82, 0x82, 0x82, 0x82, 0x82, 0x82, 0x82, 0x82, 0x82, 0x82, 0x82, 0x82, 0x82, 0x82, 0x82, 0x82, 0x82, 0x82, 0x82, 0x82, 0x82, 0x82, 0x82, 0x82, 0x82, 0x82, 0x82, 0x82, 0x82, 0x82,
	0x82, 0x82, 0x82, 0x82, 0x82, 0x82, 0x82, 0x82, 0x82, 0x82, 0x82, 0x82, 0x82, 0x82, 0x82, 0x82, 0x82, 0x82, 0x82, 0x82, 0x82, 0x82, 0x82, 0x82, 0x82, 0x82, 0x82, 0x82, 0x82, 0x82, 0x82, 0x82,
	0x82, 0x82, 0x82, 0x82, 0x82, 0x82, 0x82, 0x82, 0x82, 0x82, 0x82, 0x82, 0x82, 0x82, 0x82, 0x82, 0x82, 0x82, 0x82, 0x82, 0x82, 0x82, 0x82, 0x82, 0x82, 0x82, 0x82, 0x82, 0x82, 0x82, 0x82, 0x82,
	0x82, 0x82, 0x82, 0x82, 0x82, 0x82, 0x82, 0x82, 0x82, 0x82, 0x82, 0x82, 0x82, 0x82, 0x82, 0x82, 0x82, 0x82, 0x82, 0x82, 0x82, 0x82, 0x82, 0x82, 0x82, 0x82, 0x82, 0x82, 0x82, 0x82, 0x82, 0x82,
	0x82, 0x92, 0x82, 0x82, 0xAC, 0x92, 0x82, 0x82, 0xD6, 0xA1, 0x82, 0x82, 0xBA, 0x92, 0x82, 0x82, 0xDD, 0x92, 0x82, 0x82, 0xD6, 0xA1, 0x82, 0x82, 0xE2, 0x92, 0x82, 0x82, 0x00, 0x93, 0x82, 0x82,
	0xDE, 0xA1, 0x82, 0x82, 0x06, 0x93, 0x82, 0x82, 0x2C, 0x93, 0x82, 0x82, 0xF2, 0xA1, 0x82, 0x82, 0x32, 0x93, 0x82, 0x82, 0xA5, 0x90, 0x82, 0x82, 0xF2, 0xA1, 0x82, 0x82, 0xAA, 0x90, 0x82, 0x82,
	0x2F, 0x90, 0x82, 0x82, 0xFE, 0xA1, 0x82, 0x82, 0x32, 0x90, 0x82, 0x82, 0x96, 0x91, 0x82, 0x82, 0xF2, 0xA1, 0x82, 0x82, 0x2A, 0x91, 0x82, 0x82, 0x30, 0x96, 0x82, 0x82, 0x46, 0xA0, 0x82, 0x82,
	0x36, 0x96, 0x82, 0x82, 0x80, 0x97, 0x82, 0x82, 0xD6, 0xA0, 0x82, 0x82, 0x86, 0x97, 0x82, 0x82, 0xAF, 0x97, 0x82, 0x82, 0xFA, 0xA0, 0x82, 0x82, 0xB2, 0x97, 0x82, 0x82, 0x1B, 0x97, 0x82, 0x82,
	0x3A, 0xA0, 0x82, 0x82, 0x1E, 0x97, 0x82, 0x82, 0x8D, 0x94, 0x82, 0x82, 0x3A, 0xA0, 0x82, 0x82, 0x92, 0x94, 0x82, 0x82, 0xF5, 0x94, 0x82, 0x82, 0x3A, 0xA0, 0x82, 0x82, 0xFA, 0x94, 0x82, 0x82,
	0x6B, 0x94, 0x82, 0x82, 0x3A, 0xA0, 0x82, 0x82, 0x6E, 0x94, 0x82, 0x82, 0xB8, 0x95, 0x82, 0x82, 0x16, 0xA0, 0x82, 0x82, 0xBE, 0x95, 0x82, 0x82, 0x3E, 0x95, 0x82, 0x82, 0x9A, 0xA1, 0x82, 0x82,
	0x3E, 0x95, 0x82, 0x82, 0x91, 0x9A, 0x82, 0x82, 0x76, 0xA0, 0x82, 0x82, 0x96, 0x9A, 0x82, 0x82, 0x1D, 0x9A, 0x82, 0x82, 0x9A, 0xA1, 0x82, 0x82, 0x82, 0xD2, 0x82, 0x82, 0x9D, 0xD2, 0x82, 0x82,
	0xBA, 0xA1, 0x82, 0x82, 0xA2, 0xD2, 0x82, 0x82, 0x14, 0xD0, 0x82, 0x82, 0xC6, 0xA1, 0x82, 0x82, 0x1A, 0xD0, 0x82, 0x82, 0x51, 0xD0, 0x82, 0x82, 0x3A, 0xA0, 0x82, 0x82, 0x82, 0xE2, 0x82, 0x82,
	0x3C, 0xE2, 0x82, 0x82, 0xAE, 0xA1, 0x82, 0x82, 0x82, 0x82, 0x82, 0x82, 0x82, 0x82, 0x82, 0x82, 0x82, 0x82, 0x82, 0x82, 0x82, 0x82, 0x82, 0x82, 0x82, 0x82, 0x82, 0x82, 0x82, 0x82, 0x82, 0x82,
	0x82, 0x82, 0x82, 0x82, 0x82, 0x82, 0x82, 0x82, 0x82, 0x82, 0x82, 0x82, 0x82, 0x82, 0x82, 0x82, 0x82, 0x82, 0x82, 0x82, 0x82, 0x82, 0x82, 0x82, 0x82, 0x82, 0x82, 0x82, 0x82, 0x82, 0x82, 0x82,
	0x82, 0x82, 0x82, 0x82, 0x82, 0x82, 0x82, 0x82, 0x82, 0x82, 0x82, 0x82, 0x82, 0x82, 0x82, 0x82, 0x82, 0x82, 0x82, 0x82, 0x82, 0x82, 0x82, 0x82, 0x82, 0x82, 0x82, 0x82, 0x82, 0x82, 0x82, 0x82,
	0x82, 0x82, 0x82, 0x82, 0x82, 0x82, 0x82, 0x82, 0x82, 0x82, 0x82, 0x82, 0x82, 0x82, 0x82, 0x82, 0x82, 0x82, 0x82, 0x82, 0x82, 0x82, 0x82, 0x82, 0x82, 0x82, 0x82, 0x82, 0x82, 0x82, 0x82, 0x82,
	0x82, 0x82, 0x82, 0x82, 0x82, 0x82, 0x82, 0x82, 0x82, 0x82, 0x82, 0x82, 0x82, 0x82, 0x82, 0x82, 0x82, 0x82, 0x82, 0x82, 0x82, 0x82, 0x82, 0x82, 0x82, 0x82, 0x82, 0x82, 0x82, 0x82, 0x82, 0x82,
	0x82, 0x82, 0x82, 0x82, 0x82, 0x82, 0x82, 0x82, 0x82, 0x82, 0x82, 0x82, 0x82, 0x82, 0x82, 0x82, 0x82, 0x82, 0x82, 0x82, 0x82, 0x82, 0x82, 0x82, 0x82, 0x82, 0x82, 0x82, 0x82, 0x82, 0x82, 0x82,
	0x82, 0x82, 0x82, 0x82, 0x82, 0x82, 0x82, 0x82, 0x82, 0x82, 0x82, 0x82, 0x82, 0x82, 0x82, 0x82, 0x82, 0x82, 0x82, 0x82, 0x82, 0x82, 0x82, 0x82, 0x82, 0x82, 0x82, 0x82, 0x82, 0x82, 0x82, 0x82,
	0x82, 0x82, 0x82, 0x82, 0x82, 0x82, 0x82, 0x82, 0x82, 0x82, 0x82, 0x82, 0x82, 0x82, 0x82, 0x82, 0x82, 0x82, 0x82, 0x82, 0x82, 0x82, 0x82, 0x82, 0x82, 0x82, 0x82, 0x82, 0x82, 0x82, 0x82, 0x82,
	0xCA, 0x01, 0x6E, 0xAA, 0x01, 0xE0, 0xB2, 0x82, 0xCA, 0x01, 0xE0, 0xBA, 0x82, 0xCA, 0x09, 0x48, 0xB1, 0x50, 0x7D, 0x97, 0xB2, 0x52, 0x7D, 0x7D, 0xB1, 0x42, 0xCA, 0x01, 0x46, 0xAA, 0x41, 0x4E,
	0xCA, 0x0B, 0xDE, 0xA6, 0x8A, 0xD5, 0xCA, 0x01, 0x6E, 0xB2, 0xCA, 0x09, 0x00, 0x3A, 0x82, 0x82, 0x82, 0xCE, 0x0F, 0xC0, 0xBA, 0xCA, 0x09, 0x78, 0xCB, 0x01, 0xA2, 0x82, 0xC6, 0x09, 0xD2, 0x92,
	0xC6, 0x09, 0xCA, 0x8A, 0x39, 0x80, 0x82, 0x82, 0x42, 0xC7, 0x07, 0x50, 0x8D, 0x06, 0xAB, 0x80, 0x82, 0x82, 0xC7, 0x07, 0x4B, 0x8D, 0x06, 0xA2, 0x80, 0x82, 0x82, 0x09, 0xCA, 0x9A, 0x3A, 0x8E,
	0xE3, 0xC2, 0x1E, 0xB9, 0x4A, 0x8D, 0x05, 0x9E, 0x83, 0x82, 0x82, 0x8D, 0x06, 0x7F, 0x82, 0x82, 0x82, 0x3A, 0x46, 0xE2, 0xC2, 0x1E, 0xB9, 0x4A, 0x8D, 0x05, 0x1A, 0x82, 0x82, 0x82, 0x8D, 0x06,
	0x25, 0x82, 0x82, 0x82, 0x03, 0x7B, 0x82, 0xA2, 0xC2, 0x1E, 0xF6, 0xF0, 0x03, 0x7B, 0x06, 0xA2, 0xC2, 0x1E, 0xF6, 0xD3, 0x03, 0x7B, 0x0A, 0xA2, 0xC2, 0x1E, 0xF6, 0xB2, 0x03, 0x7B, 0x0E, 0xA2,
	0xC2, 0x1E, 0xF6, 0x8D, 0x03, 0x7B, 0x12, 0xA2, 0xC2, 0x1E, 0x8D, 0x07, 0xEE, 0x83, 0x82, 0x82, 0x76, 0x69, 0xDE, 0xCA, 0x09, 0xC8, 0x9A, 0xCE, 0x0B, 0xC6, 0xA6, 0xA2, 0xC3, 0x09, 0x50, 0xCE,
	0x09, 0x43, 0x6A, 0xA7, 0x44, 0x7D, 0x7D, 0x6B, 0x2F, 0x83, 0x82, 0x82, 0xCA, 0x09, 0xC8, 0x9A, 0xCE, 0x0B, 0xC6, 0xA6, 0xA2, 0xC3, 0x09, 0x50, 0xCE, 0x09, 0x43, 0x6A, 0xA6, 0x46, 0x7D, 0x7D,
	0x6B, 0x16, 0x83, 0x82, 0x82, 0xCA, 0x09, 0xC8, 0x9A, 0xCE, 0x0B, 0xC6, 0xA6, 0xA2, 0xC3, 0x09, 0x50, 0xCE, 0x09, 0x43, 0x6A, 0x39, 0x41, 0x7D, 0x7D, 0x6B, 0xF9, 0x83, 0x82, 0x82, 0xCA, 0x09,
	0xC0, 0x9A, 0x45, 0x82, 0x82, 0x82, 0x82, 0x83, 0xCB, 0x45, 0x82, 0x86, 0x82, 0x82, 0x82, 0xB1, 0x59, 0x6B, 0xE7, 0x83, 0x82, 0x82, 0x0F, 0x03, 0xB6, 0x1D, 0x3D, 0xE1, 0x2B, 0x71, 0x7D, 0x7D,
	0x7D, 0xF7, 0xA4, 0x03, 0x7B, 0x5A, 0xE2, 0xC2, 0x1E, 0xF6, 0x9C, 0xCA, 0x09, 0xD0, 0x9A, 0xCE, 0x0B, 0xC6, 0xA6, 0xAA, 0xC6, 0x0B, 0xCE, 0xA6, 0xA2, 0xCE, 0x09, 0x48, 0xC7, 0x09, 0x40, 0x6A,
	0x52, 0x43, 0x7D, 0x7D, 0x6B, 0xB2, 0x83, 0x82, 0x82, 0x03, 0x7B, 0x86, 0xE3, 0xC2, 0x1E, 0x8D, 0x07, 0x45, 0x82, 0x82, 0x82, 0xCA, 0x09, 0xC8, 0x9A, 0xCE, 0x0B, 0xC6, 0xA6, 0xA2, 0xC3, 0x09,
	0x50, 0xCE, 0x09, 0x43, 0x6A, 0xBD, 0x40, 0x7D, 0x7D, 0x6B, 0x89, 0x83, 0x82, 0x82, 0xCA, 0x09, 0xC8, 0x9A, 0xCE, 0x0B, 0xC6, 0xA6, 0xA2, 0xC3, 0x09, 0x50, 0xCE, 0x09, 0x43, 0x6A, 0x38, 0x47,
	0x7D, 0x7D, 0x6B, 0x70, 0x82, 0x82, 0x82, 0x3A, 0x8A, 0x23, 0xC2, 0x1E, 0xB9, 0x4A, 0xF5, 0xEE, 0xF6, 0xD6, 0x03, 0x7B, 0xC6, 0xE3, 0xC2, 0x1E, 0xF6, 0xB1, 0x0F, 0x03, 0xBA, 0xDD, 0x3D, 0xE1,
	0x01, 0x7A, 0x9A, 0xF5, 0xF5, 0x38, 0x83, 0x82, 0x93, 0x83, 0x8D, 0x21, 0x40, 0xF1, 0xEF, 0xCA, 0x09, 0xD5, 0x9A, 0xCE, 0x0B, 0xC6, 0xA6, 0xAA, 0xC6, 0x0B, 0xCE, 0xA6, 0xA2, 0xCE, 0x09, 0x48,
	0xC7, 0x09, 0x40, 0x6A, 0x1E, 0x43, 0x7D, 0x7D, 0x6B, 0x2E, 0x82, 0x82, 0x82, 0xCA, 0x09, 0xC8, 0x9A, 0xCE, 0x0B, 0xC6, 0xA6, 0xA2, 0xC3, 0x09, 0x50, 0xCE, 0x09, 0x43, 0x6A, 0x39, 0x41, 0x7D,
	0x7D, 0x6B, 0x11, 0x82, 0x82, 0x82, 0xCA, 0x09, 0xC8, 0x9A, 0xCE, 0x0B, 0xC6, 0xA6, 0xA2, 0xC3, 0x09, 0x50, 0xCE, 0x09, 0x43, 0x6A, 0x40, 0x47, 0x7D, 0x7D, 0x69, 0xFF, 0x03, 0x7B, 0x92, 0x23,
	0xC2, 0x1E, 0xF6, 0xE3, 0x03, 0x7B, 0xCA, 0x23, 0xC2, 0x1E, 0xF6, 0xC1, 0x03, 0x7B, 0xCE, 0x23, 0xC2, 0x1E, 0xF6, 0xA7, 0x03, 0x7B, 0xD2, 0x23, 0xC2, 0x1E, 0xF6, 0x85, 0x39, 0x92, 0x82, 0x82,
	0x42, 0x69, 0xDA, 0xCA, 0x09, 0xC8, 0x9A, 0xCE, 0x0B, 0xC6, 0xA6, 0xA2, 0xC3, 0x09, 0x50, 0xCE, 0x09, 0x43, 0x6A, 0x5B, 0x41, 0x7D, 0x7D, 0x69, 0xC2, 0xCA, 0x09, 0xC8, 0x9A, 0xCE, 0x0B, 0xC6,
	0xA6, 0xA2, 0xC3, 0x09, 0x50, 0xCE, 0x09, 0x43, 0x6A, 0x61, 0x40, 0x7D, 0x7D, 0x69, 0xA8, 0xCA, 0x09, 0xC8, 0x9A, 0xCE, 0x0B, 0xC6, 0xA6, 0xA2, 0xC3, 0x09, 0x50, 0xCE, 0x09, 0x43, 0x6A, 0x97,
	0x46, 0x7D, 0x7D, 0x69, 0x96, 0xCA, 0x09, 0xC8, 0x9A, 0xCE, 0x0B, 0xC6, 0xA6, 0xA2, 0xC3, 0x09, 0x50, 0xCE, 0x09, 0x43, 0x6A, 0x19, 0x47, 0x7D, 0x7D, 0x09, 0x5A, 0xB1, 0x50, 0xCA, 0x09, 0x4D,
	0x0B, 0xDD, 0xB2, 0x7D, 0x97, 0x3D, 0x4F, 0x7D, 0x7D, 0x09, 0x41, 0xCA, 0x09, 0xDE, 0xA6, 0xC2, 0xCA, 0x01, 0x46, 0xB2, 0xDD, 0x41, 0x4E, 0x4E, 0xC2, 0xD1, 0xCA, 0x01, 0x6E, 0xB2, 0xCA, 0x09,
	0xDB, 0x8A, 0xCA, 0x0F, 0x97, 0xB5, 0x82, 0x82, 0x82, 0xCA, 0x0F, 0xCE, 0xA6, 0xA2, 0x7D, 0x97, 0x7E, 0x4F, 0x7D, 0x7D, 0xCA, 0x0F, 0xCE, 0xA6, 0xA2, 0x7D, 0x97, 0x7B, 0x4F, 0x7D, 0x7D, 0xCA,
	0x07, 0x59, 0xF6, 0x8B, 0xCA, 0x09, 0x49, 0x7D, 0x97, 0x11, 0x4F, 0x7D, 0x7D, 0xCA, 0x01, 0x46, 0xB2, 0xD9, 0x41, 0x4E, 0x4E, 0x4E, 0x4E, 0x4E, 0x4E, 0x4E, 0x4E, 0x4E, 0x4E, 0x4E, 0x4E, 0x4E,
	0xDE, 0x82, 0xC6, 0x82, 0xED, 0x82, 0xF1, 0x82, 0xC6, 0x82, 0xE7, 0x82, 0xF4, 0x82, 0xEB, 0x82, 0xE1, 0x82, 0xE7, 0x82, 0xF1, 0x82, 0xDE, 0x82, 0xCA, 0x82, 0xD2, 0x82, 0xDD, 0x82, 0xD5, 0x82,
	0xC9, 0x82, 0xD1, 0x82, 0xDD, 0x82, 0xD1, 0x82, 0xD5, 0x82, 0xD6, 0x82, 0xCD, 0x82, 0xCD, 0x82, 0xCE, 0x82, 0xD1, 0x82, 0xDD, 0x82, 0xC6, 0x82, 0xD0, 0x82, 0xCB, 0x82, 0xD4, 0x82, 0xC7, 0x82,
	0xD0, 0x82, 0x82, 0x82, 0x82, 0x82, 0x82, 0x82, 0x82, 0x82, 0x82, 0x82, 0x82, 0x82, 0x82, 0x82, 0x82, 0x82, 0x82, 0x82, 0x82, 0x82, 0x82, 0x82, 0x82, 0x82, 0x82, 0x82, 0x82, 0x82, 0x82, 0x82,
	0x82, 0x82, 0x82, 0x82, 0x82, 0x82, 0x82, 0x82, 0x82, 0x82, 0x82, 0x82, 0x82, 0x82, 0x82, 0x82, 0x82, 0x82, 0x82, 0x82, 0x82, 0x82, 0x82, 0x82, 0x82, 0x82, 0x82, 0x82, 0x82, 0x82, 0x82, 0x82,
	0x82, 0x82, 0x82, 0x82, 0x82, 0x82, 0x82, 0x82, 0x82, 0x82, 0x82, 0x82, 0x82, 0x82, 0x82, 0x82, 0x82, 0x82, 0x82, 0x82, 0x82, 0x82, 0x82, 0x82, 0x82, 0x82, 0x82, 0x82, 0x82, 0x82, 0x82, 0x82,
	0x82, 0x82, 0x82, 0x82, 0x82, 0x82, 0x82, 0x82, 0x82, 0x82, 0x82, 0x82, 0x82, 0x82, 0x82, 0x82, 0x82, 0x82, 0x82, 0x82, 0x82, 0x82, 0x82, 0x82, 0x82, 0x82, 0x82, 0x82, 0x82, 0x82, 0x82, 0x82,
	0x82, 0x82, 0x82, 0x82, 0x82, 0x82, 0x82, 0x82, 0x82, 0x82, 0x82, 0x82, 0x82, 0x82, 0x82, 0x82, 0x82, 0x82, 0x82, 0x82, 0x82, 0x82, 0x82, 0x82, 0x82, 0x82, 0x82, 0x82, 0x82, 0x82, 0x82, 0x82,
	0x82, 0x82, 0x82, 0x82, 0x82, 0x82, 0x82, 0x82, 0x82, 0x82, 0x82, 0x82, 0x82, 0x82, 0x82, 0x82, 0x82, 0x82, 0x82, 0x82, 0x82, 0x82, 0x82, 0x82, 0x82, 0x82, 0x82, 0x82, 0x82, 0x82, 0x82, 0x82,
	0x82, 0x82, 0x82, 0x82, 0x82, 0x82, 0x82, 0x82, 0x82, 0x82, 0x82, 0x82, 0x82, 0x82, 0x82, 0x82, 0x82, 0x82, 0x82, 0x82, 0x82, 0x82, 0x82, 0x82, 0x82, 0x82, 0x82, 0x82, 0x82, 0x82, 0x82, 0x82,
	0xCA, 0x09, 0x46, 0xD1, 0xCA, 0x01, 0x6E, 0xE2, 0xCA, 0x01, 0xE2, 0x9A, 0x82, 0xCA, 0x09, 0x5B, 0xCA, 0x0F, 0x97, 0x9B, 0x83, 0x82, 0x82, 0xCA, 0x0F, 0xCA, 0x5A, 0x7D, 0x97, 0x0D, 0x42, 0x7D,
	0x7D, 0xCA, 0x0F, 0x06, 0xA6, 0x02, 0x82, 0x82, 0x82, 0xCE, 0x0F, 0xC6, 0xA6, 0xC2, 0xCA, 0x0B, 0xC6, 0xA6, 0xB2, 0xC3, 0x3B, 0xA0, 0x82, 0x82, 0x82, 0xB1, 0x50, 0xCA, 0x09, 0x49, 0x44, 0xC6,
	0xA6, 0xAA, 0x82, 0x45, 0xC6, 0xA6, 0xA2, 0x82, 0x83, 0x82, 0x82, 0x7D, 0x97, 0x7D, 0x3D, 0x7D, 0x7D, 0x07, 0x42, 0xFA, 0xE1, 0xCA, 0x0F, 0x87, 0x26, 0x6D, 0x7D, 0x7D, 0xCA, 0x0F, 0x97, 0x8F,
	0x83, 0x82, 0x82, 0xCA, 0x0F, 0xCE, 0xA6, 0xD2, 0xCA, 0x0B, 0xC1, 0xF2, 0xCA, 0x0B, 0x01, 0x02, 0x82, 0x82, 0x82, 0xCA, 0x0F, 0x87, 0x24, 0x6D, 0x7D, 0x7D, 0xCA, 0x0B, 0x01, 0x62, 0x82, 0x82,
	0x82, 0xCA, 0x0F, 0x87, 0x92, 0x70, 0x7D, 0x7D, 0xCA, 0x0B, 0xC1, 0xEA, 0x7D, 0x97, 0x9C, 0x42, 0x7D, 0x7D, 0xCA, 0x0F, 0xD6, 0xA6, 0xC2, 0xCA, 0x0F, 0xCE, 0xA6, 0xD2, 0x7D, 0x97, 0x34, 0x3D,
	0x7D, 0x7D, 0x09, 0x5A, 0x07, 0x42, 0xFB, 0x8C, 0xCA, 0x09, 0x0E, 0xA6, 0x02, 0x82, 0x82, 0x82, 0x7D, 0x97, 0x28, 0x3D, 0x7D, 0x7D, 0x09, 0x41, 0xCA, 0x01, 0x46, 0xE2, 0xD9, 0x41, 0x4E, 0x4E,
	0xCA, 0x09, 0x87, 0xEB, 0x4D, 0x7D, 0x7D, 0xC7, 0xB1, 0x4B, 0xCB, 0x3A, 0xB0, 0x20, 0x5D, 0xAF, 0x1B, 0xA9, 0x82, 0x82, 0xCA, 0x07, 0x42, 0xF6, 0x87, 0xCB, 0xB9, 0x42, 0xF7, 0xBA, 0x8D, 0xB3,
	0xCA, 0x43, 0x60, 0xA2, 0xCA, 0x0F, 0x8F, 0xC7, 0x4D, 0x7D, 0x7D, 0xCA, 0x89, 0x40, 0xCA, 0xB1, 0x43, 0xCA, 0x0B, 0x87, 0xBA, 0x4D, 0x7D, 0x7D, 0xE4, 0xC6, 0x0B, 0x8F, 0xB4, 0x4D, 0x7D, 0x7D,
	0xCA, 0x09, 0x87, 0xAB, 0x4D, 0x7D, 0x7D, 0xCA, 0x07, 0x42, 0xF7, 0x88, 0xCB, 0x09, 0x42, 0xCA, 0x0B, 0x87, 0x98, 0x4D, 0x7D, 0x7D, 0xCA, 0x75, 0x52, 0xCA, 0x0B, 0x87, 0x9A, 0x4D, 0x7D, 0x7D,
	0x41, 0x4E, 0x4E, 0x4E, 0x4E, 0x4E, 0x4E, 0x4E, 0x4E, 0x4E, 0x4E, 0x4E, 0x4E, 0x4E, 0x4E, 0x4E, 0xDE, 0x82, 0xC6, 0x82, 0xE7, 0x82, 0xF4, 0x82, 0xEB, 0x82, 0xE1, 0x82, 0xE7, 0x82, 0xDE, 0x82,
	0xCA, 0x82, 0xD2, 0x82, 0xDD, 0x82, 0xD5, 0x82, 0xC9, 0x82, 0xD1, 0x82, 0xDD, 0x82, 0xD1, 0x82, 0xD5, 0x82, 0xD6, 0x82, 0xCD, 0x82, 0xCD, 0x82, 0xCE, 0x82, 0xD1, 0x82, 0xDD, 0x82, 0xC6, 0x82,
	0xD0, 0x82, 0xCB, 0x82, 0xD4, 0x82, 0xC7, 0x82, 0xD0, 0x82, 0x82, 0x82, 0x4E, 0x4E, 0x4E, 0x4E, 0xDE, 0x82, 0xC6, 0x82, 0xED, 0x82, 0xF1, 0x82, 0xC6, 0x82, 0xE7, 0x82, 0xF4, 0x82, 0xEB, 0x82,
	0xE1, 0x82, 0xE7, 0x82, 0xF1, 0x82, 0xDE, 0x82, 0xCA, 0x82, 0xD2, 0x82, 0xDD, 0x82, 0xD5, 0x82, 0xC9, 0x82, 0xD1, 0x82, 0xDD, 0x82, 0xD1, 0x82, 0xD5, 0x82, 0xD6, 0x82, 0xCD, 0x82, 0xCD, 0x82,
	0xCE, 0x82, 0xD1, 0x82, 0xDD, 0x82, 0xC6, 0x82, 0xD0, 0x82, 0xCB, 0x82, 0xD4, 0x82, 0xC7, 0x82, 0xD0, 0x82, 0x82, 0x82, 0xCA, 0xE0, 0x82, 0x82, 0x82, 0x82, 0x82, 0x82, 0x82, 0x82, 0x82, 0x82,
	0x84, 0xE6, 0x82, 0x82, 0xCA, 0xA2, 0x82, 0x82, 0x8A, 0xE0, 0x82, 0x82, 0x82, 0x82, 0x82, 0x82, 0x82, 0x82, 0x82, 0x82, 0xC6, 0xE6, 0x82, 0x82, 0x8A, 0xA2, 0x82, 0x82, 0xA2, 0xE0, 0x82, 0x82,
	0x82, 0x82, 0x82, 0x82, 0x82, 0x82, 0x82, 0x82, 0x3A, 0xE6, 0x82, 0x82, 0xA2, 0xA2, 0x82, 0x82, 0x82, 0x82, 0x82, 0x82, 0x82, 0x82, 0x82, 0x82, 0x82, 0x82, 0x82, 0x82, 0x82, 0x82, 0x82, 0x82,
	0x82, 0x82, 0x82, 0x82, 0x82, 0x82, 0x82, 0x82, 0xAE, 0xE6, 0x82, 0x82, 0x82, 0x82, 0x82, 0x82, 0x96, 0xE6, 0x82, 0x82, 0x82, 0x82, 0x82, 0x82, 0x82, 0x82, 0x82, 0x82, 0x82, 0x82, 0x82, 0x82,
	0xE6, 0xE6, 0x82, 0x82, 0x82, 0x82, 0x82, 0x82, 0xFA, 0xE6, 0x82, 0x82, 0x82, 0x82, 0x82, 0x82, 0x08, 0xE6, 0x82, 0x82, 0x82, 0x82, 0x82, 0x82, 0x22, 0xE6, 0x82, 0x82, 0x82, 0x82, 0x82, 0x82,
	0x82, 0x82, 0x82, 0x82, 0x82, 0x82, 0x82, 0x82, 0xFA, 0xE1, 0x82, 0x82, 0x82, 0x82, 0x82, 0x82, 0x0C, 0xE1, 0x82, 0x82, 0x82, 0x82, 0x82, 0x82, 0x22, 0xE1, 0x82, 0x82, 0x82, 0x82, 0x82, 0x82,
	0x3A, 0xE1, 0x82, 0x82, 0x82, 0x82, 0x82, 0x82, 0xEA, 0xE1, 0x82, 0x82, 0x82, 0x82, 0x82, 0x82, 0x60, 0xE1, 0x82, 0x82, 0x82, 0x82, 0x82, 0x82, 0x6C, 0xE1, 0x82, 0x82, 0x82, 0x82, 0x82, 0x82,
	0xD4, 0xE1, 0x82, 0x82, 0x82, 0x82, 0x82, 0x82, 0xC4, 0xE1, 0x82, 0x82, 0x82, 0x82, 0x82, 0x82, 0xB2, 0xE1, 0x82, 0x82, 0x82, 0x82, 0x82, 0x82, 0xCE, 0xE6, 0x82, 0x82, 0x82, 0x82, 0x82, 0x82,
	0x92, 0xE1, 0x82, 0x82, 0x82, 0x82, 0x82, 0x82, 0x76, 0xE0, 0x82, 0x82, 0x82, 0x82, 0x82, 0x82, 0x5E, 0xE0, 0x82, 0x82, 0x82, 0x82, 0x82, 0x82, 0x48, 0xE1, 0x82, 0x82, 0x82, 0x82, 0x82, 0x82,
	0x52, 0xE0, 0x82, 0x82, 0x82, 0x82, 0x82, 0x82, 0x82, 0x82, 0x82, 0x82, 0x82, 0x82, 0x82, 0x82, 0x81, 0x8A, 0xEF, 0xE7, 0xEF, 0xE1, 0xF2, 0xFB, 0xDD, 0xF1, 0x82, 0x82, 0x38, 0x87, 0xD0, 0xF6,
	0xEE, 0xCB, 0xEC, 0xEB, 0xF6, 0xD7, 0xEC, 0xEB, 0xE1, 0xED, 0xE6, 0xE7, 0xD1, 0xF6, 0xF0, 0xEB, 0xEC, 0xE5, 0x82, 0x82, 0x2F, 0x81, 0xCF, 0xEF, 0xC0, 0xF7, 0xEB, 0xEE, 0xE6, 0xCF, 0xE6, 0xEE,
	0xC4, 0xED, 0xF0, 0xCC, 0xED, 0xEC, 0xD2, 0xE3, 0xE5, 0xE7, 0xE6, 0xD2, 0xED, 0xED, 0xEE, 0x82, 0x52, 0x81, 0xCF, 0xEF, 0xCF, 0xE3, 0xF2, 0xCE, 0xED, 0xE1, 0xE9, 0xE7, 0xE6, 0xD2, 0xE3, 0xE5,
	0xE7, 0xF1, 0xD1, 0xF2, 0xE7, 0xE1, 0xEB, 0xE4, 0xFB, 0xC1, 0xE3, 0xE1, 0xEA, 0xE7, 0x82, 0x82, 0x6C, 0x81, 0xCF, 0xEF, 0xD7, 0xEC, 0xEF, 0xE3, 0xF2, 0xCE, 0xED, 0xE1, 0xE9, 0xE7, 0xE6, 0xD2,
	0xE3, 0xE5, 0xE7, 0xF1, 0x82, 0x82, 0x4C, 0x81, 0xCF, 0xEF, 0xCF, 0xE3, 0xF2, 0xCB, 0xED, 0xD1, 0xF2, 0xE3, 0xE1, 0xE7, 0x82, 0x82, 0x6F, 0x81, 0xCF, 0xEF, 0xD7, 0xEC, 0xEF, 0xE3, 0xF2, 0xCB,
	0xED, 0xD1, 0xF2, 0xE3, 0xE1, 0xE7, 0x82, 0x82, 0x2C, 0x83, 0xCB, 0xED, 0xC3, 0xEE, 0xEE, 0xED, 0xE1, 0xE3, 0xF6, 0xE7, 0xCF, 0xE6, 0xEE, 0x82, 0x21, 0x80, 0xCB, 0xED, 0xE4, 0xC1, 0xED, 0xEF,
	0xF2, 0xEE, 0xE7, 0xF6, 0xE7, 0xD0, 0xE7, 0xF3, 0xF7, 0xE7, 0xF1, 0xF6, 0x82, 0x82, 0x4C, 0x83, 0xCB, 0xED, 0xC1, 0xF0, 0xE7, 0xE3, 0xF6, 0xE7, 0xC6, 0xE7, 0xF4, 0xEB, 0xE1, 0xE7, 0x82, 0x82,
	0x5A, 0x83, 0xCB, 0xED, 0xC1, 0xF0, 0xE7, 0xE3, 0xF6, 0xE7, 0xD1, 0xFB, 0xEF, 0xE0, 0xED, 0xEE, 0xEB, 0xE1, 0xCE, 0xEB, 0xEC, 0xE9, 0x82, 0x82, 0x61, 0x83, 0xCB, 0xED, 0xC6, 0xE7, 0xEE, 0xE7,
	0xF6, 0xE7, 0xC6, 0xE7, 0xF4, 0xEB, 0xE1, 0xE7, 0x82, 0x82, 0x67, 0x83, 0xCB, 0xED, 0xC6, 0xE7, 0xEE, 0xE7, 0xF6, 0xE7, 0xD1, 0xFB, 0xEF, 0xE0, 0xED, 0xEE, 0xEB, 0xE1, 0xCE, 0xEB, 0xEC, 0xE9,
	0x82, 0x82, 0x7A, 0x83, 0xCB, 0xED, 0xC4, 0xF0, 0xE7, 0xE7, 0xCF, 0xE6, 0xEE, 0x82, 0x3F, 0x85, 0xDD, 0xDD, 0xC1, 0xDD, 0xF1, 0xF2, 0xE7, 0xE1, 0xEB, 0xE4, 0xEB, 0xE1, 0xDD, 0xEA, 0xE3, 0xEC,
	0xE6, 0xEE, 0xE7, 0xF0, 0x82, 0x82, 0xEC, 0xF6, 0xED, 0xF1, 0xE9, 0xF0, 0xEC, 0xEE, 0xAC, 0xE7, 0xFA, 0xE7, 0x82, 0x82, 0xB8, 0x82, 0xCA, 0xE3, 0xEE, 0xD1, 0xE7, 0xF6, 0xC0, 0xF7, 0xF1, 0xC6,
	0xE3, 0xF6, 0xE3, 0xC0, 0xFB, 0xCD, 0xE4, 0xE4, 0xF1, 0xE7, 0xF6, 0x82, 0x94, 0x82, 0xCA, 0xE3, 0xEE, 0xC5, 0xE7, 0xF6, 0xC0, 0xF7, 0xF1, 0xC6, 0xE3, 0xF6, 0xE3, 0xC0, 0xFB, 0xCD, 0xE4, 0xE4,
	0xF1, 0xE7, 0xF6, 0x82, 0xCA, 0xC3, 0xCE, 0xAC, 0xE6, 0xEE, 0xEE, 0x82, 0xD3, 0x87, 0xD0, 0xF6, 0xEE, 0xC1, 0xED, 0xF2, 0xFB, 0xD7, 0xEC, 0xEB, 0xE1, 0xED, 0xE6, 0xE7, 0xD1, 0xF6, 0xF0, 0xEB,
	0xEC, 0xE5, 0x82, 0x82, 0x8A, 0x82, 0xD5, 0xE6, 0xE4, 0xD4, 0xE7, 0xF0, 0xF1, 0xEB, 0xED, 0xEC, 0xD7, 0xEC, 0xE0, 0xEB, 0xEC, 0xE6, 0x82, 0x82, 0x84, 0x82, 0xD5, 0xE6, 0xE4, 0xD4, 0xE7, 0xF0,
	0xF1, 0xEB, 0xED, 0xEC, 0xC0, 0xEB, 0xEC, 0xE6, 0x82, 0x82, 0x85, 0x82, 0xD5, 0xE6, 0xE4, 0xD4, 0xE7, 0xF0, 0xF1, 0xEB, 0xED, 0xEC, 0xC0, 0xEB, 0xEC, 0xE6, 0xC1, 0xEE, 0xE3, 0xF1, 0xF1, 0x82,
	0x8B, 0x82, 0xD5, 0xE6, 0xE4, 0xD4, 0xE7, 0xF0, 0xF1, 0xEB, 0xED, 0xEC, 0xD7, 0xEC, 0xE0, 0xEB, 0xEC, 0xE6, 0xC1, 0xEE, 0xE3, 0xF1, 0xF1, 0x82, 0xD5, 0xC6, 0xC4, 0xCE, 0xC6, 0xD0, 0xAC, 0xD1,
	0xDB, 0xD1, 0x82, 0x82, 0x82, 0x82, 0x82, 0x82, 0x82, 0x82, 0x82, 0x82, 0x82, 0x82, 0x82, 0x82, 0x82, 0x82, 0x82, 0x82, 0x82, 0x82, 0x82, 0x82, 0x82, 0x82, 0x82, 0x82, 0x82, 0x82, 0x82, 0x82,
	0x82, 0x82, 0x82, 0x82, 0x82, 0x82, 0x82, 0x82, 0x82, 0x82, 0x82, 0x82, 0x82, 0x82, 0x82, 0x82, 0x82, 0x82, 0x82, 0x82, 0x82, 0x82, 0x82, 0x82, 0x82, 0x82, 0x82, 0x82, 0x82, 0x82, 0x82, 0x82,
	0x82, 0x82, 0x82, 0x82, 0x82, 0x82, 0x82, 0x82, 0x82, 0x82, 0x82, 0x82, 0x82, 0x82, 0x82, 0x82, 0x82, 0x82, 0x82, 0x82, 0x82, 0x82, 0x82, 0x82, 0x82, 0x82, 0x82, 0x82, 0x82, 0x82, 0x82, 0x82,
	0x82, 0x82, 0x82, 0x82, 0x82, 0x82, 0x82, 0x82, 0x82, 0x82, 0x82, 0x82, 0x82, 0x82, 0x82, 0x82, 0x82, 0x82, 0x82, 0x82, 0x82, 0x82, 0x82, 0x82, 0x82, 0x82, 0x82, 0x82, 0x82, 0x82, 0x82, 0x82,
	0x82, 0x82, 0x82, 0x82, 0x82, 0x82, 0x82, 0x82, 0x82, 0x82, 0x82, 0x82, 0x82, 0x82, 0x82, 0x82, 0x82, 0x82, 0x82, 0x82, 0x82, 0x82, 0x82, 0x82, 0x82, 0x82, 0x82, 0x82, 0x82, 0x82, 0x82, 0x82,
	0x82, 0x82, 0x82, 0x82, 0x82, 0x82, 0x82, 0x82, 0x82, 0x82, 0x82, 0x82, 0x82, 0x82, 0x82, 0x82, 0x82, 0x82, 0x82, 0x82, 0x82, 0x82, 0x82, 0x82, 0x82, 0x82, 0x82, 0x82, 0x82, 0x82, 0x82, 0x82,
	0x82, 0x82, 0x82, 0x82, 0x82, 0x82, 0x82, 0x82, 0x82, 0x82, 0x82, 0x82, 0x82, 0x82, 0x82, 0x82, 0x82, 0x82, 0x82, 0x82, 0x82, 0x82, 0x82, 0x82, 0x82, 0x82, 0x82, 0x82, 0x82, 0x82, 0x82, 0x82,
	0x82, 0x82, 0x82, 0x82, 0x82, 0x82, 0x82, 0x82, 0x82, 0x82, 0x82, 0x82, 0x82, 0x82, 0x82, 0x82, 0x82, 0x82, 0x82, 0x82, 0x82, 0x82, 0x82, 0x82, 0x82, 0x82, 0x82, 0x82, 0x82, 0x82, 0x82, 0x82,
	0x82, 0x82, 0x82, 0x82, 0x82, 0x82, 0x82, 0x82, 0x82, 0x82, 0x82, 0x82, 0x82, 0x82, 0x82, 0x82, 0x82, 0x82, 0x82, 0x82, 0x82, 0x82, 0x82, 0x82, 0x82, 0x82, 0x82, 0x82, 0x82, 0x82, 0x82, 0x82,
	0x82, 0x82, 0x82, 0x82, 0x82, 0x82, 0x82, 0x82, 0x82, 0x82, 0x82, 0x82, 0x82, 0x82, 0x82, 0x82, 0x82, 0x82, 0x82, 0x82, 0x82, 0x82, 0x82, 0x82, 0x82, 0x82, 0x82, 0x82, 0x82, 0x82, 0x82, 0x82,
	0x82, 0x82, 0x82, 0x82, 0x82, 0x82, 0x82, 0x82, 0x82, 0x82, 0x82, 0x82, 0x82, 0x82, 0x83, 0x82, 0x92, 0x82, 0x82, 0x82, 0x9A, 0x82, 0x82, 0x02, 0x82, 0x82, 0x82, 0x82, 0x82, 0x82, 0x82, 0x82,
	0x82, 0x82, 0x82, 0x82, 0x82, 0x82, 0x83, 0x82, 0x83, 0x82, 0x82, 0x82, 0xB2, 0x82, 0x82, 0x02, 0x82, 0x82, 0x82, 0x82, 0x82, 0x82, 0x82, 0x82, 0x82, 0x82, 0x82, 0x82, 0x82, 0x82, 0x83, 0x82,
	0x8B, 0x86, 0x82, 0x82, 0xCA, 0x82, 0x82, 0x82, 0xE2, 0xF2, 0x82, 0x82, 0x7E, 0x80, 0x82, 0x82, 0x82, 0x82, 0x82, 0x82, 0x82, 0x82, 0x82, 0x82, 0x82, 0x82, 0x82, 0x82, 0x82, 0x82, 0x82, 0x82,
	0x7E, 0x80, 0xB6, 0x82, 0x82, 0x82, 0xD4, 0x82, 0xD1, 0x82, 0xDD, 0x82, 0xD4, 0x82, 0xC7, 0x82, 0xD0, 0x82, 0xD1, 0x82, 0xCB, 0x82, 0xCD, 0x82, 0xCC, 0x82, 0xDD, 0x82, 0xCB, 0x82, 0xCC, 0x82,
	0xC4, 0x82, 0xCD, 0x82, 0x82, 0x82, 0x82, 0x82, 0x3F, 0x86, 0x6D, 0x7C, 0x82, 0x82, 0x83, 0x82, 0x87, 0x82, 0x83, 0x82, 0x82, 0x82, 0x82, 0x82, 0x87, 0x82, 0x83, 0x82, 0x82, 0x82, 0x82, 0x82,
	0xBD, 0x82, 0x82, 0x82, 0x82, 0x82, 0x82, 0x82, 0x86, 0x82, 0x86, 0x82, 0x82, 0x82, 0x82, 0x82, 0x82, 0x82, 0x82, 0x82, 0x82, 0x82, 0x82, 0x82, 0x82, 0x82, 0x82, 0x82, 0xDE, 0x80, 0x82, 0x82,
	0x83, 0x82, 0xD1, 0x82, 0xF6, 0x82, 0xF0, 0x82, 0xEB, 0x82, 0xEC, 0x82, 0xE5, 0x82, 0xC4, 0x82, 0xEB, 0x82, 0xEE, 0x82, 0xE7, 0x82, 0xCB, 0x82, 0xEC, 0x82, 0xE4, 0x82, 0xED, 0x82, 0x82, 0x82,
	0xBA, 0x80, 0x82, 0x82, 0x83, 0x82, 0xB2, 0x82, 0xB6, 0x82, 0xB2, 0x82, 0xBB, 0x82, 0xB2, 0x82, 0xB6, 0x82, 0xE0, 0x82, 0xB2, 0x82, 0x82, 0x82, 0xB2, 0x82, 0x8A, 0x82, 0x83, 0x82, 0xC1, 0x82,
	0xED, 0x82, 0xEF, 0x82, 0xF2, 0x82, 0xE3, 0x82, 0xEC, 0x82, 0xFB, 0x82, 0xCC, 0x82, 0xE3, 0x82, 0xEF, 0x82, 0xE7, 0x82, 0x82, 0x82, 0x82, 0x82, 0xCA, 0x82, 0xD2, 0x82, 0xA2, 0x82, 0xCB, 0x82,
	0xEC, 0x82, 0xE1, 0x82, 0xAC, 0x82, 0x82, 0x82, 0xCC, 0x82, 0x91, 0x82, 0x83, 0x82, 0xC4, 0x82, 0xEB, 0x82, 0xEE, 0x82, 0xE7, 0x82, 0xC6, 0x82, 0xE7, 0x82, 0xF1, 0x82, 0xE1, 0x82, 0xF0, 0x82,
	0xEB, 0x82, 0xF2, 0x82, 0xF6, 0x82, 0xEB, 0x82, 0xED, 0x82, 0xEC, 0x82, 0x82, 0x82, 0x82, 0x82, 0xCA, 0x82, 0xD2, 0x82, 0xA2, 0x82, 0xD1, 0x82, 0xD5, 0x82, 0xA2, 0x82, 0xD6, 0x82, 0xCD, 0x82,
	0xCD, 0x82, 0xCE, 0x82, 0xD1, 0x82, 0xA2, 0x82, 0xC6, 0x82, 0xD0, 0x82, 0xCB, 0x82, 0xD4, 0x82, 0xC7, 0x82, 0xD0, 0x82, 0x82, 0x82, 0x82, 0x82, 0xB2, 0x82, 0x8A, 0x82, 0x83, 0x82, 0xC4, 0x82,
	0xEB, 0x82, 0xEE, 0x82, 0xE7, 0x82, 0xD4, 0x82, 0xE7, 0x82, 0xF0, 0x82, 0xF1, 0x82, 0xEB, 0x82, 0xED, 0x82, 0xEC, 0x82, 0x82, 0x82, 0x82, 0x82, 0xB3, 0x82, 0xAC, 0x82, 0xB7, 0x82, 0xAC, 0x82,
	0xB2, 0x82, 0xAC, 0x82, 0xB2, 0x82, 0x82, 0x82, 0xC4, 0x82, 0x91, 0x82, 0x83, 0x82, 0xCB, 0x82, 0xEC, 0x82, 0xF6, 0x82, 0xE7, 0x82, 0xF0, 0x82, 0xEC, 0x82, 0xE3, 0x82, 0xEE, 0x82, 0xCC, 0x82,
	0xE3, 0x82, 0xEF, 0x82, 0xE7, 0x82, 0x82, 0x82, 0xCA, 0x82, 0xD2, 0x82, 0xA2, 0x82, 0xD1, 0x82, 0xD5, 0x82, 0xA2, 0x82, 0xD6, 0x82, 0xCD, 0x82, 0xCD, 0x82, 0xCE, 0x82, 0xD1, 0x82, 0xA2, 0x82,
	0xC6, 0x82, 0xD0, 0x82, 0xCB, 0x82, 0xD4, 0x82, 0xC7, 0x82, 0xD0, 0x82, 0x82, 0x82, 0x82, 0x82, 0xD8, 0x82, 0x99, 0x82, 0x83, 0x82, 0xCE, 0x82, 0xE7, 0x82, 0xE5, 0x82, 0xE3, 0x82, 0xEE, 0x82,
	0xC1, 0x82, 0xED, 0x82, 0xF2, 0x82, 0xFB, 0x82, 0xF0, 0x82, 0xEB, 0x82, 0xE5, 0x82, 0xEA, 0x82, 0xF6, 0x82, 0x82, 0x82, 0xC1, 0x82, 0xED, 0x82, 0xF2, 0x82, 0xFB, 0x82, 0xF0, 0x82, 0xEB, 0x82,
	0xE5, 0x82, 0xEA, 0x82, 0xF6, 0x82, 0xA2, 0x82, 0xAA, 0x82, 0xC1, 0x82, 0xAB, 0x82, 0xA2, 0x82, 0xB0, 0x82, 0xB2, 0x82, 0xB3, 0x82, 0xBA, 0x82, 0xA2, 0x82, 0xCA, 0x82, 0xD2, 0x82, 0xA2, 0x82,
	0xCB, 0x82, 0xEC, 0x82, 0xE1, 0x82, 0xAC, 0x82, 0x82, 0x82, 0x82, 0x82, 0xCC, 0x82, 0x91, 0x82, 0x83, 0x82, 0xCD, 0x82, 0xF0, 0x82, 0xEB, 0x82, 0xE5, 0x82, 0xEB, 0x82, 0xEC, 0x82, 0xE3, 0x82,
	0xEE, 0x82, 0xC4, 0x82, 0xEB, 0x82, 0xEE, 0x82, 0xE7, 0x82, 0xEC, 0x82, 0xE3, 0x82, 0xEF, 0x82, 0xE7, 0x82, 0x82, 0x82, 0xCA, 0x82, 0xD2, 0x82, 0xA2, 0x82, 0xD1, 0x82, 0xD5, 0x82, 0xA2, 0x82,
	0xD6, 0x82, 0xCD, 0x82, 0xCD, 0x82, 0xCE, 0x82, 0xD1, 0x82, 0xA2, 0x82, 0xC6, 0x82, 0xD0, 0x82, 0xCB, 0x82, 0xD4, 0x82, 0xC7, 0x82, 0xD0, 0x82, 0x82, 0x82, 0x82, 0x82, 0xC4, 0x82, 0x91, 0x82,
	0x83, 0x82, 0xD2, 0x82, 0xF0, 0x82, 0xED, 0x82, 0xE6, 0x82, 0xF7, 0x82, 0xE1, 0x82, 0xF6, 0x82, 0xCC, 0x82, 0xE3, 0x82, 0xEF, 0x82, 0xE7, 0x82, 0x82, 0x82, 0x82, 0x82, 0xCA, 0x82, 0xD2, 0x82,
	0xA2, 0x82, 0xD1, 0x82, 0xD5, 0x82, 0xA2, 0x82, 0xD6, 0x82, 0xCD, 0x82, 0xCD, 0x82, 0xCE, 0x82, 0xD1, 0x82, 0xA2, 0x82, 0xC6, 0x82, 0xD0, 0x82, 0xCB, 0x82, 0xD4, 0x82, 0xC7, 0x82, 0xD0, 0x82,
	0x82, 0x82, 0x82, 0x82, 0xB6, 0x82, 0x8A, 0x82, 0x83, 0x82, 0xD2, 0x82, 0xF0, 0x82, 0xED, 0x82, 0xE6, 0x82, 0xF7, 0x82, 0xE1, 0x82, 0xF6, 0x82, 0xD4, 0x82, 0xE7, 0x82, 0xF0, 0x82, 0xF1, 0x82,
	0xEB, 0x82, 0xED, 0x82, 0xEC, 0x82, 0x82, 0x82, 0xB3, 0x82, 0xAC, 0x82, 0xB7, 0x82, 0xAC, 0x82, 0xB2, 0x82, 0xAC, 0x82, 0xB2, 0x82, 0x82, 0x82, 0xC6, 0x82, 0x82, 0x82, 0x83, 0x82, 0xD4, 0x82,
	0xE3, 0x82, 0xF0, 0x82, 0xC4, 0x82, 0xEB, 0x82, 0xEE, 0x82, 0xE7, 0x82, 0xCB, 0x82, 0xEC, 0x82, 0xE4, 0x82, 0xED, 0x82, 0x82, 0x82, 0x82, 0x82, 0xA6, 0x82, 0x86, 0x82, 0x82, 0x82, 0xD6, 0x82,
	0xF0, 0x82, 0xE3, 0x82, 0xEC, 0x82, 0xF1, 0x82, 0xEE, 0x82, 0xE3, 0x82, 0xF6, 0x82, 0xEB, 0x82, 0xED, 0x82, 0xEC, 0x82, 0x82, 0x82, 0x82, 0x82, 0x8B, 0x86, 0x32, 0x86, 0x82, 0x82, 0x82, 0x82,
	0x82, 0x82, 0x82, 0x82, 0x82, 0x82, 0x82, 0x82, 0x82, 0x82, 0x82, 0x82, 0x82, 0x82, 0x82, 0x82, 0x82, 0x82, 0x82, 0x82, 0x82, 0x82, 0x82, 0x82, 0x82, 0x82, 0x82, 0x82, 0x82, 0x82, 0x82, 0x82,
	0x82, 0x82, 0x82, 0x82, 0x82, 0x82, 0x82, 0x82, 0x82, 0x82, 0x82, 0x82, 0x82, 0x82, 0x82, 0x82, 0x82, 0x82, 0x82, 0x82, 0x82, 0x82, 0x82, 0x82, 0x82, 0x82, 0x82, 0x82, 0x82, 0x82, 0x82, 0x82,
	0x82, 0x82, 0x82, 0x82, 0x82, 0x82, 0x82, 0x82, 0x82, 0x82, 0x82, 0x82, 0x82, 0x82, 0x82, 0x82, 0x82, 0x82, 0x82, 0x82, 0x82, 0x82, 0x82, 0x82, 0x82, 0x82, 0x82, 0x82, 0x82, 0x82, 0x82, 0x82,
	0x82, 0x82, 0x82, 0x82, 0x82, 0x82, 0x82, 0x82, 0x82, 0x82, 0x82, 0x82, 0x82, 0x82, 0x82, 0x82, 0x82, 0x82, 0x82, 0x82, 0x82, 0x82, 0x82, 0x82, 0x82, 0x82, 0x82, 0x82, 0x82, 0x82, 0x82, 0x82,
	0x82, 0x82, 0x82, 0x82, 0x82, 0x82, 0x82, 0x82, 0x82, 0x82, 0x82, 0x82, 0x82, 0x82, 0x82, 0x82, 0x82, 0x82, 0x82, 0x82, 0x82, 0x82, 0x82, 0x82, 0x82, 0x82, 0x82, 0x82, 0x82, 0x82, 0x82, 0x82,
	0x82, 0xA2, 0x82, 0x82, 0x92, 0x82, 0x82, 0x82, 0x82, 0x22, 0xFA, 0x23, 0x12, 0x23, 0x82, 0x82, 0x82, 0xB2, 0x82, 0x82, 0x92, 0x82, 0x82, 0x82, 0x8A, 0x22, 0xA2, 0x22, 0xDA, 0x22, 0x82, 0x82,
	0x82, 0x82, 0x82, 0x82, 0x82, 0x82, 0x82, 0x82, 0x82, 0x82, 0x82, 0x82, 0x82, 0x82, 0x82, 0x82, 0x82, 0x82, 0x82, 0x82, 0x82, 0x82, 0x82, 0x82, 0x82, 0x82, 0x82, 0x82, 0x82, 0x82, 0x82, 0x82,
	0x82, 0x82, 0x82, 0x82, 0x82, 0x82, 0x82, 0x82, 0x82, 0x82, 0x82, 0x82, 0x82, 0x82, 0x82, 0x82, 0x82, 0x82, 0x82, 0x82, 0x82, 0x82, 0x82, 0x82, 0x82, 0x82, 0x82, 0x82, 0x82, 0x82, 0x82, 0x82,
	0x82, 0x82, 0x82, 0x82, 0x82, 0x82, 0x82, 0x82, 0x82, 0x82, 0x82, 0x82, 0x82, 0x82, 0x82, 0x82, 0x82, 0x82, 0x82, 0x82, 0x82, 0x82, 0x82, 0x82, 0x82, 0x82, 0x82, 0x82, 0x82, 0x82, 0x82, 0x82,
	0x82, 0x82, 0x82, 0x82, 0x82, 0x82, 0x82, 0x82, 0x82, 0x82, 0x82, 0x82, 0x82, 0x82, 0x82, 0x82, 0x82, 0x82, 0x82, 0x82, 0x82, 0x82, 0x82, 0x82, 0x82, 0x82, 0x82, 0x82, 0x82, 0x82, 0x82, 0x82,
	0x82, 0x82, 0x82, 0x82, 0x82, 0x82, 0x82, 0x82, 0x82, 0x82, 0x82, 0x82, 0x82, 0x82, 0x82, 0x82, 0x82, 0x82, 0x82, 0x82, 0x82, 0x82, 0x82, 0x82, 0x82, 0x82, 0x82, 0x82, 0x82, 0x82, 0x82, 0x82,
	0x82, 0x82, 0x82, 0x82, 0x82, 0x82, 0x82, 0x82, 0x82, 0x82, 0x82, 0x82, 0x82, 0x82, 0x82, 0x82, 0x82, 0x82, 0x82, 0x82, 0x82, 0x82, 0x82, 0x82, 0x82, 0x82, 0x82, 0x82, 0x82, 0x82, 0x82, 0x82,
	0x82, 0x82, 0x82, 0x82, 0x82, 0x82, 0x82, 0x82, 0x82, 0x82, 0x82, 0x82, 0x82, 0x82, 0x82, 0x82, 0x82, 0x82, 0x82, 0x82, 0x82, 0x82, 0x82, 0x82, 0x82, 0x82, 0x82, 0x82, 0x82, 0x82, 0x82, 0x82,
	0x82, 0x82, 0x82, 0x82, 0x82, 0x82, 0x82, 0x82, 0x82, 0x82, 0x82, 0x82, 0x82, 0x82, 0x82, 0x82, 0x82, 0x82, 0x82, 0x82, 0x82, 0x82, 0x82, 0x82, 0x82, 0x82, 0x82, 0x82, 0x82, 0x82, 0x82, 0x82,
	0x82, 0x82, 0x82, 0x82, 0x82, 0x82, 0x82, 0x82, 0x82, 0x82, 0x82, 0x82, 0x82, 0x82, 0x82, 0x82, 0x82, 0x82, 0x82, 0x82, 0x82, 0x82, 0x82, 0x82, 0x82, 0x82, 0x82, 0x82, 0x82, 0x82, 0x82, 0x82,
	0x82, 0x82, 0x82, 0x82, 0x82, 0x82, 0x82, 0x82, 0x82, 0x82, 0x82, 0x82, 0x82, 0x82, 0x82, 0x82, 0x82, 0x82, 0x82, 0x82, 0x82, 0x82, 0x82, 0x82, 0x82, 0x82, 0x82, 0x82, 0x82, 0x82, 0x82, 0x82,
	0x82, 0x82, 0x82, 0x82, 0x82, 0x82, 0x82, 0x82, 0x82, 0x82, 0x82, 0x82, 0x82, 0x82, 0x82, 0x82, 0x82, 0x82, 0x82, 0x82, 0x82, 0x82, 0x82, 0x82, 0x82, 0x82, 0x82, 0x82, 0x82, 0x82, 0x82, 0x82,
	0x82, 0x82, 0x82, 0x82, 0x82, 0x82, 0x82, 0x82, 0x82, 0x82, 0x82, 0x82, 0x82, 0x82, 0x82, 0x82, 0x82, 0x82, 0x82, 0x82, 0x82, 0x82, 0x82, 0x82, 0x82, 0x82, 0x82, 0x82, 0x82, 0x82, 0x82, 0x82,
	0x82, 0x82, 0x82, 0x82, 0x82, 0x82, 0x82, 0x82, 0x82, 0x82, 0x82, 0x82, 0x82, 0x82, 0x82, 0x82, 0x82, 0x82, 0x82, 0x82, 0x82, 0x82, 0x82, 0x82, 0x82, 0x82, 0x82, 0x82, 0x82, 0x82, 0x82, 0x82,
	0x82, 0x82, 0x82, 0x82, 0x82, 0x82, 0x82, 0x82, 0x82, 0x82, 0x82, 0x82, 0x82, 0x82, 0x82, 0x82, 0x82, 0x82, 0x82, 0x82, 0x82, 0x82, 0x82, 0x82, 0x82, 0x82, 0x82, 0x82, 0x82, 0x82, 0x82, 0x82,
	0x82, 0x82, 0x82, 0x82, 0x82, 0x82, 0x82, 0x82, 0x82, 0x82, 0x82, 0x82, 0x82, 0x82, 0x82, 0x82, 0x82, 0x82, 0x82, 0x82, 0x82, 0x82, 0x82, 0x82, 0x82, 0x82, 0x82, 0x82, 0x82, 0x82, 0x82, 0x82,
	0x3A, 0xA6, 0x82, 0x82, 0x82, 0x80, 0x80, 0x82, 0xB2, 0x00, 0xA6, 0x29, 0x84, 0x8B, 0xA8, 0x04, 0xCA, 0x04, 0x75, 0x8F, 0x83, 0x85, 0x80, 0x22, 0x00, 0xA6, 0x1E, 0xB2, 0x00, 0xA6, 0x1A, 0x80,
	0x83, 0x83, 0xB3, 0x8D, 0xB2, 0x8F, 0x84, 0x8B, 0xE2, 0x04, 0xCA, 0x83, 0xE7, 0x81, 0x86, 0x80, 0x83, 0x87, 0x82, 0xB2, 0xDE, 0x84, 0x88, 0xA9, 0x84, 0x83, 0x86, 0x83, 0x00, 0xB5, 0x80, 0x83,
	0x86, 0x22, 0xCC, 0xB2, 0xCE, 0xB2, 0x95, 0x84, 0x88, 0xA9, 0x84, 0x83, 0x86, 0x83, 0x00, 0xB5, 0x80, 0x83, 0x8D, 0xB2, 0x8B, 0x81, 0x83, 0x82, 0x22, 0x86, 0x20, 0x80, 0x02, 0x82, 0xB2, 0xB3,
	0xB2, 0x8F, 0x84, 0x8B, 0xE2, 0x04, 0xCA, 0x83, 0xE7, 0x81, 0x86, 0x80, 0x83, 0x87, 0x82, 0x86, 0xA2, 0xEE, 0x1E, 0x73, 0xDC, 0x00, 0x40, 0xAF, 0x12, 0x1C, 0x30, 0x33, 0xFE, 0xCD, 0xF9, 0x4A,
	0x0E, 0x20, 0xC4, 0x4D, 0x09, 0xE4, 0x75, 0xA2, 0x52, 0x8B, 0xCE, 0x02, 0xE4, 0x41, 0x7E, 0xBB, 0x3B, 0x22, 0x00, 0x8F, 0x56, 0xB2, 0x00, 0x84, 0xFE, 0xB2, 0x00, 0x86, 0xE6, 0x22, 0x81, 0x80,
	0x83, 0x80, 0x80, 0x91, 0xB1, 0x82, 0x82, 0x82, 0xA7, 0xB8, 0xA5, 0xBA, 0xEB, 0x88, 0xB6, 0xD3, 0x43, 0x82, 0x82, 0x82, 0x82, 0x82, 0xA7, 0xB2, 0x8F, 0x84, 0x8B, 0xA8, 0x04, 0xCA, 0x04, 0x75,
	0x8F, 0x83, 0x83, 0x89, 0x87, 0x82, 0xB2, 0x03, 0x0C, 0xB3, 0x89, 0xB2, 0x8B, 0x84, 0x81, 0xD7, 0x86, 0x84, 0x91, 0x80, 0xD7, 0xD1, 0xB3, 0x91, 0xB2, 0x93, 0x84, 0x81, 0xD7, 0x86, 0x8A, 0x91,
	0x88, 0xD5, 0xE3, 0xF1, 0xEA, 0xEB, 0xEC, 0xE5, 0xF6, 0xED, 0xEC, 0xB3, 0x92, 0xB2, 0x8C, 0x84, 0x81, 0xD7, 0x86, 0x85, 0x91, 0x85, 0xD0, 0xE7, 0xE6, 0xEF, 0xED, 0xEC, 0xE6, 0xB3, 0x9C, 0xB2,
	0x9E, 0x84, 0x81, 0xD7, 0x86, 0x88, 0x91, 0x97, 0xCF, 0xEB, 0xE1, 0xF0, 0xED, 0xF1, 0xED, 0xE4, 0xF6, 0xA2, 0xC1, 0xED, 0xF0, 0xF2, 0xED, 0xF0, 0xE3, 0xF6, 0xEB, 0xED, 0xEC, 0xB3, 0xBA, 0xB2,
	0xB4, 0x84, 0x81, 0xD7, 0x86, 0x81, 0x91, 0xAD, 0xCF, 0xEB, 0xE1, 0xF0, 0xED, 0xF1, 0xED, 0xE4, 0xF6, 0xA2, 0xD5, 0xEB, 0xEC, 0xE6, 0xED, 0xF5, 0xF1, 0xA2, 0xD6, 0xEA, 0xEB, 0xF0, 0xE6, 0xA2,
	0xD2, 0xE3, 0xF0, 0xF6, 0xFB, 0xA2, 0xC1, 0xED, 0xEF, 0xF2, 0xED, 0xEC, 0xE7, 0xEC, 0xF6, 0xA2, 0xC1, 0xC3, 0xA2, 0xB0, 0xB2, 0xB3, 0xB6, 0xB2, 0x9C, 0x95, 0x8F, 0xB3, 0xBA, 0xB2, 0xBB, 0xB2,
	0xB4, 0xB0, 0xB3, 0xB1, 0xB2, 0xB1, 0xB0, 0xD8, 0x95, 0x8F, 0xB3, 0xBB, 0xB2, 0xBB, 0xB2, 0xB4, 0xB0, 0xB3, 0xB1, 0xB2, 0xB1, 0xB0, 0xD8, 0xB2, 0x03, 0x13, 0xB3, 0x89, 0xB2, 0x8B, 0x84, 0x81,
	0xD7, 0x86, 0x84, 0x91, 0x80, 0xD7, 0xD1, 0xB3, 0x91, 0xB2, 0x93, 0x84, 0x81, 0xD7, 0x86, 0x8A, 0x91, 0x88, 0xD5, 0xE3, 0xF1, 0xEA, 0xEB, 0xEC, 0xE5, 0xF6, 0xED, 0xEC, 0xB3, 0x92, 0xB2, 0x8C,
	0x84, 0x81, 0xD7, 0x86, 0x85, 0x91, 0x85, 0xD0, 0xE7, 0xE6, 0xEF, 0xED, 0xEC, 0xE6, 0xB3, 0x9C, 0xB2, 0x9E, 0x84, 0x81, 0xD7, 0x86, 0x88, 0x91, 0x97, 0xCF, 0xEB, 0xE1, 0xF0, 0xED, 0xF1, 0xED,
	0xE4, 0xF6, 0xA2, 0xC1, 0xED, 0xF0, 0xF2, 0xED, 0xF0, 0xE3, 0xF6, 0xEB, 0xED, 0xEC, 0xB3, 0xB9, 0xB2, 0xBB, 0x84, 0x81, 0xD7, 0x86, 0x81, 0x91, 0xB0, 0xCF, 0xEB, 0xE1, 0xF0, 0xED, 0xF1, 0xED,
	0xE4, 0xF6, 0xA2, 0xD5, 0xEB, 0xEC, 0xE6, 0xED, 0xF5, 0xF1, 0xA2, 0xCA, 0xE3, 0xF0, 0xE6, 0xF5, 0xE3, 0xF0, 0xE7, 0xA2, 0xC1, 0xED, 0xEF, 0xF2, 0xE3, 0xF6, 0xEB, 0xE0, 0xEB, 0xEE, 0xEB, 0xF6,
	0xFB, 0xA2, 0xD2, 0xF7, 0xE0, 0xEE, 0xEB, 0xF1, 0xEA, 0xE7, 0xF0, 0xB2, 0x00, 0x83, 0xA0, 0xB2, 0x8F, 0x84, 0x8B, 0xA8, 0x04, 0xCA, 0x04, 0x75, 0x8F, 0x83, 0x83, 0x83, 0x87, 0x82, 0x81, 0x00,
	0x83, 0x8D, 0x82, 0xB2, 0x00, 0x83, 0x88, 0x80, 0x00, 0x83, 0x83, 0x82, 0x3E, 0x6B, 0xA1, 0x0E, 0x80, 0x61, 0xB4, 0x17, 0xF7, 0x52, 0x35, 0xCC, 0x39, 0x7A, 0xCB, 0x2E, 0x31, 0x99, 0xF5, 0x88,
	0xC6, 0x1F, 0xBF, 0xBF, 0x08, 0x7B, 0x2E, 0x1B, 0xE2, 0xB6, 0xA0, 0xA6, 0xC2, 0x1D, 0xD7, 0x39, 0x31, 0x6D, 0x86, 0x43, 0x3A, 0xBC, 0x16, 0xA0, 0xF2, 0x2D, 0x3D, 0x2A, 0xD0, 0x14, 0x2B, 0xCC,
	0xA9, 0x0C, 0x37, 0xB4, 0x16, 0xAE, 0x73, 0x13, 0xD5, 0xC3, 0x39, 0xB3, 0x5F, 0xB8, 0x6F, 0x69, 0x96, 0x85, 0x19, 0xB8, 0xFC, 0xFB, 0xDC, 0x23, 0xBA, 0xE6, 0x57, 0xB9, 0x9F, 0xA9, 0x07, 0x8B,
	0xF3, 0x0E, 0x6A, 0xBE, 0x8F, 0x97, 0xFA, 0xDC, 0x79, 0x18, 0x63, 0xF1, 0x2A, 0x50, 0xB3, 0x36, 0x83, 0x92, 0x52, 0x4E, 0x44, 0x82, 0x6C, 0xB1, 0x72, 0x90, 0x7E, 0xE1, 0xBB, 0x35, 0x22, 0x5D,
	0x92, 0x82, 0xD5, 0x95, 0xAB, 0x5F, 0xED, 0xB2, 0xE6, 0x22, 0x6E, 0x23, 0xBD, 0xDD, 0xD7, 0x2D, 0x77, 0x69, 0xA8, 0xB1, 0x4E, 0x02, 0x6D, 0xBE, 0xB6, 0x85, 0xCB, 0x7E, 0xF8, 0x72, 0xB1, 0xD1,
	0xFD, 0xB6, 0x66, 0x36, 0xAA, 0x98, 0x95, 0xF1, 0x13, 0x37, 0xC1, 0x75, 0x2B, 0xA6, 0x19, 0x3A, 0x2A, 0xFB, 0x72, 0x73, 0x6F, 0x93, 0x51, 0x73, 0x9A, 0xA7, 0x09, 0xC2, 0x58, 0x56, 0x6C, 0x60,
	0xBE, 0xEE, 0x25, 0x51, 0x89, 0xAA, 0xC5, 0x3F, 0x0D, 0x4E, 0xBD, 0x0B, 0x78, 0x44, 0xCC, 0x96, 0x33, 0x88, 0xD0, 0xE6, 0xB6, 0x28, 0xA5, 0xBE, 0x5A, 0x98, 0x47, 0xCD, 0x89, 0x69, 0xF7, 0x44,
	0x13, 0x5D, 0xD1, 0xD1, 0x55, 0x73, 0x6F, 0xF7, 0xCC, 0x91, 0x55, 0x88, 0x24, 0xB3, 0xA6, 0xC1, 0x2B, 0x3B, 0xE7, 0xB0, 0xED, 0xB3, 0xF5, 0x26, 0x52, 0x2D, 0x32, 0xA5, 0x78, 0x06, 0x07, 0x8A,
	0x1D, 0x62, 0xA4, 0x71, 0x37, 0x03, 0xDE, 0x41, 0x49, 0xB7, 0xC5, 0xF5, 0x80, 0x81, 0x83, 0x82, 0x83, 0x21, 0x00, 0x83, 0x4E, 0xB2, 0x00, 0x83, 0x4A, 0xB2, 0xAE, 0x84, 0x81, 0xD7, 0x9F, 0xA7,
	0x86, 0xA7, 0xB2, 0xA1, 0x84, 0x88, 0xA9, 0x84, 0x83, 0x86, 0x83, 0x00, 0xB5, 0x88, 0x81, 0x87, 0x84, 0x89, 0xA9, 0x84, 0x83, 0x86, 0x83, 0x00, 0xB5, 0x88, 0x81, 0x87, 0x83, 0x84, 0x8A, 0xA9,
	0x84, 0x83, 0x87, 0x87, 0x85, 0x81, 0x81, 0xB2, 0x9F, 0x84, 0x81, 0xD7, 0x9F, 0x8C, 0x86, 0x94, 0x86, 0x96, 0x4F, 0xC1, 0xF1, 0x1E, 0x3E, 0x3D, 0x3F, 0xE2, 0xD6, 0x56, 0x0D, 0xF7, 0x3A, 0x77,
	0x21, 0x14, 0x0C, 0x13, 0x6F, 0x6D, 0xB2, 0xD2, 0x84, 0x81, 0xD7, 0x9F, 0x93, 0x86, 0xCB, 0xB2, 0xC5, 0x26, 0xC7, 0xB2, 0xC1, 0xB3, 0xAB, 0xB2, 0xA5, 0x84, 0x81, 0xD7, 0x86, 0x89, 0x91, 0xA2,
	0xCF, 0xEB, 0xE1, 0xF0, 0xED, 0xF1, 0xED, 0xE4, 0xF6, 0xA2, 0xCD, 0xF2, 0xE7, 0xF0, 0xE3, 0xF6, 0xEB, 0xED, 0xEC, 0xF1, 0xA2, 0xD2, 0xF7, 0xE7, 0xF0, 0xF6, 0xED, 0xA2, 0xD0, 0xEB, 0xE1, 0xED,
	0xB3, 0x94, 0xB2, 0x96, 0x84, 0x81, 0xD7, 0x86, 0x87, 0x91, 0x8F, 0xB0, 0xB1, 0xB0, 0xB3, 0xB6, 0xB5, 0xA9, 0xB6, 0xB6, 0xB6, 0xBA, 0xB0, 0xB4, 0xB2, 0x9D, 0x84, 0x81, 0xD7, 0x9F, 0xA1, 0x86,
	0x9A, 0xB2, 0x94, 0x02, 0x96, 0x4A, 0xB8, 0x1E, 0x25, 0xC8, 0x41, 0xA1, 0x70, 0xA7, 0xFC, 0x3B, 0x58, 0x29, 0xAB, 0xD1, 0x8C, 0xD6, 0x82, 0x41, 0x23, 0xB2, 0xF6, 0x84, 0x81, 0xD7, 0x9F, 0x9D,
	0x86, 0xEF, 0xB2, 0xE9, 0xB2, 0xEB, 0x22, 0xE5, 0x22, 0xE7, 0x04, 0xE1, 0xEA, 0xF6, 0xF6, 0xF2, 0xB8, 0xAD, 0xAD, 0xF5, 0xF5, 0xF5, 0xAC, 0xEF, 0xEB, 0xE1, 0xF0, 0xED, 0xF1, 0xED, 0xE4, 0xF6,
	0xAC, 0xE1, 0xED, 0xEF, 0xAD, 0xF2, 0xE9, 0xEB, 0xED, 0xF2, 0xF1, 0xAD, 0xE1, 0xF0, 0xEE, 0xAD, 0xCF, 0xEB, 0xE1, 0xF0, 0xED, 0xF1, 0xED, 0xE4, 0xF6, 0xA7, 0xB0, 0xB2, 0xD5, 0xEB, 0xEC, 0xE6,
	0xED, 0xF5, 0xF1, 0xA7, 0xB0, 0xB2, 0xD6, 0xEA, 0xEB, 0xF0, 0xE6, 0xA7, 0xB0, 0xB2, 0xD2, 0xE3, 0xF0, 0xF6, 0xFB, 0xA7, 0xB0, 0xB2, 0xC1, 0xED, 0xEF, 0xF2, 0xED, 0xEC, 0xE7, 0xEC, 0xF6, 0xA7,
	0xB0, 0xB2, 0xC1, 0xC3, 0xA7, 0xB0, 0xB2, 0xB0, 0xB2, 0xB3, 0xB6, 0xAC, 0xE1, 0xF0, 0xEE, 0xB2, 0x03, 0x03, 0x84, 0x8A, 0xA9, 0x84, 0x83, 0x87, 0x87, 0x85, 0x83, 0x83, 0x86, 0xF7, 0xB2, 0xF1,
	0xB2, 0xF3, 0x84, 0x8A, 0xA9, 0x84, 0x83, 0x87, 0x87, 0x85, 0xB2, 0x80, 0x04, 0xE7, 0xEA, 0xF6, 0xF6, 0xF2, 0xB8, 0xAD, 0xAD, 0xF5, 0xF5, 0xF5, 0xAC, 0xEF, 0xEB, 0xE1, 0xF0, 0xED, 0xF1, 0xED,
	0xE4, 0xF6, 0xAC, 0xE1, 0xED, 0xEF, 0xAD, 0xF2, 0xE9, 0xEB, 0xED, 0xF2, 0xF1, 0xAD, 0xE1, 0xE7, 0xF0, 0xF6, 0xF1, 0xAD, 0xCF, 0xEB, 0xE1, 0xF0, 0xED, 0xF1, 0xED, 0xE4, 0xF6, 0xA7, 0xB0, 0xB2,
	0xD5, 0xEB, 0xEC, 0xE6, 0xED, 0xF5, 0xF1, 0xA7, 0xB0, 0xB2, 0xD6, 0xEA, 0xEB, 0xF0, 0xE6, 0xA7, 0xB0, 0xB2, 0xD2, 0xE3, 0xF0, 0xF6, 0xFB, 0xA7, 0xB0, 0xB2, 0xC1, 0xED, 0xEF, 0xF2, 0xED, 0xEC,
	0xE7, 0xEC, 0xF6, 0xA7, 0xB0, 0xB2, 0xC1, 0xC3, 0xA7, 0xB0, 0xB2, 0xB0, 0xB2, 0xB3, 0xB6, 0xAC, 0xE1, 0xF0, 0xF6, 0xB2, 0x8E, 0x84, 0x81, 0xD7, 0x9F, 0x91, 0x83, 0x83, 0x7D, 0x86, 0x80, 0xB2,
	0x82, 0xB2, 0x8F, 0x84, 0x8B, 0xA8, 0x04, 0xCA, 0x04, 0x75, 0x8F, 0x83, 0x83, 0x89, 0x87, 0x82, 0x81, 0x00, 0x80, 0x83, 0x82, 0x27, 0x20, 0x2B, 0x18, 0x15, 0x5D, 0x93, 0x8C, 0x9A, 0x0B, 0x0C,
	0x1A, 0x7F, 0x85, 0x28, 0x27, 0xA4, 0x94, 0x63, 0xBD, 0x1E, 0xEA, 0x9F, 0x8D, 0x1B, 0x49, 0x2D, 0x49, 0xAB, 0x96, 0x5F, 0xF8, 0xD4, 0x2A, 0xB0, 0xC8, 0x33, 0x78, 0x10, 0xE9, 0xA4, 0x3B, 0x47,
	0x4A, 0xFD, 0x54, 0xD1, 0x43, 0x11, 0x48, 0x41, 0xF5, 0xBD, 0xF5, 0xD2, 0xC0, 0xDF, 0xA2, 0x12, 0x81, 0xC6, 0xE3, 0x83, 0xAD, 0xC5, 0xEF, 0xF5, 0x82, 0xD8, 0x85, 0x1D, 0xAA, 0x01, 0x66, 0x4D,
	0x2A, 0x33, 0x59, 0x29, 0xF1, 0xDD, 0x8A, 0xEE, 0x14, 0x10, 0x31, 0x74, 0x77, 0xBC, 0x79, 0xDF, 0x3A, 0x03, 0x3F, 0x16, 0x4F, 0x3F, 0x26, 0x46, 0x4B, 0xDB, 0xF2, 0xA4, 0x2A, 0x79, 0x73, 0x6C,
	0x56, 0x99, 0x74, 0xAA, 0x05, 0x13, 0xD4, 0x7E, 0x2E, 0x2C, 0x14, 0x65, 0xD3, 0x56, 0x7C, 0x93, 0xFD, 0x8D, 0xEF, 0x4B, 0x07, 0x6D, 0xB9, 0x55, 0xA8, 0xF9, 0x50, 0x1B, 0x3F, 0xD2, 0xF4, 0xB1,
	0xE2, 0x8E, 0x1F, 0x70, 0x7B, 0xA1, 0x84, 0x7C, 0xCA, 0xB1, 0x2A, 0x55, 0x06, 0x83, 0x1F, 0x3C, 0x09, 0x28, 0x28, 0x84, 0x7F, 0x58, 0x63, 0x57, 0x84, 0xE4, 0xF5, 0x4B, 0x3E, 0x4C, 0xE7, 0x84,
	0x64, 0x69, 0x66, 0xD7, 0x4E, 0x1D, 0xC4, 0x33, 0x64, 0x6B, 0x55, 0xFD, 0xA8, 0x00, 0x97, 0x19, 0xA8, 0x2E, 0x04, 0x9C, 0x69, 0xC2, 0x8F, 0x61, 0x5E, 0x6D, 0xA9, 0x5D, 0x2A, 0xDC, 0x8F, 0x47,
	0x94, 0xAA, 0x16, 0xDD, 0x96, 0x31, 0x76, 0xC1, 0xC2, 0x38, 0x1D, 0xA8, 0xB8, 0x75, 0x6D, 0x99, 0x70, 0xCD, 0xB5, 0xA9, 0xB8, 0x8F, 0x8D, 0x6D, 0xC9, 0x28, 0x79, 0x04, 0x4D, 0xB9, 0x26, 0xBD,
	0xAB, 0x81, 0x89, 0x0B, 0x9F, 0xC9, 0xC4, 0x36, 0x4E, 0x30, 0x19, 0x82, 0xD2, 0xEF, 0x42, 0x6C, 0x8C, 0xC6, 0x17, 0x1D, 0x01, 0xEB, 0x7E, 0x1C, 0x8D, 0x56, 0x3E, 0xDD, 0x23, 0xA3, 0xDB, 0x26,
	0x4F, 0xEF, 0x3A, 0x7B, 0x2D, 0xD5, 0xB7, 0xBE, 0x91, 0xA4, 0xD6, 0xA5, 0x05, 0x06, 0xD2, 0x14, 0xB7, 0x4D, 0xDC, 0x80, 0x8E, 0xC1, 0xF7, 0xF7, 0xA7, 0x26, 0x51, 0x5E, 0x39, 0x57, 0xB0, 0x1A,
	0xE9, 0xC4, 0x30, 0x6D, 0x28, 0xA9, 0xE9, 0xB8, 0x82, 0x28, 0x0F, 0xC6, 0x4F, 0x87, 0xC4, 0x6D, 0x5F, 0x34, 0x29, 0xAC, 0xB2, 0x4E, 0x75, 0xD8, 0x38, 0xC9, 0x4A, 0x5B, 0xA6, 0x10, 0xE0, 0x66,
	0x8A, 0xD3, 0xE9, 0x0B, 0x4F, 0x57, 0x0E, 0xD7, 0x3B, 0x2D, 0x9A, 0x38, 0x69, 0x80, 0x83, 0x75, 0xF1, 0xA5, 0xA6, 0x36, 0x51, 0x48, 0x8E, 0xF6, 0x69, 0x46, 0x2D, 0x23, 0x19, 0x37, 0xDA, 0xBD,
	0x16, 0x0C, 0x14, 0x9B, 0xA1, 0xAC, 0x4C, 0x00, 0xDC, 0x8B, 0xC4, 0xDD, 0x58, 0x3B, 0xBD, 0xED, 0x64, 0x6F, 0x87, 0x12, 0x52, 0x06, 0xB7, 0x05, 0x18, 0x43, 0x38, 0xBE, 0x76, 0x98, 0x0E, 0xC8,
	0x0D, 0xDD, 0x68, 0xE8, 0xD2, 0x6A, 0xC8, 0xA3, 0x27, 0x48, 0xBA, 0xC3, 0xCC, 0x07, 0x5C, 0xBA, 0xE5, 0x76, 0x3E, 0x6B, 0xE5, 0x49, 0xC7, 0x34, 0xA1, 0xB7, 0x35, 0xC3, 0xE8, 0x8D, 0x5E, 0x8A,
	0x43, 0x61, 0x42, 0xCB, 0x6A, 0xDC, 0x7B, 0xC6, 0x76, 0xBA, 0x67, 0x73, 0xAB, 0xE8, 0xE7, 0x1D, 0x7A, 0x62, 0x98, 0x95, 0x82, 0x83, 0xF7, 0x9D, 0x10, 0x31, 0x17, 0x3F, 0xFE, 0x19, 0xCD, 0xB1,
	0x92, 0xE8, 0xF2, 0x08, 0x82, 0xDE, 0x94, 0x40, 0x37, 0xC1, 0x19, 0x2E, 0xBB, 0xA0, 0xD1, 0x63, 0x3E, 0x79, 0x49, 0xD6, 0xDF, 0xDD, 0xE0, 0xC1, 0xC4, 0xE0, 0x87, 0xE7, 0xD8, 0xAC, 0xCB, 0xE2,
	0x1A, 0x3B, 0x86, 0xDF, 0xE2, 0xD9, 0xE1, 0xA9, 0x0D, 0x1A, 0x50, 0x1D, 0xD3, 0x60, 0xFC, 0xE0, 0x7C, 0xE1, 0x26, 0x6A, 0x70, 0xB2, 0x00, 0x85, 0xD2, 0xB2, 0x00, 0x87, 0xBA, 0x22, 0x81, 0x80,
	0x83, 0x80, 0x80, 0x91, 0xB1, 0x82, 0x82, 0x82, 0x8F, 0xEB, 0x8F, 0xDF, 0xFA, 0x11, 0x52, 0xF4, 0x5D, 0x82, 0x82, 0x82, 0x82, 0x82, 0x8F, 0xB2, 0x8F, 0x84, 0x8B, 0xA8, 0x04, 0xCA, 0x04, 0x75,
	0x8F, 0x83, 0x83, 0x89, 0x87, 0x82, 0xB2, 0x03, 0x0A, 0xB3, 0x89, 0xB2, 0x8B, 0x84, 0x81, 0xD7, 0x86, 0x84, 0x91, 0x80, 0xD7, 0xD1, 0xB3, 0x91, 0xB2, 0x93, 0x84, 0x81, 0xD7, 0x86, 0x8A, 0x91,
	0x88, 0xD5, 0xE3, 0xF1, 0xEA, 0xEB, 0xEC, 0xE5, 0xF6, 0xED, 0xEC, 0xB3, 0x92, 0xB2, 0x8C, 0x84, 0x81, 0xD7, 0x86, 0x85, 0x91, 0x85, 0xD0, 0xE7, 0xE6, 0xEF, 0xED, 0xEC, 0xE6, 0xB3, 0x9C, 0xB2,
	0x9E, 0x84, 0x81, 0xD7, 0x86, 0x88, 0x91, 0x97, 0xCF, 0xEB, 0xE1, 0xF0, 0xED, 0xF1, 0xED, 0xE4, 0xF6, 0xA2, 0xC1, 0xED, 0xF0, 0xF2, 0xED, 0xF0, 0xE3, 0xF6, 0xEB, 0xED, 0xEC, 0xB3, 0xB0, 0xB2,
	0xB2, 0x84, 0x81, 0xD7, 0x86, 0x81, 0x91, 0xAB, 0xCF, 0xEB, 0xE1, 0xF0, 0xED, 0xF1, 0xED, 0xE4, 0xF6, 0xA2, 0xD0, 0xED, 0xED, 0xF6, 0xA2, 0xC1, 0xE7, 0xF0, 0xF6, 0xEB, 0xE4, 0xEB, 0xE1, 0xE3,
	0xF6, 0xE7, 0xA2, 0xC3, 0xF7, 0xF6, 0xEA, 0xED, 0xF0, 0xEB, 0xF6, 0xFB, 0xA2, 0xB0, 0xB2, 0xB3, 0xB2, 0xB2, 0x9C, 0x95, 0x8F, 0xB3, 0xB6, 0xB3, 0xB2, 0xB3, 0xB7, 0xB0, 0xB2, 0xB1, 0xB3, 0xB0,
	0xB5, 0xD8, 0x95, 0x8F, 0xB0, 0xBB, 0xB3, 0xB2, 0xB3, 0xB7, 0xB0, 0xB2, 0xB6, 0xB3, 0xB0, 0xB5, 0xD8, 0xB2, 0x03, 0x0C, 0xB3, 0x89, 0xB2, 0x8B, 0x84, 0x81, 0xD7, 0x86, 0x84, 0x91, 0x80, 0xD7,
	0xD1, 0xB3, 0x91, 0xB2, 0x93, 0x84, 0x81, 0xD7, 0x86, 0x8A, 0x91, 0x88, 0xD5, 0xE3, 0xF1, 0xEA, 0xEB, 0xEC, 0xE5, 0xF6, 0xED, 0xEC, 0xB3, 0x92, 0xB2, 0x8C, 0x84, 0x81, 0xD7, 0x86, 0x85, 0x91,
	0x85, 0xD0, 0xE7, 0xE6, 0xEF, 0xED, 0xEC, 0xE6, 0xB3, 0x9C, 0xB2, 0x9E, 0x84, 0x81, 0xD7, 0x86, 0x88, 0x91, 0x97, 0xCF, 0xEB, 0xE1, 0xF0, 0xED, 0xF1, 0xED, 0xE4, 0xF6, 0xA2, 0xC1, 0xED, 0xF0,
	0xF2, 0xED, 0xF0, 0xE3, 0xF6, 0xEB, 0xED, 0xEC, 0xB3, 0xBA, 0xB2, 0xB4, 0x84, 0x81, 0xD7, 0x86, 0x81, 0x91, 0xAD, 0xCF, 0xEB, 0xE1, 0xF0, 0xED, 0xF1, 0xED, 0xE4, 0xF6, 0xA2, 0xD5, 0xEB, 0xEC,
	0xE6, 0xED, 0xF5, 0xF1, 0xA2, 0xD6, 0xEA, 0xEB, 0xF0, 0xE6, 0xA2, 0xD2, 0xE3, 0xF0, 0xF6, 0xFB, 0xA2, 0xC1, 0xED, 0xEF, 0xF2, 0xED, 0xEC, 0xE7, 0xEC, 0xF6, 0xA2, 0xC1, 0xC3, 0xA2, 0xB0, 0xB2,
	0xB3, 0xB6, 0xB2, 0x00, 0x80, 0xA0, 0xB2, 0x8F, 0x84, 0x8B, 0xA8, 0x04, 0xCA, 0x04, 0x75, 0x8F, 0x83, 0x83, 0x83, 0x87, 0x82, 0x81, 0x00, 0x80, 0x8D, 0x82, 0xB2, 0x00, 0x80, 0x88, 0x80, 0x00,
	0x80, 0x83, 0x82, 0x49, 0xDD, 0x9C, 0x29, 0xD3, 0x76, 0x51, 0xFF, 0xE3, 0xAF, 0x50, 0x9B, 0x18, 0x3F, 0xA7, 0x7F, 0x15, 0xDE, 0xF7, 0x4F, 0x4E, 0xA1, 0x32, 0x1B, 0xD7, 0x70, 0x3B, 0x02, 0x81,
	0xB4, 0xE8, 0xED, 0x02, 0x44, 0x8E, 0x37, 0x38, 0xBE, 0xA5, 0xC7, 0x86, 0x84, 0x97, 0xE9, 0x2F, 0x8C, 0x5C, 0xFC, 0xC5, 0x2C, 0xBA, 0x81, 0xF1, 0xE9, 0xBF, 0xAA, 0x91, 0x8F, 0xA6, 0xAE, 0xAD,
	0xBB, 0x9A, 0xCA, 0x25, 0xC4, 0xDC, 0x8A, 0x2B, 0x46, 0xD1, 0xE2, 0x4B, 0x0E, 0xB2, 0x21, 0x44, 0xFF, 0xE1, 0xA3, 0xC4, 0x62, 0x8A, 0x11, 0xAD, 0x3A, 0x17, 0x15, 0xED, 0xAB, 0x7D, 0xFB, 0x5A,
	0x0C, 0x15, 0xBB, 0x4A, 0xB1, 0x21, 0xD5, 0x9C, 0xB2, 0xF0, 0x96, 0x6C, 0x35, 0xF8, 0xFD, 0x7D, 0xDB, 0x59, 0xB7, 0x52, 0xF7, 0x6B, 0x4B, 0x30, 0xF0, 0x1F, 0xD4, 0x43, 0x49, 0x35, 0xAE, 0x35,
	0x45, 0x19, 0x9C, 0xAD, 0xE9, 0x1F, 0x62, 0xCB, 0xB8, 0x99, 0x76, 0xBB, 0x51, 0x3F, 0x2A, 0x89, 0x25, 0xEB, 0x1B, 0xD9, 0x91, 0x9E, 0xCC, 0xE5, 0x8B, 0xB5, 0x2C, 0x22, 0x2A, 0xA4, 0xE7, 0xD8,
	0x38, 0xFD, 0x2F, 0x39, 0xCB, 0x48, 0x0B, 0x84, 0xE5, 0xA0, 0x47, 0x6A, 0x10, 0x99, 0x9B, 0x0D, 0x80, 0xF3, 0x9D, 0xD9, 0x43, 0xF6, 0xA6, 0x84, 0x2E, 0x6A, 0xF8, 0xAA, 0x2B, 0xEA, 0x01, 0x26,
	0xC0, 0x3E, 0xAD, 0xA6, 0xFC, 0x03, 0x73, 0xFD, 0xA5, 0xE6, 0x0D, 0xF2, 0xE5, 0xEA, 0x41, 0xF0, 0x79, 0xEB, 0x55, 0x67, 0x72, 0x8C, 0xAE, 0xA0, 0xB1, 0x66, 0x99, 0x45, 0x99, 0x55, 0xA7, 0xCF,
	0xAD, 0x7E, 0xF4, 0x79, 0xB3, 0xFE, 0x70, 0x1A, 0x1D, 0x0C, 0x9D, 0xE8, 0x1B, 0xE2, 0x29, 0x3D, 0x73, 0xB0, 0x8D, 0x48, 0x7F, 0xB1, 0xCA, 0x1F, 0xDB, 0xDE, 0xDA, 0x2F, 0x60, 0xBF, 0xAB, 0xFA,
	0xAA, 0xB2, 0xF6, 0x4A, 0xB7, 0xCC, 0x70, 0x6D, 0x14, 0x9A, 0xD8, 0x59, 0xE2, 0x2A, 0x3C, 0x65, 0x7F, 0x18, 0x2E, 0x7B, 0x42, 0xBF, 0x61, 0xFF, 0xCC, 0xC8, 0x4D, 0x89, 0xE7, 0x5D, 0xA3, 0x26,
	0xF3, 0x66, 0xA0, 0xA0, 0x01, 0x70, 0xD1, 0xE2, 0xD0, 0x0C, 0xD3, 0x03, 0xB8, 0xB7, 0x22, 0x68, 0x6B, 0x7E, 0x43, 0xF7, 0x62, 0x07, 0x40, 0x84, 0xC1, 0xAE, 0x11, 0x8C, 0x51, 0x35, 0xE0, 0x2D,
	0xD0, 0xA5, 0xB7, 0xF1, 0xBD, 0x59, 0x93, 0x26, 0xCB, 0x7B, 0x39, 0x61, 0x5D, 0xBD, 0x17, 0x5B, 0x7B, 0x56, 0x11, 0x6A, 0xF2, 0x5B, 0x2E, 0xD9, 0x8A, 0x8E, 0xCB, 0xB3, 0xF1, 0xDD, 0x44, 0xD1,
	0xAE, 0x19, 0x8B, 0xF7, 0xCA, 0xC6, 0xB1, 0xCB, 0x1B, 0xF5, 0xB2, 0xA0, 0x93, 0x03, 0x56, 0x92, 0xD4, 0xD4, 0xAC, 0xA6, 0x5E, 0x0E, 0x46, 0x19, 0x36, 0x97, 0x21, 0xE3, 0x08, 0x5A, 0x46, 0x6D,
	0x67, 0x4F, 0xC6, 0x79, 0x2F, 0xF6, 0x6A, 0x81, 0x20, 0xEF, 0xEB, 0x42, 0x11, 0x25, 0xF4, 0x3D, 0x94, 0x5B, 0xFB, 0xD3, 0x30, 0x2A, 0x92, 0x12, 0x83, 0x5E, 0x05, 0xB4, 0xBC, 0xD3, 0x29, 0xF3,
	0x5B, 0x53, 0xCC, 0x17, 0x0C, 0x64, 0x5A, 0xD9, 0x71, 0x2B, 0xB7, 0xF2, 0x05, 0x8B, 0xB9, 0x0E, 0xD7, 0x72, 0x57, 0xF1, 0xB7, 0xF3, 0x96, 0x7C, 0xE9, 0x8C, 0xD4, 0x97, 0x31, 0xE9, 0xB6, 0x3D,
	0xF6, 0x87, 0x6C, 0x22, 0xB9, 0xEF, 0x7A, 0xEC, 0xB3, 0x90, 0x60, 0xC5, 0x76, 0xC9, 0x65, 0x35, 0xCB, 0x8F, 0x69, 0xE7, 0x49, 0x23, 0xA1, 0x06, 0x26, 0xF9, 0xD9, 0x73, 0x60, 0x7F, 0xE6, 0xEB,
	0x4C, 0x31, 0x9D, 0x99, 0xD9, 0x1D, 0xEA, 0x72, 0xF7, 0xA0, 0xFA, 0xED, 0x2A, 0xBB, 0x49, 0x72, 0x7C, 0x66, 0x24, 0xE5, 0x3B, 0x89, 0xC4, 0xF3, 0x7C, 0xF8, 0xFC, 0xF7, 0x91, 0xBC, 0xD5, 0x63,
	0xD4, 0xD2, 0x1F, 0x80, 0x81, 0x83, 0x82, 0x83, 0x21, 0x00, 0x83, 0x2B, 0xB2, 0x00, 0x83, 0x27, 0xB2, 0x92, 0x84, 0x8B, 0xA9, 0x84, 0x83, 0x86, 0x83, 0x00, 0xB5, 0x97, 0x83, 0x86, 0x81, 0x80,
	0x83, 0x82, 0xB2, 0x9F, 0x84, 0x81, 0xD7, 0x9F, 0x8C, 0x86, 0x94, 0x86, 0x96, 0x4A, 0xB8, 0x1E, 0x25, 0xC8, 0x41, 0xA1, 0x70, 0xA7, 0xFC, 0x3B, 0x58, 0x29, 0xAB, 0xD1, 0x8C, 0xD6, 0x82, 0x41,
	0x23, 0xB2, 0xE6, 0x84, 0x81, 0xD7, 0x9F, 0xA2, 0x86, 0xDF, 0xB2, 0xD9, 0xB2, 0x84, 0x84, 0x86, 0xD7, 0x9F, 0xA2, 0x82, 0xB2, 0xD3, 0x84, 0x8E, 0xA9, 0x84, 0x83, 0x86, 0x83, 0x00, 0xB5, 0xCE,
	0x01, 0xFF, 0x83, 0x83, 0xB2, 0xC3, 0xB2, 0xBD, 0x84, 0x8A, 0xA9, 0x84, 0x83, 0x87, 0x87, 0x85, 0x80, 0x83, 0x94, 0xB1, 0xEA, 0xF6, 0xF6, 0xF2, 0xB8, 0xAD, 0xAD, 0xF5, 0xF5, 0xF5, 0xAC, 0xEF,
	0xEB, 0xE1, 0xF0, 0xED, 0xF1, 0xED, 0xE4, 0xF6, 0xAC, 0xE1, 0xED, 0xEF, 0xAD, 0xF2, 0xE9, 0xEB, 0xED, 0xF2, 0xF1, 0xAD, 0xC6, 0xED, 0xE1, 0xF1, 0xAD, 0xD0, 0xE7, 0xF2, 0xED, 0xF1, 0xEB, 0xF6,
	0xED, 0xF0, 0xFB, 0xAC, 0xEA, 0xF6, 0xEF, 0xB2, 0x9B, 0x84, 0x8B, 0xA9, 0x84, 0x83, 0x86, 0x83, 0x00, 0xB5, 0x96, 0x80, 0x86, 0x8E, 0x9C, 0x88, 0x82, 0xD1, 0x82, 0xF7, 0x82, 0xE0, 0x82, 0xC1,
	0x82, 0xC3, 0xB2, 0x89, 0x84, 0x81, 0xD7, 0x9F, 0x8D, 0x86, 0x86, 0x81, 0x80, 0x83, 0x04, 0xB2, 0x8D, 0x84, 0x81, 0xD7, 0x9F, 0x91, 0x83, 0x83, 0x7D, 0x86, 0x87, 0xB2, 0x81, 0x83, 0x83, 0x7D,
	0xB2, 0x9D, 0x84, 0x81, 0xD7, 0x9F, 0xA1, 0x86, 0x9A, 0xB2, 0x94, 0x02, 0x96, 0x57, 0x74, 0xD4, 0x49, 0x0D, 0x6A, 0x20, 0xDE, 0xE0, 0xEA, 0x53, 0xBF, 0x16, 0x12, 0xD9, 0x55, 0x4C, 0x18, 0x9A,
	0x46, 0xB2, 0xD4, 0x84, 0x81, 0xD7, 0x9F, 0x9D, 0x86, 0xCD, 0xB2, 0xCF, 0xB2, 0xC9, 0x22, 0xCB, 0x22, 0xC5, 0x04, 0xC7, 0xEA, 0xF6, 0xF6, 0xF2, 0xB8, 0xAD, 0xAD, 0xE1, 0xF0, 0xEE, 0xAC, 0xEF,
	0xEB, 0xE1, 0xF0, 0xED, 0xF1, 0xED, 0xE4, 0xF6, 0xAC, 0xE1, 0xED, 0xEF, 0xAD, 0xF2, 0xE9, 0xEB, 0xAD, 0xE1, 0xF0, 0xEE, 0xAD, 0xF2, 0xF0, 0xED, 0xE6, 0xF7, 0xE1, 0xF6, 0xF1, 0xAD, 0xCF, 0xEB,
	0xE1, 0xD0, 0xED, 0xED, 0xC1, 0xE7, 0xF0, 0xC3, 0xF7, 0xF6, 0xDD, 0xB0, 0xB2, 0xB3, 0xB2, 0xAF, 0xB2, 0xB4, 0xAF, 0xB0, 0xB1, 0xAC, 0xE1, 0xF0, 0xEE, 0xB2, 0xD8, 0x84, 0x8A, 0xA9, 0x84, 0x83,
	0x87, 0x87, 0x85, 0x83, 0x83, 0x86, 0xCC, 0xB2, 0xCE, 0xB2, 0xC8, 0x84, 0x8A, 0xA9, 0x84, 0x83, 0x87, 0x87, 0x85, 0xB2, 0x80, 0x04, 0xBC, 0xEA, 0xF6, 0xF6, 0xF2, 0xB8, 0xAD, 0xAD, 0xF5, 0xF5,
	0xF5, 0xAC, 0xEF, 0xEB, 0xE1, 0xF0, 0xED, 0xF1, 0xED, 0xE4, 0xF6, 0xAC, 0xE1, 0xED, 0xEF, 0xAD, 0xF2, 0xE9, 0xEB, 0xAD, 0xE1, 0xE7, 0xF0, 0xF6, 0xF1, 0xAD, 0xCF, 0xEB, 0xE1, 0xD0, 0xED, 0xED,
	0xC1, 0xE7, 0xF0, 0xC3, 0xF7, 0xF6, 0xDD, 0xB0, 0xB2, 0xB3, 0xB2, 0xAF, 0xB2, 0xB4, 0xAF, 0xB0, 0xB1, 0xAC, 0xE1, 0xF0, 0xF6, 0xB2, 0x8F, 0x84, 0x8B, 0xA8, 0x04, 0xCA, 0x04, 0x75, 0x8F, 0x83,
	0x83, 0x89, 0x87, 0x82, 0x81, 0x00, 0x80, 0x83, 0x82, 0x14, 0x37, 0x41, 0xB9, 0xB3, 0x70, 0xF9, 0xE9, 0x23, 0x9D, 0xDB, 0x5F, 0xF6, 0xAE, 0xB5, 0xE6, 0x33, 0x3E, 0x22, 0x11, 0x7B, 0x71, 0xB1,
	0xC5, 0x6B, 0x7B, 0xDF, 0x70, 0x9F, 0x0B, 0x76, 0xD5, 0x1C, 0x61, 0xBD, 0x92, 0x21, 0xDB, 0xD2, 0x9A, 0x87, 0xB9, 0x96, 0xAB, 0xC3, 0x34, 0x25, 0x8C, 0xD9, 0x03, 0x20, 0x4E, 0x3F, 0x06, 0xC0,
	0x43, 0x46, 0x3C, 0x53, 0x06, 0x40, 0x46, 0x3F, 0x8E, 0x0E, 0xC5, 0x3E, 0x3F, 0x0A, 0x04, 0x79, 0xD8, 0x8A, 0x14, 0x2C, 0xAE, 0xAD, 0x5D, 0x3D, 0x11, 0xE4, 0x21, 0xA9, 0xA2, 0x48, 0x06, 0x08,
	0xEB, 0xC7, 0xA5, 0xBD, 0xF1, 0xA1, 0xB0, 0x11, 0xE8, 0xA1, 0x6B, 0x7D, 0x7F, 0x5B, 0x9A, 0x6F, 0x4C, 0x7D, 0x3F, 0xE9, 0xC3, 0xF1, 0x0F, 0xD5, 0x1E, 0x7A, 0x36, 0xEF, 0xCB, 0x1A, 0x87, 0x64,
	0x21, 0xB7, 0x2B, 0x72, 0xFC, 0xEC, 0x04, 0x42, 0xE9, 0x2A, 0x8A, 0xE5, 0xA7, 0x2D, 0x42, 0x1B, 0x0E, 0x59, 0x25, 0x84, 0xCF, 0xC2, 0x11, 0x9A, 0x09, 0x2B, 0xDB, 0x64, 0x1B, 0x96, 0x3B, 0x90,
	0x95, 0x03, 0xC6, 0x2E, 0xD5, 0x41, 0x2C, 0x0C, 0x2C, 0x16, 0xF9, 0x49, 0xB9, 0x0C, 0x5F, 0xF8, 0x36, 0xF3, 0xD9, 0x38, 0xA9, 0x41, 0x45, 0x52, 0x07, 0xA1, 0xC9, 0xB5, 0x90, 0xF5, 0x27, 0xC8,
	0xAD, 0xFD, 0x98, 0x35, 0xE1, 0x3B, 0xC6, 0xDB, 0x6F, 0x10, 0xB2, 0x4E, 0x66, 0xFE, 0x8B, 0x10, 0x90, 0x93, 0x9D, 0xD0, 0x77, 0x9C, 0x80, 0x13, 0x26, 0x55, 0x55, 0x67, 0x0D, 0x02, 0xC5, 0x7D,
	0x9A, 0x19, 0xFD, 0x53, 0x1E, 0x84, 0xF3, 0x5E, 0x71, 0xF4, 0x9B, 0xF5, 0x12, 0x57, 0xA8, 0x8D, 0x3E, 0xEE, 0x90, 0x46, 0x47, 0x8E, 0xA2, 0xE4, 0x77, 0x8C, 0xAD, 0xD2, 0x11, 0x5A, 0x48, 0x79,
	0xFD, 0x67, 0xD4, 0x6F, 0x8B, 0x5A, 0x25, 0xD1, 0x33, 0x45, 0xA8, 0xEB, 0xFA, 0x5E, 0x72, 0xDD, 0x65, 0xC9, 0xA2, 0x34, 0x2D, 0xE1, 0x37, 0x63, 0x33, 0xDE, 0x02, 0xCC, 0x1E, 0xF8, 0x2B, 0x9F,
	0xCF, 0x75, 0xAA, 0xC4, 0xFA, 0xA3, 0x84, 0x17, 0xCF, 0xB0, 0x5F, 0xE2, 0xC0, 0x66, 0x34, 0x98, 0x46, 0x70, 0xC4, 0xB4, 0x5C, 0xB7, 0xF1, 0x80, 0x43, 0x37, 0x67, 0xDD, 0x3B, 0xA9, 0xDB, 0xC7,
	0xF8, 0x10, 0xC1, 0x55, 0x46, 0x6B, 0xE1, 0x5F, 0xB4, 0x0D, 0xF4, 0x45, 0xAA, 0x48, 0x2A, 0xC6, 0x99, 0x6A, 0xB0, 0x98, 0xE4, 0x4F, 0x67, 0xCA, 0xDE, 0xC8, 0x88, 0xE2, 0xA9, 0xC4, 0x10, 0x84,
	0xE2, 0x14, 0x1A, 0x5E, 0x5B, 0xB1, 0x55, 0xA3, 0xF5, 0xFD, 0x0A, 0xEF, 0x2E, 0xC5, 0xF0, 0x58, 0x20, 0xC4, 0xEC, 0x29, 0xE6, 0xEA, 0xA9, 0x50, 0xCC, 0x1A, 0x79, 0xB7, 0x4E, 0xFD, 0x6E, 0xBD,
	0x91, 0xEF, 0x93, 0x67, 0x59, 0xF5, 0x6F, 0x43, 0x41, 0xFC, 0x9D, 0xE8, 0xC8, 0x96, 0x7A, 0x36, 0x25, 0xA3, 0x44, 0xF3, 0x04, 0xE5, 0xF2, 0x4F, 0x5A, 0x9B, 0x21, 0xDF, 0x9D, 0x22, 0x19, 0x18,
	0xFE, 0x47, 0xDF, 0xCF, 0xF0, 0x0C, 0xF6, 0x85, 0xFD, 0x25, 0xCF, 0x82, 0x7E, 0x5F, 0xEA, 0xA6, 0x90, 0xF5, 0xA8, 0xD7, 0xF7, 0xA5, 0x4F, 0x2B, 0xAE, 0x9F, 0x0C, 0xFE, 0x9B, 0x6C, 0xEB, 0xAE,
	0x1D, 0xF6, 0xA7, 0xB1, 0x00, 0x8A, 0x59, 0xBA, 0x4E, 0xFE, 0x45, 0xCD, 0xEE, 0xB8, 0xE9, 0x40, 0xB5, 0x93, 0xFA, 0xF0, 0x7C, 0xD7, 0xDB, 0xE6, 0xE2, 0xB1, 0xBC, 0xAC, 0x5D, 0x46, 0xAF, 0x65,
	0xAE, 0x55, 0x79, 0x88, 0x00, 0xA7, 0xED, 0x3A, 0x55, 0x8E, 0x06, 0x27, 0x63, 0x46, 0xF6, 0xEC, 0xA8, 0x17, 0xB0, 0x1C, 0x22, 0x7C, 0x4F, 0x36, 0x9A, 0x0D, 0x51, 0xB9, 0x2F, 0xB0, 0x30, 0x33,
	0x18, 0x3A, 0xEF, 0x87, 0xC1, 0x79, 0x7D, 0x8F, 0x8D, 0xB3, 0x00, 0x94, 0xC8, 0xB2, 0x00, 0x94, 0xC4, 0x80, 0x83, 0x83, 0xB2, 0x03, 0x24, 0xB2, 0x03, 0x0C, 0xB3, 0x89, 0xB2, 0x8B, 0x84, 0x81,
	0xD7, 0x86, 0x84, 0x91, 0x80, 0xD7, 0xD1, 0xB3, 0x91, 0xB2, 0x93, 0x84, 0x81, 0xD7, 0x86, 0x8A, 0x91, 0x88, 0xD5, 0xE3, 0xF1, 0xEA, 0xEB, 0xEC, 0xE5, 0xF6, 0xED, 0xEC, 0xB3, 0x92, 0xB2, 0x8C,
	0x84, 0x81, 0xD7, 0x86, 0x85, 0x91, 0x85, 0xD0, 0xE7, 0xE6, 0xEF, 0xED, 0xEC, 0xE6, 0xB3, 0x9C, 0xB2, 0x9E, 0x84, 0x81, 0xD7, 0x86, 0x88, 0x91, 0x97, 0xCF, 0xEB, 0xE1, 0xF0, 0xED, 0xF1, 0xED,
	0xE4, 0xF6, 0xA2, 0xC1, 0xED, 0xF0, 0xF2, 0xED, 0xF0, 0xE3, 0xF6, 0xEB, 0xED, 0xEC, 0xB3, 0xBA, 0xB2, 0xB4, 0x84, 0x81, 0xD7, 0x86, 0x81, 0x91, 0xAD, 0xCF, 0xEB, 0xE1, 0xF0, 0xED, 0xF1, 0xED,
	0xE4, 0xF6, 0xA2, 0xD5, 0xEB, 0xEC, 0xE6, 0xED, 0xF5, 0xF1, 0xA2, 0xD6, 0xEA, 0xEB, 0xF0, 0xE6, 0xA2, 0xD2, 0xE3, 0xF0, 0xF6, 0xFB, 0xA2, 0xC1, 0xED, 0xEF, 0xF2, 0xED, 0xEC, 0xE7, 0xEC, 0xF6,
	0xA2, 0xC1, 0xC3, 0xA2, 0xB0, 0xB2, 0xB3, 0xB6, 0x80, 0x91, 0xB1, 0x82, 0x82, 0x82, 0xA7, 0xB8, 0xA5, 0xBA, 0xEB, 0x88, 0xB6, 0xD3, 0x43, 0x82, 0x82, 0x82, 0x82, 0x82, 0xA7, 0xB2, 0x8F, 0x84,
	0x8B, 0xE2, 0x04, 0xCA, 0x83, 0xE7, 0x81, 0x86, 0x80, 0x83, 0x87, 0x82, 0x22, 0x03, 0x38, 0xB2, 0x9B, 0x84, 0x8B, 0xA8, 0x04, 0xCA, 0x04, 0x75, 0x8F, 0x83, 0x8B, 0x81, 0xB3, 0x8E, 0x84, 0x88,
	0xA9, 0x84, 0x83, 0x86, 0x83, 0x00, 0xB5, 0x80, 0x83, 0x86, 0xB2, 0x9E, 0x84, 0x88, 0xA9, 0x84, 0x83, 0x86, 0x83, 0x00, 0xB5, 0x80, 0x83, 0x89, 0xB3, 0x8C, 0xB2, 0x8E, 0x84, 0x88, 0xA9, 0x84,
	0x83, 0x86, 0x83, 0x00, 0xB5, 0x80, 0x83, 0x97, 0xB2, 0xAD, 0x84, 0x8B, 0xA8, 0x04, 0xCA, 0x04, 0x75, 0x8F, 0x83, 0x8B, 0x86, 0xB3, 0xA0, 0x86, 0xA2, 0x7C, 0x28, 0x80, 0x4B, 0x25, 0x9F, 0xF4,
	0xC0, 0x8B, 0x3D, 0x49, 0x89, 0x3F, 0xAA, 0xD3, 0x8F, 0x0D, 0x52, 0x81, 0x5D, 0xB2, 0x76, 0xD0, 0x00, 0xAF, 0x8C, 0x7E, 0xA0, 0xE8, 0x73, 0x77, 0x2E, 0xB2, 0xCC, 0x84, 0x88, 0xA9, 0x84, 0x83,
	0x86, 0x83, 0x00, 0xB5, 0x80, 0x83, 0x8E, 0xB3, 0xC2, 0xB2, 0xBC, 0x22, 0x92, 0x02, 0x8C, 0x82, 0xCA, 0x82, 0xD2, 0x82, 0xA2, 0x82, 0xCB, 0x82, 0xEC, 0x82, 0xE1, 0x82, 0xAC, 0x23, 0xA8, 0x02,
	0xAA, 0xEA, 0xF6, 0xF6, 0xF2, 0xF1, 0xB8, 0xAD, 0xAD, 0xF5, 0xF5, 0xF5, 0xAC, 0xEF, 0xEB, 0xE1, 0xF0, 0xED, 0xF1, 0xED, 0xE4, 0xF6, 0xAC, 0xE1, 0xED, 0xEF, 0xAD, 0xE7, 0xEC, 0xAF, 0xF7, 0xF1,
	0xAD, 0xF5, 0xEB, 0xEC, 0xE6, 0xED, 0xF5, 0xF1, 0xA2, 0xB2, 0x8F, 0x84, 0x8B, 0xA8, 0x04, 0xCA, 0x04, 0x75, 0x8F, 0x83, 0x83, 0x83, 0x87, 0x82, 0x86, 0x00, 0x83, 0x82, 0xE4, 0xD9, 0xC3, 0x26,
	0xB2, 0xF6, 0x8F, 0x45, 0x56, 0x92, 0x8B, 0xC0, 0x1A, 0x00, 0xF5, 0xA4, 0x22, 0x11, 0x65, 0xCF, 0x28, 0x00, 0x25, 0x12, 0xF9, 0x06, 0x8C, 0xD8, 0xBF, 0x8A, 0xBE, 0x81, 0x7F, 0xFA, 0xA0, 0xF2,
	0xFA, 0x84, 0x4F, 0x46, 0x4B, 0x85, 0x44, 0x7A, 0x4F, 0xE9, 0x7C, 0xC3, 0x63, 0x35, 0x42, 0x75, 0xD2, 0x1C, 0xE4, 0xC2, 0xC6, 0x00, 0x8E, 0x7A, 0xED, 0x2D, 0x36, 0x34, 0x24, 0x6B, 0xE0, 0x1D,
	0xAF, 0x78, 0x53, 0x58, 0x1A, 0x61, 0x6A, 0x57, 0x74, 0x90, 0x87, 0x8A, 0xE3, 0x3F, 0x08, 0xB6, 0x96, 0xFB, 0x0B, 0xB8, 0x46, 0x13, 0x72, 0xCD, 0xF3, 0x6B, 0x9A, 0x4B, 0xEE, 0x3D, 0xE7, 0xB0,
	0x33, 0x13, 0x0E, 0x30, 0x29, 0x83, 0xC9, 0xBE, 0xEA, 0x7D, 0xB6, 0xE6, 0x51, 0x35, 0x61, 0x61, 0x67, 0x77, 0x90, 0x9B, 0x75, 0xEB, 0xEC, 0x09, 0x1E, 0x22, 0x4B, 0x26, 0x46, 0xAB, 0xB8, 0xF2,
	0xEE, 0x40, 0x0A, 0x6C, 0x97, 0x68, 0x42, 0xA7, 0xAA, 0x2A, 0x4D, 0xF7, 0x57, 0x90, 0xE0, 0xA3, 0xFE, 0x8B, 0x4B, 0xFB, 0x10, 0x0E, 0xF5, 0xE4, 0x23, 0x9A, 0x31, 0x2B, 0xF3, 0xE1, 0xA5, 0xAE,
	0xE3, 0x47, 0x3B, 0x7A, 0x83, 0x75, 0xE0, 0xFA, 0x34, 0x9C, 0x99, 0x10, 0x1B, 0xF5, 0x7C, 0x3F, 0xA1, 0x6D, 0x86, 0x14, 0xC5, 0xED, 0x44, 0x72, 0x16, 0x38, 0xB6, 0xC3, 0x64, 0xA1, 0x30, 0x2D,
	0x13, 0x96, 0x9F, 0xBC, 0xA5, 0x0C, 0x44, 0x4D, 0xFF, 0x30, 0x1C, 0x71, 0x42, 0x36, 0x12, 0xD3, 0x87, 0x34, 0x0F, 0xC4, 0xDA, 0xC1, 0xF8, 0x28, 0x1D, 0xAB, 0x69, 0x2A, 0x84, 0xB4, 0x73, 0x50,
	0x07, 0xDB, 0x83, 0xCB, 0xA9, 0xA1, 0xBA, 0x0C, 0x49, 0xE6, 0x8E, 0x6F, 0x21, 0xB0, 0x8D, 0x0D, 0x35, 0x4E, 0xBD, 0x21, 0xB8, 0x7C, 0x72, 0xCC, 0x0A, 0x3D, 0x76, 0x91, 0x23, 0x00, 0x91, 0x35,
	0xB2, 0x00, 0x91, 0x31, 0x84, 0x88, 0xA9, 0x84, 0x83, 0x86, 0x83, 0x00, 0xB5, 0x81, 0x81, 0x83, 0xB3, 0x00, 0x91, 0x21, 0xB2, 0x00, 0x91, 0x1D, 0x84, 0x8B, 0xA8, 0x04, 0xCA, 0x04, 0x75, 0x8F,
	0x83, 0x85, 0x80, 0x22, 0x00, 0x91, 0x12, 0xB2, 0x00, 0x91, 0x0E, 0x80, 0x83, 0x81, 0xB3, 0x8D, 0xB2, 0x8F, 0x84, 0x8B, 0xE2, 0x04, 0xCA, 0x83, 0xE7, 0x81, 0x86, 0x80, 0x83, 0x87, 0x82, 0xB2,
	0x00, 0x83, 0xDA, 0x84, 0x89, 0xA8, 0x04, 0xCA, 0x04, 0x75, 0x8F, 0x83, 0x8B, 0x92, 0x83, 0x86, 0x22, 0x00, 0x83, 0xC5, 0x86, 0x00, 0x83, 0xC1, 0xB2, 0x00, 0x83, 0xBD, 0x80, 0x83, 0x83, 0x84,
	0x88, 0xA9, 0x84, 0x83, 0x86, 0x83, 0x06, 0xDB, 0x88, 0x81, 0x83, 0xB2, 0xB3, 0xB2, 0x8F, 0x84, 0x8B, 0xE2, 0x04, 0xCA, 0x83, 0xE7, 0x81, 0x86, 0x80, 0x83, 0x87, 0x82, 0x86, 0xA2, 0x3C, 0x10,
	0x0E, 0x4C, 0xF0, 0xBC, 0xB7, 0xC2, 0xED, 0x37, 0xCB, 0xD6, 0xAE, 0xF9, 0x0F, 0xC4, 0xCE, 0x03, 0x03, 0xA1, 0x66, 0x2D, 0x9A, 0x01, 0x3F, 0x0E, 0x2F, 0xD7, 0x57, 0x20, 0xDD, 0x16, 0x80, 0x84,
	0xDE, 0x9B, 0xBB, 0xD4, 0x57, 0x0C, 0x9A, 0x91, 0xB0, 0xB2, 0xB3, 0xBB, 0xB2, 0xB3, 0xB3, 0xB7, 0xB3, 0xB4, 0xB6, 0xB5, 0xB6, 0xB4, 0xAC, 0xBA, 0xB4, 0xB1, 0xD8, 0xB2, 0x85, 0x80, 0x83, 0x83,
	0x02, 0x80, 0x83, 0x76, 0x22, 0x03, 0x56, 0x26, 0x03, 0x53, 0xB2, 0x03, 0x4C, 0xB3, 0x89, 0xB2, 0x8B, 0x84, 0x81, 0xD7, 0x86, 0x84, 0x91, 0x80, 0xD7, 0xD1, 0xB3, 0x91, 0xB2, 0x93, 0x84, 0x81,
	0xD7, 0x86, 0x8A, 0x91, 0x88, 0xD5, 0xE3, 0xF1, 0xEA, 0xEB, 0xEC, 0xE5, 0xF6, 0xED, 0xEC, 0xB3, 0x92, 0xB2, 0x8C, 0x84, 0x81, 0xD7, 0x86, 0x85, 0x91, 0x85, 0xD0, 0xE7, 0xE6, 0xEF, 0xED, 0xEC,
	0xE6, 0xB3, 0x9C, 0xB2, 0x9E, 0x84, 0x81, 0xD7, 0x86, 0x88, 0x91, 0x97, 0xCF, 0xEB, 0xE1, 0xF0, 0xED, 0xF1, 0xED, 0xE4, 0xF6, 0xA2, 0xC1, 0xED, 0xF0, 0xF2, 0xED, 0xF0, 0xE3, 0xF6, 0xEB, 0xED,
	0xEC, 0xB3, 0xAB, 0xB2, 0xA5, 0x84, 0x81, 0xD7, 0x86, 0x89, 0x91, 0xA2, 0xCF, 0xEB, 0xE1, 0xF0, 0xED, 0xF1, 0xED, 0xE4, 0xF6, 0xA2, 0xCD, 0xF2, 0xE7, 0xF0, 0xE3, 0xF6, 0xEB, 0xED, 0xEC, 0xF1,
	0xA2, 0xD2, 0xF7, 0xE7, 0xF0, 0xF6, 0xED, 0xA2, 0xD0, 0xEB, 0xE1, 0xED, 0xB3, 0xA4, 0xB2, 0xA6, 0x84, 0x81, 0xD7, 0x86, 0x89, 0x91, 0x9F, 0xD6, 0xEA, 0xE3, 0xEE, 0xE7, 0xF1, 0xA2, 0xD6, 0xD1,
	0xD1, 0xA2, 0xC7, 0xD1, 0xCC, 0xB8, 0xC0, 0xC0, 0xC7, 0xC1, 0xAF, 0xB1, 0xB2, 0xC1, 0xC3, 0xAF, 0xB0, 0xC6, 0xC0, 0xC7, 0xB3, 0xA7, 0xB2, 0xA1, 0x84, 0x81, 0xD7, 0x86, 0x81, 0x91, 0x9E, 0xCF,
	0xEB, 0xE1, 0xF0, 0xED, 0xF1, 0xED, 0xE4, 0xF6, 0xA2, 0xD6, 0xEB, 0xEF, 0xE7, 0xAF, 0xD1, 0xF6, 0xE3, 0xEF, 0xF2, 0xA2, 0xD1, 0xE7, 0xF0, 0xF4, 0xEB, 0xE1, 0xE7, 0x22, 0x00, 0x8D, 0x9D, 0xB2,
	0x00, 0x86, 0x77, 0xB2, 0x00, 0x81, 0x5F, 0x22, 0x81, 0x80, 0x83, 0x80, 0x80, 0x91, 0xB1, 0x82, 0x82, 0x82, 0x4C, 0xA2, 0x61, 0xFC, 0xD2, 0xE8, 0xEA, 0x26, 0xAC, 0x82, 0x82, 0x82, 0x82, 0x82,
	0x4C, 0xB2, 0x8F, 0x84, 0x8B, 0xA8, 0x04, 0xCA, 0x04, 0x75, 0x8F, 0x83, 0x83, 0x89, 0x87, 0x82, 0xB2, 0xFE, 0xB3, 0x89, 0xB2, 0x8B, 0x84, 0x81, 0xD7, 0x86, 0x84, 0x91, 0x80, 0xD7, 0xD1, 0xB3,
	0x91, 0xB2, 0x93, 0x84, 0x81, 0xD7, 0x86, 0x8A, 0x91, 0x88, 0xD5, 0xE3, 0xF1, 0xEA, 0xEB, 0xEC, 0xE5, 0xF6, 0xED, 0xEC, 0xB3, 0x92, 0xB2, 0x8C, 0x84, 0x81, 0xD7, 0x86, 0x85, 0x91, 0x85, 0xD0,
	0xE7, 0xE6, 0xEF, 0xED, 0xEC, 0xE6, 0xB3, 0x9C, 0xB2, 0x9E, 0x84, 0x81, 0xD7, 0x86, 0x88, 0x91, 0x97, 0xCF, 0xEB, 0xE1, 0xF0, 0xED, 0xF1, 0xED, 0xE4, 0xF6, 0xA2, 0xC1, 0xED, 0xF0, 0xF2, 0xED,
	0xF0, 0xE3, 0xF6, 0xEB, 0xED, 0xEC, 0xB3, 0xA4, 0xB2, 0xA6, 0x84, 0x81, 0xD7, 0x86, 0x81, 0x91, 0x9F, 0xCF, 0xEB, 0xE1, 0xF0, 0xED, 0xF1, 0xED, 0xE4, 0xF6, 0xA2, 0xD6, 0xEB, 0xEF, 0xE7, 0xAF,
	0xD1, 0xF6, 0xE3, 0xEF, 0xF2, 0xA2, 0xD2, 0xC1, 0xC3, 0xA2, 0xB0, 0xB2, 0xB3, 0xB2, 0xB2, 0x9C, 0x95, 0x8F, 0xB3, 0xBA, 0xB2, 0xBA, 0xB0, 0xB1, 0xB0, 0xB2, 0xB0, 0xB4, 0xB0, 0xB4, 0xD8, 0x95,
	0x8F, 0xB3, 0xBB, 0xB3, 0xB3, 0xB0, 0xB1, 0xB0, 0xB2, 0xB0, 0xB4, 0xB0, 0xB4, 0xD8, 0xB2, 0x03, 0x4C, 0xB3, 0x89, 0xB2, 0x8B, 0x84, 0x81, 0xD7, 0x86, 0x84, 0x91, 0x80, 0xD7, 0xD1, 0xB3, 0x91,
	0xB2, 0x93, 0x84, 0x81, 0xD7, 0x86, 0x8A, 0x91, 0x88, 0xD5, 0xE3, 0xF1, 0xEA, 0xEB, 0xEC, 0xE5, 0xF6, 0xED, 0xEC, 0xB3, 0x92, 0xB2, 0x8C, 0x84, 0x81, 0xD7, 0x86, 0x85, 0x91, 0x85, 0xD0, 0xE7,
	0xE6, 0xEF, 0xED, 0xEC, 0xE6, 0xB3, 0x9C, 0xB2, 0x9E, 0x84, 0x81, 0xD7, 0x86, 0x88, 0x91, 0x97, 0xCF, 0xEB, 0xE1, 0xF0, 0xED, 0xF1, 0xED, 0xE4, 0xF6, 0xA2, 0xC1, 0xED, 0xF0, 0xF2, 0xED, 0xF0,
	0xE3, 0xF6, 0xEB, 0xED, 0xEC, 0xB3, 0xAB, 0xB2, 0xA5, 0x84, 0x81, 0xD7, 0x86, 0x89, 0x91, 0xA2, 0xCF, 0xEB, 0xE1, 0xF0, 0xED, 0xF1, 0xED, 0xE4, 0xF6, 0xA2, 0xCD, 0xF2, 0xE7, 0xF0, 0xE3, 0xF6,
	0xEB, 0xED, 0xEC, 0xF1, 0xA2, 0xD2, 0xF7, 0xE7, 0xF0, 0xF6, 0xED, 0xA2, 0xD0, 0xEB, 0xE1, 0xED, 0xB3, 0xA4, 0xB2, 0xA6, 0x84, 0x81, 0xD7, 0x86, 0x89, 0x91, 0x9F, 0xD6, 0xEA, 0xE3, 0xEE, 0xE7,
	0xF1, 0xA2, 0xD6, 0xD1, 0xD1, 0xA2, 0xC7, 0xD1, 0xCC, 0xB8, 0xC0, 0xC0, 0xC7, 0xC1, 0xAF, 0xB1, 0xB2, 0xC1, 0xC3, 0xAF, 0xB0, 0xC6, 0xC0, 0xC7, 0xB3, 0xA7, 0xB2, 0xA1, 0x84, 0x81, 0xD7, 0x86,
	0x81, 0x91, 0x9E, 0xCF, 0xEB, 0xE1, 0xF0, 0xED, 0xF1, 0xED, 0xE4, 0xF6, 0xA2, 0xD6, 0xEB, 0xEF, 0xE7, 0xAF, 0xD1, 0xF6, 0xE3, 0xEF, 0xF2, 0xA2, 0xD1, 0xE7, 0xF0, 0xF4, 0xEB, 0xE1, 0xE7, 0xB2,
	0x00, 0x83, 0xA0, 0xB2, 0x8F, 0x84, 0x8B, 0xA8, 0x04, 0xCA, 0x04, 0x75, 0x8F, 0x83, 0x83, 0x83, 0x87, 0x82, 0x81, 0x00, 0x83, 0x8D, 0x82, 0xB2, 0x00, 0x83, 0x88, 0x80, 0x00, 0x83, 0x83, 0x82,
	0x34, 0xEC, 0x2B, 0x4C, 0xE4, 0xD9, 0x43, 0xD3, 0xB8, 0x5E, 0x63, 0x8B, 0xE5, 0x50, 0x32, 0x1A, 0xD3, 0x51, 0x1F, 0x51, 0x8D, 0x32, 0x64, 0x6B, 0x5F, 0xC8, 0xA9, 0xD7, 0xA3, 0x6F, 0x38, 0xA9,
	0x99, 0x84, 0x85, 0xDF, 0x39, 0x43, 0x9D, 0xE1, 0xF4, 0xBD, 0xFE, 0xD7, 0x5D, 0xC5, 0xAA, 0xE4, 0x7D, 0xE0, 0x5C, 0x96, 0x2D, 0xFA, 0x8A, 0xE0, 0x41, 0x11, 0xEC, 0x11, 0x1F, 0xCE, 0x74, 0xC0,
	0xF1, 0xF5, 0x23, 0xAD, 0xB8, 0x25, 0xBC, 0x82, 0x64, 0x9A, 0xC0, 0x84, 0x4D, 0xA7, 0x72, 0x4E, 0x6C, 0xCE, 0x78, 0x3D, 0xF7, 0xA5, 0xA3, 0xF1, 0x9B, 0x25, 0x22, 0xC4, 0x36, 0x1C, 0x9E, 0x16,
	0x0B, 0x67, 0x20, 0xC8, 0x75, 0x68, 0x43, 0xC3, 0xC5, 0x6C, 0x60, 0x5F, 0x1F, 0x11, 0x30, 0x55, 0x62, 0x24, 0xE1, 0x56, 0xD2, 0x1F, 0x2F, 0xC3, 0x14, 0x80, 0x34, 0x37, 0xDC, 0x30, 0xC4, 0xC7,
	0xE7, 0xDD, 0x00, 0xAC, 0x17, 0xC0, 0x72, 0x20, 0xC2, 0x48, 0x38, 0xB1, 0x40, 0x3A, 0xB4, 0xF2, 0x67, 0x01, 0x8B, 0x50, 0x4E, 0x09, 0x73, 0x84, 0xFC, 0xE2, 0x0E, 0xCB, 0x91, 0xF8, 0x83, 0x3A,
	0xAC, 0x6B, 0x46, 0x0D, 0xBD, 0x5F, 0x64, 0x9E, 0x6E, 0x56, 0xB0, 0x4A, 0x70, 0xA6, 0x87, 0x72, 0x72, 0x99, 0xC3, 0xA1, 0x9B, 0x5F, 0x01, 0x97, 0x73, 0x2B, 0x74, 0xF2, 0xD9, 0xC4, 0xB7, 0xDD,
	0x8C, 0x1A, 0x3A, 0xF5, 0x3E, 0xAC, 0x7A, 0xBF, 0x7E, 0xEC, 0x94, 0xBD, 0xB9, 0xDC, 0x96, 0xF2, 0x1E, 0x3E, 0xBB, 0x37, 0x76, 0x9C, 0xCF, 0xB6, 0x60, 0x74, 0xC2, 0x22, 0x45, 0xD2, 0x38, 0x13,
	0xFC, 0x18, 0x63, 0xB1, 0xA4, 0x99, 0xD2, 0x94, 0xD2, 0x44, 0xBE, 0x23, 0x9B, 0xBF, 0xCD, 0xA5, 0x64, 0xAB, 0x10, 0xAC, 0x8F, 0xC6, 0xEB, 0x9D, 0x58, 0xE2, 0xA8, 0x9D, 0x67, 0x67, 0x9B, 0xD7,
	0x80, 0x81, 0x83, 0x82, 0x83, 0x21, 0x00, 0x83, 0x99, 0xB2, 0x00, 0x83, 0x95, 0xB2, 0x9F, 0x84, 0x81, 0xD7, 0x9F, 0x8C, 0x86, 0x94, 0x86, 0x96, 0xCA, 0x9A, 0xB3, 0x52, 0x38, 0x02, 0x2A, 0x09,
	0x25, 0x60, 0xA0, 0x37, 0xCD, 0x34, 0xB5, 0x3D, 0x64, 0x4E, 0x87, 0xFD, 0xB2, 0x9D, 0x84, 0x81, 0xD7, 0x9F, 0xA1, 0x86, 0x9A, 0xB2, 0x94, 0x02, 0x96, 0x57, 0xE1, 0xB8, 0xDE, 0x08, 0xB3, 0x12,
	0x71, 0xC1, 0xF9, 0xFE, 0xC4, 0x99, 0x47, 0xB1, 0xEA, 0xD8, 0x07, 0xEF, 0xD7, 0xB2, 0xD4, 0x84, 0x81, 0xD7, 0x9F, 0x9D, 0x86, 0xCD, 0xB2, 0xCF, 0xB2, 0xC9, 0x22, 0xCB, 0x22, 0xC5, 0x04, 0xC7,
	0xEA, 0xF6, 0xF6, 0xF2, 0xB8, 0xAD, 0xAD, 0xE1, 0xF0, 0xEE, 0xAC, 0xEF, 0xEB, 0xE1, 0xF0, 0xED, 0xF1, 0xED, 0xE4, 0xF6, 0xAC, 0xE1, 0xED, 0xEF, 0xAD, 0xF2, 0xE9, 0xEB, 0xAD, 0xE1, 0xF0, 0xEE,
	0xAD, 0xF2, 0xF0, 0xED, 0xE6, 0xF7, 0xE1, 0xF6, 0xF1, 0xAD, 0xCF, 0xEB, 0xE1, 0xD6, 0xEB, 0xEF, 0xD1, 0xF6, 0xE3, 0xD2, 0xC1, 0xC3, 0xDD, 0xB0, 0xB2, 0xB3, 0xB2, 0xAF, 0xB2, 0xB5, 0xAF, 0xB2,
	0xB3, 0xAC, 0xE1, 0xF0, 0xEE, 0xB2, 0xD8, 0x84, 0x8A, 0xA9, 0x84, 0x83, 0x87, 0x87, 0x85, 0x83, 0x83, 0x86, 0xCC, 0xB2, 0xCE, 0xB2, 0xC8, 0x84, 0x8A, 0xA9, 0x84, 0x83, 0x87, 0x87, 0x85, 0xB2,
	0x80, 0x04, 0xBC, 0xEA, 0xF6, 0xF6, 0xF2, 0xB8, 0xAD, 0xAD, 0xF5, 0xF5, 0xF5, 0xAC, 0xEF, 0xEB, 0xE1, 0xF0, 0xED, 0xF1, 0xED, 0xE4, 0xF6, 0xAC, 0xE1, 0xED, 0xEF, 0xAD, 0xF2, 0xE9, 0xEB, 0xAD,
	0xE1, 0xE7, 0xF0, 0xF6, 0xF1, 0xAD, 0xCF, 0xEB, 0xE1, 0xD6, 0xEB, 0xEF, 0xD1, 0xF6, 0xE3, 0xD2, 0xC1, 0xC3, 0xDD, 0xB0, 0xB2, 0xB3, 0xB2, 0xAF, 0xB2, 0xB5, 0xAF, 0xB2, 0xB3, 0xAC, 0xE1, 0xF0,
	0xF6, 0xB2, 0x8E, 0x84, 0x81, 0xD7, 0x9F, 0x91, 0x83, 0x83, 0x7D, 0x86, 0x80, 0xB2, 0x82, 0xB2, 0x91, 0x84, 0x81, 0xD7, 0x9F, 0xA7, 0x86, 0x8E, 0xB2, 0x88, 0x84, 0x8A, 0xA9, 0x84, 0x83, 0x87,
	0x87, 0x85, 0x81, 0x8A, 0xB2, 0x8F, 0x84, 0x8B, 0xA8, 0x04, 0xCA, 0x04, 0x75, 0x8F, 0x83, 0x83, 0x89, 0x87, 0x82, 0x81, 0x00, 0x83, 0x83, 0x82, 0xE9, 0xFC, 0x23, 0x77, 0xCA, 0xF4, 0xEE, 0x67,
	0x5B, 0x47, 0x10, 0x6B, 0x4F, 0xA7, 0x14, 0x1A, 0x33, 0xFA, 0xEA, 0xC3, 0xB8, 0x48, 0x7C, 0x43, 0x88, 0x01, 0x6F, 0x72, 0xCA, 0xDD, 0x6A, 0xF6, 0x3E, 0x83, 0xB9, 0x38, 0x12, 0xD0, 0x5B, 0xF9,
	0xEF, 0xD8, 0x61, 0x12, 0xAD, 0x6F, 0xE1, 0xB2, 0xF5, 0x0B, 0x91, 0xB0, 0x09, 0xBB, 0x67, 0xCF, 0x3C, 0xA4, 0xA1, 0x1A, 0x10, 0x50, 0x5B, 0xA3, 0x7C, 0x97, 0x54, 0x73, 0xC4, 0x97, 0x88, 0x06,
	0x4F, 0x17, 0x72, 0x4B, 0xD7, 0x8E, 0x5C, 0x43, 0xA6, 0x09, 0x35, 0x2C, 0x54, 0x35, 0xDF, 0x6C, 0xB0, 0x89, 0x96, 0x95, 0xFE, 0x47, 0x11, 0x9B, 0x4F, 0x10, 0x93, 0x5F, 0xC3, 0x80, 0x63, 0xD1,
	0x0C, 0x88, 0xDB, 0x00, 0xB1, 0x6D, 0xC0, 0xEA, 0x30, 0x05, 0x6A, 0xD1, 0xF0, 0x61, 0x5C, 0x12, 0xA3, 0x45, 0xE2, 0x46, 0xDB, 0x67, 0xE3, 0xDB, 0xAA, 0x29, 0xF1, 0x98, 0x76, 0x38, 0xB7, 0x65,
	0x64, 0x6C, 0x77, 0x29, 0x77, 0xE9, 0x5C, 0x77, 0x73, 0x0F, 0x33, 0x3C, 0x94, 0xE3, 0x72, 0xCF, 0xC1, 0x9D, 0x9E, 0x5A, 0x79, 0xAB, 0x09, 0x39, 0x2A, 0x74, 0xF8, 0x6B, 0xE6, 0x80, 0xAF, 0x5A,
	0x02, 0xC0, 0xB9, 0x73, 0x6C, 0xA5, 0xC7, 0x54, 0xDF, 0x01, 0xF1, 0x32, 0x7A, 0x73, 0x78, 0xFE, 0x23, 0xAF, 0xCE, 0x82, 0xA1, 0xEB, 0xB5, 0x46, 0xE8, 0xE9, 0x91, 0xB6, 0x8E, 0x9C, 0x92, 0x55,
	0xA8, 0x95, 0xF9, 0x3E, 0xEC, 0x17, 0x99, 0xC2, 0x5F, 0x8B, 0xCE, 0x0E, 0x66, 0x7E, 0xBD, 0xB6, 0xD7, 0xA1, 0x6B, 0x69, 0x7C, 0x6D, 0xBA, 0x19, 0x26, 0x9E, 0xA3, 0xF0, 0x00, 0xC7, 0x36, 0xDC,
	0x97, 0xB4, 0x64, 0x87, 0x4B, 0x8D, 0x97, 0xF3, 0x72, 0xED, 0xC2, 0x7E, 0x1E, 0x88, 0x35, 0x07, 0x63, 0x13, 0xA6, 0x5A, 0xF1, 0x35, 0x90, 0xCB, 0xB2, 0x00, 0x84, 0xF3, 0xB2, 0x00, 0x86, 0xDB,
	0x22, 0x81, 0x80, 0x83, 0x80, 0x80, 0x88, 0xE3, 0x8B, 0x03, 0xA8, 0x82, 0x82, 0x82, 0x82, 0x82, 0x80, 0xB2, 0x8F, 0x84, 0x8B, 0xA8, 0x04, 0xCA, 0x04, 0x75, 0x8F, 0x83, 0x83, 0x89, 0x87, 0x82,
	0xB2, 0x03, 0x0A, 0xB3, 0x89, 0xB2, 0x8B, 0x84, 0x81, 0xD7, 0x86, 0x84, 0x91, 0x80, 0xD7, 0xD1, 0xB3, 0x91, 0xB2, 0x93, 0x84, 0x81, 0xD7, 0x86, 0x8A, 0x91, 0x88, 0xD5, 0xE3, 0xF1, 0xEA, 0xEB,
	0xEC, 0xE5, 0xF6, 0xED, 0xEC, 0xB3, 0x92, 0xB2, 0x8C, 0x84, 0x81, 0xD7, 0x86, 0x85, 0x91, 0x85, 0xD0, 0xE7, 0xE6, 0xEF, 0xED, 0xEC, 0xE6, 0xB3, 0x9C, 0xB2, 0x9E, 0x84, 0x81, 0xD7, 0x86, 0x88,
	0x91, 0x97, 0xCF, 0xEB, 0xE1, 0xF0, 0xED, 0xF1, 0xED, 0xE4, 0xF6, 0xA2, 0xC1, 0xED, 0xF0, 0xF2, 0xED, 0xF0, 0xE3, 0xF6, 0xEB, 0xED, 0xEC, 0xB3, 0xB0, 0xB2, 0xB2, 0x84, 0x81, 0xD7, 0x86, 0x81,
	0x91, 0xAB, 0xCF, 0xEB, 0xE1, 0xF0, 0xED, 0xF1, 0xED, 0xE4, 0xF6, 0xA2, 0xD0, 0xED, 0xED, 0xF6, 0xA2, 0xC1, 0xE7, 0xF0, 0xF6, 0xEB, 0xE4, 0xEB, 0xE1, 0xE3, 0xF6, 0xE7, 0xA2, 0xC3, 0xF7, 0xF6,
	0xEA, 0xED, 0xF0, 0xEB, 0xF6, 0xFB, 0xA2, 0xB0, 0xB2, 0xB3, 0xB2, 0xB2, 0x9C, 0x95, 0x8F, 0xB3, 0xB2, 0xB2, 0xB5, 0xB2, 0xB3, 0xB0, 0xB3, 0xB1, 0xB4, 0xB7, 0xB7, 0xD8, 0x95, 0x8F, 0xB0, 0xB7,
	0xB2, 0xB5, 0xB2, 0xB3, 0xB0, 0xB3, 0xB6, 0xB4, 0xB7, 0xB7, 0xD8, 0xB2, 0xFE, 0xB3, 0x89, 0xB2, 0x8B, 0x84, 0x81, 0xD7, 0x86, 0x84, 0x91, 0x80, 0xD7, 0xD1, 0xB3, 0x91, 0xB2, 0x93, 0x84, 0x81,
	0xD7, 0x86, 0x8A, 0x91, 0x88, 0xD5, 0xE3, 0xF1, 0xEA, 0xEB, 0xEC, 0xE5, 0xF6, 0xED, 0xEC, 0xB3, 0x92, 0xB2, 0x8C, 0x84, 0x81, 0xD7, 0x86, 0x85, 0x91, 0x85, 0xD0, 0xE7, 0xE6, 0xEF, 0xED, 0xEC,
	0xE6, 0xB3, 0x9C, 0xB2, 0x9E, 0x84, 0x81, 0xD7, 0x86, 0x88, 0x91, 0x97, 0xCF, 0xEB, 0xE1, 0xF0, 0xED, 0xF1, 0xED, 0xE4, 0xF6, 0xA2, 0xC1, 0xED, 0xF0, 0xF2, 0xED, 0xF0, 0xE3, 0xF6, 0xEB, 0xED,
	0xEC, 0xB3, 0xA4, 0xB2, 0xA6, 0x84, 0x81, 0xD7, 0x86, 0x81, 0x91, 0x9F, 0xCF, 0xEB, 0xE1, 0xF0, 0xED, 0xF1, 0xED, 0xE4, 0xF6, 0xA2, 0xD6, 0xEB, 0xEF, 0xE7, 0xAF, 0xD1, 0xF6, 0xE3, 0xEF, 0xF2,
	0xA2, 0xD2, 0xC1, 0xC3, 0xA2, 0xB0, 0xB2, 0xB3, 0xB2, 0xB2, 0x00, 0x83, 0xA0, 0xB2, 0x8F, 0x84, 0x8B, 0xA8, 0x04, 0xCA, 0x04, 0x75, 0x8F, 0x83, 0x83, 0x83, 0x87, 0x82, 0x81, 0x00, 0x83, 0x8D,
	0x82, 0xB2, 0x00, 0x83, 0x88, 0x80, 0x00, 0x83, 0x83, 0x82, 0x2B, 0x9F, 0x8F, 0x3E, 0xF5, 0x93, 0x08, 0xB8, 0xA2, 0x6E, 0x7E, 0x91, 0x15, 0x77, 0x78, 0xFD, 0xEB, 0x16, 0xE9, 0xF6, 0xD6, 0x92,
	0x57, 0x27, 0x88, 0x82, 0x00, 0x07, 0x79, 0x6F, 0xFE, 0xEA, 0xC9, 0xAE, 0xDD, 0x47, 0x41, 0x67, 0xE3, 0x40, 0xF4, 0x35, 0xBC, 0xE4, 0xA9, 0xD9, 0x72, 0x97, 0xD1, 0xA5, 0x86, 0xB3, 0x9D, 0xC3,
	0x99, 0x98, 0x17, 0x9F, 0x4C, 0x8B, 0x91, 0x0C, 0xFE, 0xE3, 0xB2, 0xDB, 0x33, 0xB2, 0xC6, 0x8D, 0x73, 0xE2, 0x0A, 0x06, 0xD6, 0xC1, 0x8E, 0x55, 0xCF, 0x3A, 0xBA, 0x8A, 0x31, 0xC0, 0x5F, 0x11,
	0x2E, 0x54, 0xF1, 0xB2, 0xD5, 0xA4, 0x00, 0x21, 0xC7, 0x8F, 0x52, 0x68, 0x77, 0xC5, 0x03, 0x4F, 0x3D, 0xA6, 0xE2, 0xB0, 0xDA, 0xE2, 0xC4, 0x70, 0xDA, 0xC5, 0x04, 0xB0, 0x06, 0x9C, 0xF6, 0xE3,
	0xE5, 0x13, 0xDD, 0x03, 0xD6, 0x33, 0x4D, 0x11, 0xCE, 0x10, 0x43, 0x46, 0x24, 0xDF, 0x53, 0xE3, 0x91, 0xEC, 0xAA, 0x44, 0x98, 0x7B, 0x04, 0x02, 0x39, 0x5D, 0xE3, 0x7E, 0xC4, 0x43, 0xA5, 0x9F,
	0xA6, 0xE5, 0x90, 0xF0, 0x98, 0xA3, 0x08, 0x2D, 0xC9, 0xE6, 0x0B, 0xD2, 0xE0, 0x33, 0xDF, 0x7F, 0xF5, 0x9D, 0xBF, 0x72, 0xD5, 0xF7, 0x2E, 0x3F, 0x08, 0xC0, 0xCF, 0xC2, 0xD3, 0x53, 0x8D, 0x1E,
	0x84, 0xBC, 0xE5, 0xFD, 0x77, 0xE4, 0x42, 0x81, 0x14, 0xC6, 0xFC, 0x6D, 0x52, 0xC9, 0x7F, 0xEC, 0x67, 0x18, 0x48, 0x33, 0x2A, 0x70, 0xF8, 0xA8, 0x88, 0xB3, 0x72, 0x58, 0xCC, 0x84, 0x13, 0x34,
	0x0A, 0x8A, 0xB7, 0x6A, 0xFA, 0x9E, 0x32, 0x6B, 0x1B, 0x4F, 0xBE, 0x65, 0xAD, 0xC6, 0x38, 0x25, 0x76, 0x5E, 0xE6, 0x3F, 0x26, 0x83, 0x43, 0xA2, 0x8B, 0x11, 0xFA, 0x4F, 0x7E, 0x3E, 0x42, 0x4B,
	0xC6, 0xDF, 0xDC, 0x94, 0x1E, 0x83, 0x87, 0xCD, 0xA0, 0xCF, 0x80, 0x81, 0x83, 0x82, 0x83, 0x21, 0x00, 0x83, 0x64, 0xB2, 0x00, 0x83, 0x60, 0xB2, 0x92, 0x84, 0x8B, 0xA9, 0x84, 0x83, 0x86, 0x83,
	0x00, 0xB5, 0x97, 0x83, 0x86, 0x81, 0x80, 0x83, 0x82, 0xB2, 0x9F, 0x84, 0x81, 0xD7, 0x9F, 0x8C, 0x86, 0x94, 0x86, 0x96, 0x57, 0xE1, 0xB8, 0xDE, 0x08, 0xB3, 0x12, 0x71, 0xC1, 0xF9, 0xFE, 0xC4,
	0x99, 0x47, 0xB1, 0xEA, 0xD8, 0x07, 0xEF, 0xD7, 0xB2, 0x9B, 0x84, 0x8B, 0xA9, 0x84, 0x83, 0x86, 0x83, 0x00, 0xB5, 0x96, 0x80, 0x86, 0x8E, 0x9C, 0x88, 0x82, 0xD1, 0x82, 0xF7, 0x82, 0xE0, 0x82,
	0xC1, 0x82, 0xC3, 0xB2, 0x89, 0x84, 0x81, 0xD7, 0x9F, 0x8D, 0x86, 0x86, 0x81, 0x80, 0x83, 0x04, 0xB2, 0x8D, 0x84, 0x81, 0xD7, 0x9F, 0x91, 0x83, 0x83, 0x7D, 0x86, 0x87, 0xB2, 0x81, 0x83, 0x83,
	0x7D, 0xB2, 0x9D, 0x84, 0x81, 0xD7, 0x9F, 0xA1, 0x86, 0x9A, 0xB2, 0x94, 0x02, 0x96, 0x57, 0x74, 0xD4, 0x49, 0x0D, 0x6A, 0x20, 0xDE, 0xE0, 0xEA, 0x53, 0xBF, 0x16, 0x12, 0xD9, 0x55, 0x4C, 0x18,
	0x9A, 0x46, 0xB2, 0xD4, 0x84, 0x81, 0xD7, 0x9F, 0x9D, 0x86, 0xCD, 0xB2, 0xCF, 0xB2, 0xC9, 0x22, 0xCB, 0x22, 0xC5, 0x04, 0xC7, 0xEA, 0xF6, 0xF6, 0xF2, 0xB8, 0xAD, 0xAD, 0xE1, 0xF0, 0xEE, 0xAC,
	0xEF, 0xEB, 0xE1, 0xF0, 0xED, 0xF1, 0xED, 0xE4, 0xF6, 0xAC, 0xE1, 0xED, 0xEF, 0xAD, 0xF2, 0xE9, 0xEB, 0xAD, 0xE1, 0xF0, 0xEE, 0xAD, 0xF2, 0xF0, 0xED, 0xE6, 0xF7, 0xE1, 0xF6, 0xF1, 0xAD, 0xCF,
	0xEB, 0xE1, 0xD0, 0xED, 0xED, 0xC1, 0xE7, 0xF0, 0xC3, 0xF7, 0xF6, 0xDD, 0xB0, 0xB2, 0xB3, 0xB2, 0xAF, 0xB2, 0xB4, 0xAF, 0xB0, 0xB1, 0xAC, 0xE1, 0xF0, 0xEE, 0xB2, 0xD8, 0x84, 0x8A, 0xA9, 0x84,
	0x83, 0x87, 0x87, 0x85, 0x83, 0x83, 0x86, 0xCC, 0xB2, 0xCE, 0xB2, 0xC8, 0x84, 0x8A, 0xA9, 0x84, 0x83, 0x87, 0x87, 0x85, 0xB2, 0x80, 0x04, 0xBC, 0xEA, 0xF6, 0xF6, 0xF2, 0xB8, 0xAD, 0xAD, 0xF5,
	0xF5, 0xF5, 0xAC, 0xEF, 0xEB, 0xE1, 0xF0, 0xED, 0xF1, 0xED, 0xE4, 0xF6, 0xAC, 0xE1, 0xED, 0xEF, 0xAD, 0xF2, 0xE9, 0xEB, 0xAD, 0xE1, 0xE7, 0xF0, 0xF6, 0xF1, 0xAD, 0xCF, 0xEB, 0xE1, 0xD0, 0xED,
	0xED, 0xC1, 0xE7, 0xF0, 0xC3, 0xF7, 0xF6, 0xDD, 0xB0, 0xB2, 0xB3, 0xB2, 0xAF, 0xB2, 0xB4, 0xAF, 0xB0, 0xB1, 0xAC, 0xE1, 0xF0, 0xF6, 0xB2, 0x03, 0x22, 0x84, 0x81, 0xD7, 0x9F, 0xA2, 0x83, 0x83,
	0x7D, 0x86, 0x03, 0x17, 0xB2, 0x03, 0x10, 0xB2, 0x03, 0x0D, 0x84, 0x8B, 0xA9, 0x84, 0x83, 0x86, 0x83, 0x00, 0xB5, 0xAC, 0x81, 0xB2, 0x03, 0x03, 0xB2, 0xBF, 0x84, 0x8A, 0xA9, 0x84, 0x83, 0x87,
	0x87, 0x85, 0x80, 0x83, 0x94, 0xB3, 0xEA, 0xF6, 0xF6, 0xF2, 0xB8, 0xAD, 0xAD, 0xF5, 0xF5, 0xF5, 0xAC, 0xEF, 0xEB, 0xE1, 0xF0, 0xED, 0xF1, 0xED, 0xE4, 0xF6, 0xAC, 0xE1, 0xED, 0xEF, 0xAD, 0xD2,
	0xC9, 0xCB, 0xAD, 0xE6, 0xED, 0xE1, 0xF1, 0xAD, 0xC1, 0xD2, 0xD1, 0xAD, 0xE6, 0xE7, 0xE4, 0xE3, 0xF7, 0xEE, 0xF6, 0xAC, 0xEA, 0xF6, 0xEF, 0xB2, 0xC2, 0x84, 0x8A, 0xA9, 0x84, 0x83, 0x87, 0x87,
	0x85, 0x80, 0x80, 0xB2, 0xB6, 0x9C, 0xB0, 0xA2, 0x9F, 0x82, 0xCE, 0x82, 0xE7, 0x82, 0xE5, 0x82, 0xE3, 0x82, 0xEE, 0x82, 0xDD, 0x82, 0xD2, 0x82, 0xED, 0x82, 0xEE, 0x82, 0xEB, 0x82, 0xE1, 0x82,
	0xFB, 0x82, 0xDD, 0x82, 0xD1, 0x82, 0xF6, 0x82, 0xE3, 0x82, 0xF6, 0x82, 0xE7, 0x82, 0xEF, 0x82, 0xE7, 0x82, 0xEC, 0x82, 0xF6, 0x82, 0xAC, 0xA2, 0x9F, 0xB2, 0x8F, 0x84, 0x8B, 0xA8, 0x04, 0xCA,
	0x04, 0x75, 0x8F, 0x83, 0x83, 0x89, 0x87, 0x82, 0x81, 0x00, 0x80, 0x83, 0x82, 0x85, 0x64, 0x0A, 0xD3, 0x8F, 0x60, 0x44, 0x62, 0x1A, 0xBD, 0x03, 0xF3, 0x81, 0xBF, 0x1F, 0x21, 0x23, 0xA3, 0xED,
	0x31, 0x69, 0x24, 0x4E, 0x77, 0xB3, 0x3C, 0x4D, 0x87, 0x60, 0x2B, 0x7C, 0x78, 0xD5, 0xEF, 0x9B, 0xB2, 0x31, 0x40, 0x47, 0xE4, 0x4B, 0xE8, 0x5D, 0x77, 0x65, 0x72, 0xFA, 0x3F, 0x45, 0x2A, 0x1C,
	0xA7, 0x61, 0x7B, 0x3E, 0x6F, 0xE9, 0xD6, 0xD5, 0x8A, 0xA9, 0xD3, 0x00, 0xC6, 0x90, 0x79, 0x3B, 0xD1, 0x0E, 0x4E, 0x76, 0xE2, 0x90, 0x08, 0xF4, 0x4E, 0xC2, 0xC2, 0xC3, 0x19, 0x5E, 0xDE, 0x95,
	0x7D, 0xDE, 0x7B, 0xDC, 0x95, 0xB7, 0x1A, 0xA6, 0xD4, 0xC9, 0xF6, 0x6D, 0xC0, 0x92, 0x4A, 0x2D, 0x3D, 0xFD, 0x44, 0xFD, 0x70, 0xB5, 0xFF, 0xD8, 0xBD, 0x9E, 0x70, 0x1B, 0xFB, 0xC8, 0x13, 0xD0,
	0x82, 0x2D, 0xBA, 0x8D, 0x95, 0x77, 0xAD, 0xFB, 0x03, 0xE7, 0x5B, 0x2B, 0x37, 0xE9, 0x66, 0x45, 0x4C, 0x74, 0x48, 0xF8, 0x82, 0xED, 0xC9, 0xB2, 0xC6, 0xA6, 0xA0, 0xBE, 0x4D, 0x6F, 0x81, 0x27,
	0x14, 0x0D, 0xDB, 0xAB, 0x3E, 0x34, 0x7F, 0x86, 0x63, 0xF2, 0x1D, 0xB0, 0xC8, 0xA5, 0x7F, 0xD7, 0x2D, 0xAD, 0x7C, 0x34, 0x67, 0x0C, 0xB1, 0x39, 0xE0, 0xDD, 0x18, 0x59, 0xD5, 0xC2, 0x6B, 0x73,
	0x4C, 0x1B, 0xE4, 0x12, 0x0E, 0x7D, 0xE8, 0xE0, 0xFD, 0x5F, 0x47, 0xC8, 0x89, 0x13, 0xA4, 0x60, 0xBB, 0x6E, 0x9B, 0xC8, 0xF3, 0xE1, 0x1F, 0xF9, 0xA3, 0xEF, 0x41, 0x1E, 0x21, 0x20, 0xBE, 0x78,
	0xFD, 0xFF, 0x14, 0xE8, 0x12, 0xFA, 0x24, 0xEF, 0x50, 0x63, 0x1E, 0x7B, 0x9F, 0x7E, 0xBA, 0x5A, 0x16, 0x76, 0x44, 0x27, 0x88, 0x14, 0x04, 0x26, 0x3F, 0x1C, 0x98, 0x2C, 0x86, 0xC0, 0x01, 0x3A,
	0x37, 0x02, 0x19, 0xA0, 0xBA, 0xA2, 0x37, 0xA7, 0x67, 0xE6, 0x6E, 0x75, 0x76, 0x3D, 0xFC, 0xE1, 0xDB, 0xA7, 0x8D, 0xF8, 0xAC, 0xBB, 0xD5, 0xF4, 0x20, 0xF3, 0x28, 0x84, 0x08, 0x8D, 0x0B, 0x94,
	0x38, 0xE3, 0x25, 0x93, 0x49, 0x18, 0x5A, 0x8C, 0xC5, 0x18, 0x02, 0x47, 0x52, 0x4F, 0x25, 0x52, 0x6D, 0xFF, 0x01, 0x72, 0x63, 0xB9, 0xF3, 0x8B, 0x5D, 0xDF, 0xF6, 0x1A, 0xA0, 0x8A, 0xE3, 0x58,
	0x32, 0xD2, 0x9C, 0xED, 0x3F, 0x73, 0x63, 0x82, 0x5D, 0x65, 0xB3, 0x85, 0x26, 0x11, 0xB8, 0x75, 0xE7, 0xC5, 0xFA, 0x6A, 0x7A, 0x2A, 0xCA, 0x29, 0x75, 0x5C, 0xF0, 0xFC, 0xE3, 0xE9, 0xED, 0xF5,
	0x2B, 0x03, 0x49, 0x25, 0x8B, 0x2E, 0xBB, 0x39, 0x6E, 0x44, 0x49, 0x5A, 0x00, 0x36, 0xF0, 0x4F, 0x9F, 0x76, 0x3A, 0x07, 0x83, 0x9C, 0x02, 0x79, 0x99, 0x0B, 0xA8, 0xD6, 0xBB, 0x30, 0xD9, 0x58,
	0x4A, 0x8F, 0xD7, 0x1B, 0xF8, 0x05, 0xF1, 0xB9, 0x8A, 0x64, 0x1A, 0xAF, 0x68, 0x0F, 0x62, 0xB1, 0xAC, 0x90, 0xAB, 0x77, 0x42, 0xAD, 0xD6, 0xA5, 0xA3, 0x75, 0x4A, 0x2E, 0xCC, 0x58, 0xAA, 0x3A,
	0x33, 0x2B, 0x59, 0x14, 0x30, 0x25, 0xC0, 0x20, 0x4B, 0x4D, 0x9B, 0xC3, 0xCF, 0x62, 0x04, 0x7B, 0xA8, 0x18, 0x21, 0x93, 0xE4, 0xB2, 0x51, 0x39, 0xF6, 0xB0, 0xC9, 0x5D, 0xE1, 0xF9, 0x77, 0x1B,
	0x08, 0xAD, 0x99, 0x45, 0xA3, 0x2D, 0xDB, 0x37, 0x2C, 0x5E, 0xC6, 0xBE, 0x15, 0xD2, 0xF3, 0x55, 0x23, 0x50, 0x47, 0xD7, 0x61, 0xEB, 0x5C, 0xD5, 0x43, 0x53, 0x5C, 0xB2, 0x42, 0x7F, 0x4E, 0x64,
	0xCF, 0x79, 0x8F, 0x3D, 0xDF, 0xCD, 0x6B, 0x1F, 0x9C, 0x9B, 0xBA, 0xAD, 0x3E, 0x4D, 0xDA, 0x87, 0xAC, 0x6D, 0x8F, 0x22, 0xD2, 0xB7, 0x58, 0x6D, 0x8B, 0xA5, 0x9E, 0x57, 0x31, 0xFC, 0xB7, 0x9C,
	0x8A, 0x38, 0x58, 0xB4, 0x59, 0x51, 0xDD, 0x0D, 0x5C, 0xF6, 0x0A, 0xCB, 0x90, 0x23, 0x00, 0x81, 0x2F, 0xB2, 0x00, 0x80, 0x17, 0x80, 0x83, 0x83, 0xB2, 0x03, 0x7C, 0x23, 0x03, 0x56, 0x26, 0x03,
	0x53, 0xB2, 0x03, 0x4C, 0xB3, 0x89, 0xB2, 0x8B, 0x84, 0x81, 0xD7, 0x86, 0x84, 0x91, 0x80, 0xD7, 0xD1, 0xB3, 0x91, 0xB2, 0x93, 0x84, 0x81, 0xD7, 0x86, 0x8A, 0x91, 0x88, 0xD5, 0xE3, 0xF1, 0xEA,
	0xEB, 0xEC, 0xE5, 0xF6, 0xED, 0xEC, 0xB3, 0x92, 0xB2, 0x8C, 0x84, 0x81, 0xD7, 0x86, 0x85, 0x91, 0x85, 0xD0, 0xE7, 0xE6, 0xEF, 0xED, 0xEC, 0xE6, 0xB3, 0x9C, 0xB2, 0x9E, 0x84, 0x81, 0xD7, 0x86,
	0x88, 0x91, 0x97, 0xCF, 0xEB, 0xE1, 0xF0, 0xED, 0xF1, 0xED, 0xE4, 0xF6, 0xA2, 0xC1, 0xED, 0xF0, 0xF2, 0xED, 0xF0, 0xE3, 0xF6, 0xEB, 0xED, 0xEC, 0xB3, 0xAB, 0xB2, 0xA5, 0x84, 0x81, 0xD7, 0x86,
	0x89, 0x91, 0xA2, 0xCF, 0xEB, 0xE1, 0xF0, 0xED, 0xF1, 0xED, 0xE4, 0xF6, 0xA2, 0xCD, 0xF2, 0xE7, 0xF0, 0xE3, 0xF6, 0xEB, 0xED, 0xEC, 0xF1, 0xA2, 0xD2, 0xF7, 0xE7, 0xF0, 0xF6, 0xED, 0xA2, 0xD0,
	0xEB, 0xE1, 0xED, 0xB3, 0xA4, 0xB2, 0xA6, 0x84, 0x81, 0xD7, 0x86, 0x89, 0x91, 0x9F, 0xD6, 0xEA, 0xE3, 0xEE, 0xE7, 0xF1, 0xA2, 0xD6, 0xD1, 0xD1, 0xA2, 0xC7, 0xD1, 0xCC, 0xB8, 0xC0, 0xC0, 0xC7,
	0xC1, 0xAF, 0xB1, 0xB2, 0xC1, 0xC3, 0xAF, 0xB0, 0xC6, 0xC0, 0xC7, 0xB3, 0xA7, 0xB2, 0xA1, 0x84, 0x81, 0xD7, 0x86, 0x81, 0x91, 0x9E, 0xCF, 0xEB, 0xE1, 0xF0, 0xED, 0xF1, 0xED, 0xE4, 0xF6, 0xA2,
	0xD6, 0xEB, 0xEF, 0xE7, 0xAF, 0xD1, 0xF6, 0xE3, 0xEF, 0xF2, 0xA2, 0xD1, 0xE7, 0xF0, 0xF4, 0xEB, 0xE1, 0xE7, 0x20, 0xA7, 0x88, 0x83, 0x83, 0xB2, 0x8B, 0x84, 0x87, 0xA9, 0x8C, 0x81, 0x80, 0x98,
	0x87, 0x82, 0x81, 0x97, 0x82, 0x0B, 0xEC, 0x17, 0x3E, 0xB5, 0x15, 0x03, 0x83, 0x37, 0x1B, 0x37, 0x48, 0x30, 0x88, 0x7B, 0x82, 0x09, 0xDD, 0xEF, 0x13, 0x22, 0x03, 0x5C, 0xB2, 0x03, 0x59, 0x26,
	0x03, 0x5A, 0xB2, 0x03, 0x57, 0xB3, 0x89, 0xB2, 0x8B, 0x84, 0x81, 0xD7, 0x86, 0x84, 0x91, 0x80, 0xD7, 0xD1, 0xB3, 0x91, 0xB2, 0x93, 0x84, 0x81, 0xD7, 0x86, 0x8A, 0x91, 0x88, 0xD5, 0xE3, 0xF1,
	0xEA, 0xEB, 0xEC, 0xE5, 0xF6, 0xED, 0xEC, 0xB3, 0x92, 0xB2, 0x8C, 0x84, 0x81, 0xD7, 0x86, 0x85, 0x91, 0x85, 0xD0, 0xE7, 0xE6, 0xEF, 0xED, 0xEC, 0xE6, 0xB3, 0x9C, 0xB2, 0x9E, 0x84, 0x81, 0xD7,
	0x86, 0x88, 0x91, 0x97, 0xCF, 0xEB, 0xE1, 0xF0, 0xED, 0xF1, 0xED, 0xE4, 0xF6, 0xA2, 0xC1, 0xED, 0xF0, 0xF2, 0xED, 0xF0, 0xE3, 0xF6, 0xEB, 0xED, 0xEC, 0xB3, 0xAB, 0xB2, 0xA5, 0x84, 0x81, 0xD7,
	0x86, 0x89, 0x91, 0xA2, 0xCF, 0xEB, 0xE1, 0xF0, 0xED, 0xF1, 0xED, 0xE4, 0xF6, 0xA2, 0xCD, 0xF2, 0xE7, 0xF0, 0xE3, 0xF6, 0xEB, 0xED, 0xEC, 0xF1, 0xA2, 0xD2, 0xF7, 0xE7, 0xF0, 0xF6, 0xED, 0xA2,
	0xD0, 0xEB, 0xE1, 0xED, 0xB3, 0xA5, 0xB2, 0xA7, 0x84, 0x81, 0xD7, 0x86, 0x89, 0x91, 0x9C, 0xEC, 0xC1, 0xEB, 0xF2, 0xEA, 0xE7, 0xF0, 0xA2, 0xCC, 0xD6, 0xD1, 0xA2, 0xC7, 0xD1, 0xCC, 0xB8, 0xB7,
	0xB5, 0xC4, 0xB4, 0xAF, 0xC1, 0xB3, 0xC7, 0xB2, 0xAF, 0xB7, 0xB7, 0xB6, 0xC1, 0xB3, 0xA9, 0xB2, 0xAB, 0x84, 0x81, 0xD7, 0x86, 0x81, 0x91, 0xA0, 0xCF, 0xEB, 0xE1, 0xF0, 0xED, 0xF1, 0xED, 0xE4,
	0xF6, 0xA2, 0xD6, 0xEB, 0xEF, 0xE7, 0xA2, 0xD1, 0xED, 0xF7, 0xF0, 0xE1, 0xE7, 0xA2, 0xCF, 0xE3, 0xF1, 0xF6, 0xE7, 0xF0, 0xA2, 0xC1, 0xEE, 0xED, 0xE1, 0xE9, 0xB2, 0x8F, 0x84, 0x8B, 0xA8, 0x04,
	0xCA, 0x04, 0x75, 0x8F, 0x83, 0x83, 0x87, 0x87, 0x82, 0x80, 0x87, 0x82, 0x5D, 0x6A, 0xCD, 0x7C, 0xB2, 0xA0, 0x9A, 0x8D, 0xB0, 0xB2, 0xB3, 0xBB, 0xB2, 0xB3, 0xB3, 0xB7, 0xB0, 0xB2, 0xB0, 0xB4,
	0xB1, 0xBA, 0xD8, 0x9A, 0x8D, 0xB0, 0xB2, 0xB3, 0xBB, 0xB2, 0xB3, 0xB3, 0xB4, 0xB0, 0xB2, 0xB0, 0xB4, 0xB1, 0xBA, 0xD8, 0xB2, 0xF6, 0xB2, 0xB8, 0x84, 0x88, 0xA9, 0x84, 0x83, 0x86, 0x83, 0x06,
	0xDB, 0x88, 0x86, 0x83, 0xB3, 0xAE, 0xB2, 0xA8, 0xB2, 0x88, 0x80, 0x87, 0x82, 0x5D, 0x6A, 0xCD, 0x7C, 0x80, 0x83, 0x82, 0xB2, 0x85, 0x80, 0x83, 0x82, 0x80, 0x80, 0x95, 0x61, 0xB2, 0x85, 0x80,
	0x83, 0x82, 0x80, 0x80, 0x98, 0x8C, 0xB2, 0x88, 0x80, 0x87, 0x82, 0x5D, 0x6B, 0x23, 0xFC, 0x80, 0x83, 0x82, 0xB2, 0xB4, 0x84, 0x88, 0xA9, 0x84, 0x83, 0x86, 0x83, 0x06, 0xDB, 0x88, 0x86, 0x80,
	0xB3, 0xAA, 0xB2, 0xA4, 0xB2, 0x8E, 0x84, 0x88, 0xA9, 0x84, 0x83, 0x86, 0x83, 0x06, 0xDB, 0x88, 0x81, 0x83, 0x22, 0x88, 0xB2, 0x8A, 0x80, 0x83, 0x82, 0x80, 0x81, 0x94, 0x61, 0xE2, 0x23, 0x88,
	0xB2, 0x8A, 0x80, 0x83, 0x82, 0x80, 0x81, 0x85, 0x23, 0xA2, 0xB2, 0x8F, 0x84, 0x8B, 0xA8, 0x04, 0xCA, 0x04, 0x75, 0x8F, 0x83, 0x83, 0x87, 0x87, 0x82, 0x81, 0x00, 0x83, 0x83, 0x82, 0x8C, 0x75,
	0xB5, 0x9F, 0x01, 0xB0, 0x79, 0x5E, 0xF7, 0x00, 0x42, 0xA3, 0x95, 0xD6, 0x56, 0x2A, 0x67, 0x13, 0x0E, 0x94, 0xE7, 0xA2, 0x83, 0x92, 0x0E, 0x8A, 0x38, 0x33, 0x1D, 0xCB, 0x1C, 0xD3, 0xE4, 0x35,
	0xA9, 0x0C, 0x4D, 0x2E, 0x18, 0xE8, 0x4C, 0xFE, 0x14, 0x44, 0x9F, 0xEF, 0x4C, 0xF3, 0x56, 0xF3, 0x26, 0x4C, 0x45, 0x0C, 0x1D, 0xC2, 0xCA, 0x44, 0xF8, 0x85, 0xEE, 0xA9, 0x6B, 0x32, 0x47, 0x14,
	0x87, 0x11, 0x80, 0xA3, 0x93, 0xA2, 0x02, 0xE7, 0x43, 0x4E, 0xB0, 0xE1, 0x04, 0xD5, 0xA8, 0xA6, 0xF0, 0x9C, 0xFB, 0x12, 0xB7, 0x35, 0x50, 0x06, 0x1C, 0x2F, 0x47, 0x6C, 0x69, 0xFC, 0x35, 0xE7,
	0x35, 0xC3, 0x78, 0xC8, 0xC9, 0x64, 0x9F, 0x1E, 0xBE, 0x14, 0x38, 0x27, 0x07, 0x05, 0x83, 0x39, 0xC5, 0xEF, 0xAA, 0x72, 0x73, 0x46, 0x61, 0xE2, 0xEF, 0xD9, 0x9C, 0x61, 0x8F, 0x1F, 0xB2, 0xE0,
	0x2B, 0x07, 0x3C, 0x33, 0xF3, 0x26, 0xC8, 0x1B, 0x08, 0x8F, 0x43, 0x44, 0xC0, 0x33, 0x8E, 0xAB, 0xF0, 0xC8, 0xD1, 0x4D, 0x16, 0xD2, 0x77, 0xC0, 0xE6, 0x2A, 0x14, 0x6A, 0x35, 0xE7, 0xC4, 0xC1,
	0x4A, 0xC5, 0xAA, 0x84, 0x2C, 0x5D, 0xC4, 0x99, 0x4E, 0xCC, 0x11, 0xCC, 0x57, 0x11, 0x5C, 0xC3, 0x4B, 0xAF, 0x1B, 0x83, 0xCA, 0xCD, 0xCB, 0x62, 0xA9, 0xF1, 0x66, 0xE7, 0x2E, 0x22, 0x63, 0xB5,
	0x1B, 0x76, 0x5C, 0xD9, 0x89, 0xF0, 0xBA, 0xAC, 0xB2, 0xDB, 0xC4, 0xB5, 0x7A, 0x21, 0xF2, 0xCB, 0x43, 0x66, 0xA2, 0x50, 0xA7, 0x58, 0xCB, 0xED, 0x0F, 0xB4, 0xCC, 0xED, 0x7B, 0xB3, 0x81, 0xB0,
	0x32, 0x92, 0xE5, 0x90, 0x87, 0x6E, 0x08, 0x9C, 0x4C, 0x80, 0xBF, 0x57, 0x0F, 0x8D, 0xD7, 0xC7, 0xA1, 0x2B, 0x39, 0x30, 0x22, 0xD0, 0x6E, 0x90, 0xF2, 0x0F, 0xA6, 0xCF, 0x50, 0xEB, 0xB3, 0x00,
	0x80, 0x77, 0xB2, 0x00, 0x80, 0x73, 0x80, 0x83, 0x83, 0xB2, 0x03, 0x11, 0xB2, 0xFE, 0xB3, 0x89, 0xB2, 0x8B, 0x84, 0x81, 0xD7, 0x86, 0x84, 0x91, 0x80, 0xD7, 0xD1, 0xB3, 0x91, 0xB2, 0x93, 0x84,
	0x81, 0xD7, 0x86, 0x8A, 0x91, 0x88, 0xD5, 0xE3, 0xF1, 0xEA, 0xEB, 0xEC, 0xE5, 0xF6, 0xED, 0xEC, 0xB3, 0x92, 0xB2, 0x8C, 0x84, 0x81, 0xD7, 0x86, 0x85, 0x91, 0x85, 0xD0, 0xE7, 0xE6, 0xEF, 0xED,
	0xEC, 0xE6, 0xB3, 0x9C, 0xB2, 0x9E, 0x84, 0x81, 0xD7, 0x86, 0x88, 0x91, 0x97, 0xCF, 0xEB, 0xE1, 0xF0, 0xED, 0xF1, 0xED, 0xE4, 0xF6, 0xA2, 0xC1, 0xED, 0xF0, 0xF2, 0xED, 0xF0, 0xE3, 0xF6, 0xEB,
	0xED, 0xEC, 0xB3, 0xA4, 0xB2, 0xA6, 0x84, 0x81, 0xD7, 0x86, 0x81, 0x91, 0x9F, 0xCF, 0xEB, 0xE1, 0xF0, 0xED, 0xF1, 0xED, 0xE4, 0xF6, 0xA2, 0xD6, 0xEB, 0xEF, 0xE7, 0xAF, 0xD1, 0xF6, 0xE3, 0xEF,
	0xF2, 0xA2, 0xD2, 0xC1, 0xC3, 0xA2, 0xB0, 0xB2, 0xB3, 0xB2, 0x80, 0x91, 0xB1, 0x82, 0x82, 0x82, 0x4C, 0xA2, 0x61, 0xFC, 0xD2, 0xE8, 0xEA, 0x26, 0xAC, 0x82, 0x82, 0x82, 0x82, 0x82, 0x4C, 0xB2,
	0x8F, 0x84, 0x8B, 0xE2, 0x04, 0xCA, 0x83, 0xE7, 0x81, 0x86, 0x80, 0x83, 0x87, 0x82, 0x22, 0x00, 0x83, 0xB0, 0xB2, 0x98, 0x84, 0x8B, 0xA8, 0x04, 0xCA, 0x04, 0x75, 0x8F, 0x83, 0x8B, 0x81, 0xB3,
	0x8F, 0x84, 0x89, 0xA8, 0x04, 0xCA, 0x04, 0x75, 0x8F, 0x83, 0x8B, 0x92, 0x83, 0x86, 0xB2, 0xAD, 0x84, 0x8B, 0xA8, 0x04, 0xCA, 0x04, 0x75, 0x8F, 0x83, 0x8B, 0x86, 0xB3, 0xA0, 0x86, 0xA2, 0x1A,
	0x5B, 0xD1, 0xCF, 0x41, 0xE3, 0x0C, 0xC6, 0x3B, 0xCD, 0xCA, 0x16, 0xA1, 0x46, 0xC9, 0x30, 0x1A, 0x64, 0x98, 0xFE, 0x49, 0x4F, 0x26, 0xAB, 0x54, 0x94, 0x5C, 0x9D, 0x51, 0xB6, 0xC3, 0x98, 0xB2,
	0x03, 0x60, 0x84, 0x89, 0xA8, 0x04, 0xCA, 0x04, 0x75, 0x8F, 0x83, 0x8B, 0x92, 0x80, 0x8E, 0xB3, 0x03, 0x50, 0xB2, 0x03, 0x4D, 0xB2, 0x03, 0x4E, 0xB2, 0x03, 0x33, 0x86, 0x96, 0x0B, 0xEC, 0x17,
	0x3E, 0xB5, 0x15, 0x03, 0x83, 0x37, 0x1B, 0x37, 0x48, 0x30, 0x88, 0x7B, 0x82, 0x09, 0xDD, 0xEF, 0x13, 0xB2, 0x03, 0x1A, 0xB2, 0x03, 0x02, 0x26, 0xFC, 0xB2, 0xFE, 0xB3, 0x89, 0xB2, 0x8B, 0x84,
	0x81, 0xD7, 0x86, 0x84, 0x91, 0x80, 0xD7, 0xD1, 0xB3, 0x91, 0xB2, 0x93, 0x84, 0x81, 0xD7, 0x86, 0x8A, 0x91, 0x88, 0xD5, 0xE3, 0xF1, 0xEA, 0xEB, 0xEC, 0xE5, 0xF6, 0xED, 0xEC, 0xB3, 0x92, 0xB2,
	0x8C, 0x84, 0x81, 0xD7, 0x86, 0x85, 0x91, 0x85, 0xD0, 0xE7, 0xE6, 0xEF, 0xED, 0xEC, 0xE6, 0xB3, 0x9C, 0xB2, 0x9E, 0x84, 0x81, 0xD7, 0x86, 0x88, 0x91, 0x97, 0xCF, 0xEB, 0xE1, 0xF0, 0xED, 0xF1,
	0xED, 0xE4, 0xF6, 0xA2, 0xC1, 0xED, 0xF0, 0xF2, 0xED, 0xF0, 0xE3, 0xF6, 0xEB, 0xED, 0xEC, 0xB3, 0xA4, 0xB2, 0xA6, 0x84, 0x81, 0xD7, 0x86, 0x81, 0x91, 0x9F, 0xCF, 0xEB, 0xE1, 0xF0, 0xED, 0xF1,
	0xED, 0xE4, 0xF6, 0xA2, 0xD6, 0xEB, 0xEF, 0xE7, 0xAF, 0xD1, 0xF6, 0xE3, 0xEF, 0xF2, 0xA2, 0xD2, 0xC1, 0xC3, 0xA2, 0xB0, 0xB2, 0xB3, 0xB2, 0x80, 0x91, 0xB1, 0x82, 0x82, 0x82, 0x4C, 0xA2, 0x61,
	0xFC, 0xD2, 0xE8, 0xEA, 0x26, 0xAC, 0x82, 0x82, 0x82, 0x82, 0x82, 0x4C, 0xB2, 0x94, 0x86, 0x96, 0x81, 0x2D, 0xEB, 0x3B, 0xB4, 0x02, 0x7F, 0x2C, 0x2D, 0x26, 0x7B, 0xE4, 0x9F, 0x02, 0x2B, 0xB7,
	0x56, 0xE7, 0x9A, 0x42, 0xB2, 0x8F, 0x84, 0x8B, 0xA8, 0x04, 0xCA, 0x04, 0x75, 0x8F, 0x83, 0x83, 0x89, 0x87, 0x82, 0x86, 0x00, 0x83, 0x82, 0xB1, 0xD9, 0x03, 0x47, 0x86, 0xA7, 0xC3, 0x79, 0x20,
	0x88, 0x81, 0xF2, 0xA4, 0xF1, 0x70, 0x94, 0x6C, 0x29, 0x77, 0xF3, 0x2A, 0x73, 0x18, 0x1E, 0xDF, 0x22, 0x49, 0xE8, 0xD3, 0x85, 0xC8, 0xBA, 0x9E, 0x7D, 0x0E, 0x0C, 0xEB, 0x45, 0x7A, 0xBA, 0x97,
	0x26, 0xE5, 0xCD, 0x1B, 0x09, 0x39, 0x70, 0x3F, 0xCA, 0xFF, 0xA6, 0x94, 0x58, 0x0F, 0x09, 0x1E, 0xEB, 0x05, 0x86, 0xFE, 0x49, 0x14, 0x73, 0xF5, 0x92, 0x51, 0x76, 0x74, 0xEA, 0x9D, 0x07, 0x5A,
	0x9D, 0xFC, 0x9A, 0x57, 0xA1, 0x47, 0x89, 0x53, 0x93, 0xB9, 0x1D, 0xE7, 0x51, 0x18, 0x73, 0x58, 0x6D, 0xB2, 0xDA, 0xE2, 0xB1, 0x4F, 0x19, 0x44, 0x48, 0x2E, 0x87, 0x57, 0xBB, 0xC7, 0x13, 0xEF,
	0x24, 0x21, 0x5A, 0xAC, 0x87, 0x2D, 0x79, 0xBF, 0x4E, 0xE0, 0xA2, 0x18, 0x53, 0x02, 0xD7, 0x7B, 0xA1, 0xED, 0xA6, 0x17, 0x96, 0x07, 0x99, 0x6F, 0x59, 0x47, 0x7F, 0xFD, 0xBB, 0xFA, 0x5C, 0x9F,
	0xDE, 0x38, 0xC4, 0x75, 0xDF, 0xB3, 0x55, 0xE8, 0xDE, 0xEE, 0xEE, 0xF5, 0xCB, 0x6E, 0x4F, 0x25, 0x1B, 0x14, 0xCA, 0xEA, 0x37, 0x30, 0xB8, 0xAD, 0x5C, 0xBB, 0x15, 0x6B, 0xC1, 0x0F, 0x52, 0x6D,
	0x2A, 0x0E, 0xCF, 0xF7, 0x04, 0x95, 0x8E, 0x01, 0x2A, 0x96, 0x21, 0xBA, 0xD9, 0x66, 0xEC, 0xD4, 0x2E, 0xFD, 0xEE, 0xAC, 0x65, 0xC4, 0xB3, 0xAF, 0x7B, 0xDC, 0xDB, 0xEF, 0x81, 0x07, 0xDD, 0x2E,
	0xCE, 0x6D, 0x35, 0xDB, 0x99, 0xC8, 0xD4, 0x7A, 0x2C, 0xD6, 0x8D, 0x7E, 0x87, 0xAA, 0x34, 0x43, 0xB8, 0x10, 0x19, 0xE9, 0x69, 0x9D, 0xAB, 0x27, 0x21, 0xE3, 0x38, 0xA5, 0x73, 0x8C, 0xD9, 0xB5,
	0x68, 0xC5, 0xC5, 0x17, 0x4A, 0x07, 0xE9, 0x9D, 0x5C, 0x6A, 0xB0, 0x75, 0xB4, 0xDF, 0xAF, 0x2C, 0xE1, 0x5A, 0x5C, 0xF5, 0x09, 0x6B, 0xEB, 0x82
	};

}