#pragma once
#include <stdint.h>

namespace IUForceDeleteBin
{
	constexpr unsigned char Key = 0x79;

	// IUForceDelete123
	constexpr unsigned char service[] = {
		0x30, 0x2C, 0x3F, 0x16, 0x0B, 0x1A, 0x1C, 0x3D, 
		0x1C, 0x15, 0x1C, 0x0D, 0x1C, 0x48, 0x4B, 0x4A
	};

	constexpr size_t serviceLength = sizeof(service);

	constexpr size_t hexSize = 17496;

	constexpr unsigned char hexData[hexSize] = {
		0x34, 0x23, 0xE9, 0x79, 0x7A, 0x79, 0x79, 0x79, 0x7D, 0x79, 0x79, 0x79, 0x86, 0x86, 0x79, 0x79, 0xC1, 0x79, 0x79, 0x79, 0x79, 0x79, 0x79, 0x79, 0x39, 0x79, 0x79, 0x79, 0x79, 0x79, 0x79, 0x79,
		0x79, 0x79, 0x79, 0x79, 0x79, 0x79, 0x79, 0x79, 0x79, 0x79, 0x79, 0x79, 0x79, 0x79, 0x79, 0x79, 0x79, 0x79, 0x79, 0x79, 0x79, 0x79, 0x79, 0x79, 0x79, 0x79, 0x79, 0x79, 0x91, 0x79, 0x79, 0x79,
		0x77, 0x66, 0xC3, 0x77, 0x79, 0xCD, 0x70, 0xB4, 0x58, 0xC1, 0x78, 0x35, 0xB4, 0x58, 0x2D, 0x11, 0x10, 0x0A, 0x59, 0x09, 0x0B, 0x16, 0x1E, 0x0B, 0x18, 0x14, 0x59, 0x1A, 0x18, 0x17, 0x17, 0x16,
		0x0D, 0x59, 0x1B, 0x1C, 0x59, 0x0B, 0x0C, 0x17, 0x59, 0x10, 0x17, 0x59, 0x3D, 0x36, 0x2A, 0x59, 0x14, 0x16, 0x1D, 0x1C, 0x57, 0x74, 0x74, 0x73, 0x5D, 0x79, 0x79, 0x79, 0x79, 0x79, 0x79, 0x79,
		0x02, 0x5D, 0x06, 0xB3, 0x46, 0x3C, 0x68, 0xE0, 0x46, 0x3C, 0x68, 0xE0, 0x46, 0x3C, 0x68, 0xE0, 0x46, 0x3C, 0x69, 0xE0, 0x52, 0x3C, 0x68, 0xE0, 0x4F, 0x44, 0xFB, 0xE0, 0x45, 0x3C, 0x68, 0xE0,
		0x4F, 0x44, 0xFD, 0xE0, 0x45, 0x3C, 0x68, 0xE0, 0x4F, 0x44, 0xEB, 0xE0, 0x45, 0x3C, 0x68, 0xE0, 0x4F, 0x44, 0xE1, 0xE0, 0x47, 0x3C, 0x68, 0xE0, 0x4F, 0x44, 0xFC, 0xE0, 0x47, 0x3C, 0x68, 0xE0,
		0x4F, 0x44, 0xF9, 0xE0, 0x47, 0x3C, 0x68, 0xE0, 0x2B, 0x10, 0x1A, 0x11, 0x46, 0x3C, 0x68, 0xE0, 0x79, 0x79, 0x79, 0x79, 0x79, 0x79, 0x79, 0x79, 0x79, 0x79, 0x79, 0x79, 0x79, 0x79, 0x79, 0x79,
		0x79, 0x79, 0x79, 0x79, 0x79, 0x79, 0x79, 0x79, 0x29, 0x3C, 0x79, 0x79, 0x1D, 0xFF, 0x7F, 0x79, 0x9D, 0x10, 0xBB, 0x27, 0x79, 0x79, 0x79, 0x79, 0x79, 0x79, 0x79, 0x79, 0x89, 0x79, 0x5B, 0x79,
		0x72, 0x7B, 0x70, 0x79, 0x79, 0x6B, 0x79, 0x79, 0x79, 0x63, 0x79, 0x79, 0x79, 0x79, 0x79, 0x79, 0x1D, 0x19, 0x79, 0x79, 0x79, 0x69, 0x79, 0x79, 0x79, 0x79, 0x78, 0x79, 0x79, 0x79, 0x79, 0x79,
		0x79, 0x69, 0x79, 0x79, 0x79, 0x7B, 0x79, 0x79, 0x7F, 0x79, 0x78, 0x79, 0x7F, 0x79, 0x78, 0x79, 0x7F, 0x79, 0x78, 0x79, 0x79, 0x79, 0x79, 0x79, 0x79, 0xF9, 0x79, 0x79, 0x79, 0x7D, 0x79, 0x79,
		0x86, 0xC8, 0x79, 0x79, 0x78, 0x79, 0x79, 0x79, 0x79, 0x79, 0x7D, 0x79, 0x79, 0x79, 0x79, 0x79, 0x79, 0x69, 0x79, 0x79, 0x79, 0x79, 0x79, 0x79, 0x79, 0x79, 0x69, 0x79, 0x79, 0x79, 0x79, 0x79,
		0x79, 0x69, 0x79, 0x79, 0x79, 0x79, 0x79, 0x79, 0x79, 0x79, 0x79, 0x79, 0x69, 0x79, 0x79, 0x79, 0x79, 0x79, 0x79, 0x79, 0x79, 0x79, 0x79, 0x79, 0xFD, 0x19, 0x79, 0x79, 0x51, 0x79, 0x79, 0x79,
		0x79, 0x09, 0x79, 0x79, 0x29, 0x7A, 0x79, 0x79, 0x79, 0x29, 0x79, 0x79, 0xE9, 0x79, 0x79, 0x79, 0x79, 0x59, 0x79, 0x79, 0x21, 0x5D, 0x79, 0x79, 0x79, 0x79, 0x79, 0x79, 0x79, 0x79, 0x79, 0x79,
		0xC9, 0x59, 0x79, 0x79, 0x65, 0x79, 0x79, 0x79, 0x79, 0x79, 0x79, 0x79, 0x79, 0x79, 0x79, 0x79, 0x79, 0x79, 0x79, 0x79, 0x79, 0x79, 0x79, 0x79, 0x79, 0x79, 0x79, 0x79, 0x79, 0x79, 0x79, 0x79,
		0x79, 0x79, 0x79, 0x79, 0x79, 0x79, 0x79, 0x79, 0x79, 0x79, 0x79, 0x79, 0x79, 0x79, 0x79, 0x79, 0x79, 0x59, 0x79, 0x79, 0xD1, 0x79, 0x79, 0x79, 0x79, 0x79, 0x79, 0x79, 0x79, 0x79, 0x79, 0x79,
		0x79, 0x79, 0x79, 0x79, 0x79, 0x79, 0x79, 0x79, 0x79, 0x79, 0x79, 0x79, 0x79, 0x79, 0x79, 0x79, 0x57, 0x0D, 0x1C, 0x01, 0x0D, 0x79, 0x79, 0x79, 0x0B, 0x75, 0x79, 0x79, 0x79, 0x69, 0x79, 0x79,
		0x79, 0x77, 0x79, 0x79, 0x79, 0x7D, 0x79, 0x79, 0x79, 0x79, 0x79, 0x79, 0x79, 0x79, 0x79, 0x79, 0x79, 0x79, 0x79, 0x79, 0x59, 0x79, 0x79, 0x11, 0x57, 0x0B, 0x1D, 0x18, 0x0D, 0x18, 0x79, 0x79,
		0xC5, 0x78, 0x79, 0x79, 0x79, 0x59, 0x79, 0x79, 0x79, 0x7B, 0x79, 0x79, 0x79, 0x6B, 0x79, 0x79, 0x79, 0x79, 0x79, 0x79, 0x79, 0x79, 0x79, 0x79, 0x79, 0x79, 0x79, 0x79, 0x39, 0x79, 0x79, 0x31,
		0x57, 0x1D, 0x18, 0x0D, 0x18, 0x79, 0x79, 0x79, 0x69, 0x68, 0x79, 0x79, 0x79, 0x49, 0x79, 0x79, 0x79, 0x7B, 0x79, 0x79, 0x79, 0x6D, 0x79, 0x79, 0x79, 0x79, 0x79, 0x79, 0x79, 0x79, 0x79, 0x79,
		0x79, 0x79, 0x79, 0x79, 0x39, 0x79, 0x79, 0xB1, 0x57, 0x09, 0x1D, 0x18, 0x0D, 0x18, 0x79, 0x79, 0xE9, 0x79, 0x79, 0x79, 0x79, 0x29, 0x79, 0x79, 0x79, 0x7B, 0x79, 0x79, 0x79, 0x6F, 0x79, 0x79,
		0x79, 0x79, 0x79, 0x79, 0x79, 0x79, 0x79, 0x79, 0x79, 0x79, 0x79, 0x79, 0x39, 0x79, 0x79, 0x31, 0x30, 0x37, 0x30, 0x2D, 0x79, 0x79, 0x79, 0x79, 0x91, 0x7B, 0x79, 0x79, 0x79, 0x19, 0x79, 0x79,
		0x79, 0x7D, 0x79, 0x79, 0x79, 0x61, 0x79, 0x79, 0x79, 0x79, 0x79, 0x79, 0x79, 0x79, 0x79, 0x79, 0x79, 0x79, 0x79, 0x79, 0x59, 0x79, 0x79, 0x9B, 0x57, 0x0B, 0x0A, 0x0B, 0x1A, 0x79, 0x79, 0x79,
		0x29, 0x7A, 0x79, 0x79, 0x79, 0x09, 0x79, 0x79, 0x79, 0x7D, 0x79, 0x79, 0x79, 0x65, 0x79, 0x79, 0x79, 0x79, 0x79, 0x79, 0x79, 0x79, 0x79, 0x79, 0x79, 0x79, 0x79, 0x79, 0x39, 0x79, 0x79, 0x3B,
		0x79, 0x79, 0x79, 0x79, 0x79, 0x79, 0x79, 0x79, 0x79, 0x79, 0x79, 0x79, 0x79, 0x79, 0x79, 0x79, 0x79, 0x79, 0x79, 0x79, 0x79, 0x79, 0x79, 0x79, 0x79, 0x79, 0x79, 0x79, 0x79, 0x79, 0x79, 0x79,
		0x79, 0x79, 0x79, 0x79, 0x79, 0x79, 0x79, 0x79, 0x79, 0x79, 0x79, 0x79, 0x79, 0x79, 0x79, 0x79, 0x79, 0x79, 0x79, 0x79, 0x79, 0x79, 0x79, 0x79, 0x79, 0x79, 0x79, 0x79, 0x79, 0x79, 0x79, 0x79,
		0x79, 0x79, 0x79, 0x79, 0x79, 0x79, 0x79, 0x79, 0x79, 0x79, 0x79, 0x79, 0x79, 0x79, 0x79, 0x79, 0x79, 0x79, 0x79, 0x79, 0x79, 0x79, 0x79, 0x79, 0x79, 0x79, 0x79, 0x79, 0x79, 0x79, 0x79, 0x79,
		0x79, 0x79, 0x79, 0x79, 0x79, 0x79, 0x79, 0x79, 0x79, 0x79, 0x79, 0x79, 0x79, 0x79, 0x79, 0x79, 0x79, 0x79, 0x79, 0x79, 0x79, 0x79, 0x79, 0x79, 0x79, 0x79, 0x79, 0x79, 0x79, 0x79, 0x79, 0x79,
		0x79, 0x79, 0x79, 0x79, 0x79, 0x79, 0x79, 0x79, 0x79, 0x79, 0x79, 0x79, 0x79, 0x79, 0x79, 0x79, 0x79, 0x79, 0x79, 0x79, 0x79, 0x79, 0x79, 0x79, 0x79, 0x79, 0x79, 0x79, 0x79, 0x79, 0x79, 0x79,
		0x79, 0x79, 0x79, 0x79, 0x79, 0x79, 0x79, 0x79, 0x79, 0x79, 0x79, 0x79, 0x79, 0x79, 0x79, 0x79, 0x79, 0x79, 0x79, 0x79, 0x79, 0x79, 0x79, 0x79, 0x79, 0x79, 0x79, 0x79, 0x79, 0x79, 0x79, 0x79,
		0x79, 0x79, 0x79, 0x79, 0x79, 0x79, 0x79, 0x79, 0x79, 0x79, 0x79, 0x79, 0x79, 0x79, 0x79, 0x79, 0x79, 0x79, 0x79, 0x79, 0x79, 0x79, 0x79, 0x79, 0x79, 0x79, 0x79, 0x79, 0x79, 0x79, 0x79, 0x79,
		0x79, 0x79, 0x79, 0x79, 0x79, 0x79, 0x79, 0x79, 0x79, 0x79, 0x79, 0x79, 0x79, 0x79, 0x79, 0x79, 0x79, 0x79, 0x79, 0x79, 0x79, 0x79, 0x79, 0x79, 0x79, 0x79, 0x79, 0x79, 0x79, 0x79, 0x79, 0x79,
		0x79, 0x79, 0x79, 0x79, 0x79, 0x79, 0x79, 0x79, 0x79, 0x79, 0x79, 0x79, 0x79, 0x79, 0x79, 0x79, 0x79, 0x79, 0x79, 0x79, 0x79, 0x79, 0x79, 0x79, 0x79, 0x79, 0x79, 0x79, 0x79, 0x79, 0x79, 0x79,
		0x79, 0x79, 0x79, 0x79, 0x79, 0x79, 0x79, 0x79, 0x31, 0xFA, 0x95, 0x51, 0xFA, 0x1B, 0x49, 0x79, 0x31, 0xFA, 0x1B, 0x41, 0x79, 0x31, 0xF2, 0xB3, 0x4A, 0xAB, 0x86, 0x6C, 0x51, 0x69, 0x79, 0x79,
		0x4A, 0xB9, 0x31, 0xFA, 0xBD, 0x51, 0xBA, 0xB5, 0xB5, 0xB5, 0xB5, 0xB5, 0xB5, 0xB5, 0xB5, 0xB5, 0x31, 0xF0, 0x25, 0x5D, 0x71, 0x31, 0xF0, 0x15, 0x5D, 0x61, 0x2F, 0x2E, 0x38, 0x2D, 0x38, 0x2C,
		0x38, 0x2F, 0x31, 0xFA, 0x95, 0x59, 0x35, 0xF2, 0xDB, 0xC1, 0x79, 0x79, 0x79, 0x4A, 0x8F, 0x31, 0xF2, 0x83, 0x38, 0xF8, 0x05, 0x5D, 0x61, 0x79, 0x99, 0x6F, 0xF9, 0xF2, 0x97, 0x76, 0xFC, 0xE3,
		0x79, 0x79, 0x79, 0x35, 0xF2, 0x13, 0x61, 0xC2, 0x79, 0x69, 0x79, 0x79, 0x31, 0xF4, 0x74, 0xE4, 0x59, 0x79, 0x79, 0x35, 0xF2, 0xBA, 0x4A, 0xAB, 0x31, 0xF0, 0x0D, 0x5D, 0x21, 0x91, 0x57, 0x73,
		0x79, 0x79, 0x38, 0xF2, 0x3D, 0x5D, 0x69, 0x38, 0x40, 0x25, 0x5D, 0x69, 0x3C, 0xF2, 0x0D, 0x5D, 0x71, 0x31, 0x76, 0x3B, 0xA1, 0x31, 0xF4, 0x74, 0x0D, 0x59, 0x79, 0x79, 0x35, 0xF2, 0xBA, 0x30,
		0xF2, 0xAC, 0x91, 0xC0, 0x7F, 0x79, 0x79, 0x3D, 0xF4, 0x37, 0x7C, 0x31, 0xF4, 0x6C, 0x27, 0x59, 0x79, 0x79, 0x3C, 0xF4, 0x38, 0x02, 0x31, 0xF4, 0x35, 0x5D, 0x21, 0x91, 0xC9, 0x79, 0x79, 0x79,
		0x31, 0x40, 0x0D, 0x5D, 0x21, 0x0D, 0x4F, 0x31, 0xF4, 0x35, 0x5D, 0x21, 0x91, 0xBA, 0x78, 0x79, 0x79, 0x31, 0xF4, 0x35, 0x5D, 0x21, 0x91, 0xF0, 0x7A, 0x79, 0x79, 0x31, 0xF2, 0x35, 0x5D, 0x21,
		0xF2, 0x91, 0x86, 0x6C, 0x21, 0x76, 0x79, 0x79, 0x42, 0x97, 0x05, 0x68, 0x38, 0xFA, 0x87, 0x7D, 0x0C, 0x72, 0x38, 0xF2, 0x8F, 0x38, 0xBE, 0x3C, 0x79, 0x78, 0x79, 0x79, 0x79, 0x31, 0x1A, 0xBF,
		0x4A, 0xAB, 0x31, 0xF2, 0xB6, 0x31, 0xF0, 0x3E, 0x41, 0xF0, 0x16, 0x49, 0x86, 0x6C, 0x4F, 0x76, 0x79, 0x79, 0x31, 0xF2, 0x25, 0x5D, 0x29, 0xF2, 0xBC, 0x31, 0xF2, 0x15, 0x5D, 0x19, 0x31, 0xFA,
		0xBD, 0x59, 0x38, 0x27, 0x38, 0x24, 0x38, 0x25, 0x26, 0x27, 0xBA, 0xB5, 0xB5, 0xB5, 0xB5, 0xB5, 0xB5, 0xB5, 0xB5, 0xB5, 0x39, 0x2A, 0x31, 0xFA, 0x95, 0x49, 0x31, 0xF2, 0x20, 0x71, 0x31, 0xF4,
		0x6C, 0x22, 0x73, 0x79, 0x79, 0x31, 0xF4, 0x35, 0x5D, 0x59, 0x86, 0x6C, 0xB9, 0x77, 0x79, 0x79, 0x31, 0xF4, 0x35, 0x5D, 0x59, 0x86, 0x6C, 0xDC, 0x77, 0x79, 0x79, 0x31, 0xF2, 0xB2, 0x86, 0x6C,
		0xCD, 0x77, 0x79, 0x79, 0x31, 0xFA, 0xBD, 0x49, 0x22, 0xBA, 0xB5, 0xB5, 0xB5, 0xB5, 0xB5, 0xB5, 0x39, 0x2A, 0x31, 0xF8, 0x95, 0xB9, 0x79, 0x79, 0x79, 0x31, 0xF2, 0xA0, 0x3D, 0x76, 0x59, 0xB9,
		0xFD, 0xB9, 0x76, 0xFC, 0xCA, 0x79, 0x79, 0x79, 0x31, 0xF4, 0x6C, 0xF8, 0x66, 0x79, 0x79, 0x31, 0xF4, 0x35, 0x5D, 0x09, 0x86, 0x6C, 0x0F, 0x77, 0x79, 0x79, 0x31, 0xFA, 0xDD, 0x5D, 0xE1, 0x79,
		0x79, 0x79, 0x79, 0x31, 0xFA, 0xDD, 0x5D, 0xC9, 0x79, 0x79, 0x79, 0x79, 0x31, 0xFA, 0xDD, 0x5D, 0xC1, 0x79, 0x79, 0x79, 0x79, 0xBE, 0x3D, 0x5D, 0x11, 0x79, 0x78, 0x79, 0x79, 0x31, 0xFA, 0x1D,
		0x5D, 0x19, 0x79, 0xFA, 0x1D, 0x5D, 0x21, 0x79, 0xFA, 0x1D, 0x5D, 0x29, 0x79, 0x31, 0xFA, 0x1D, 0x5D, 0x31, 0x79, 0xFA, 0x1D, 0x5D, 0x39, 0x79, 0xBE, 0x3D, 0x5D, 0x41, 0x78, 0x79, 0x79, 0x79,
		0x31, 0xF4, 0x3D, 0x5D, 0x09, 0xC3, 0xF9, 0x79, 0x79, 0x79, 0xBE, 0x3D, 0x5D, 0x49, 0x7C, 0x79, 0x79, 0x79, 0x35, 0xF4, 0xF5, 0x5D, 0xF9, 0x79, 0x79, 0x79, 0xF0, 0x2D, 0x5D, 0x51, 0x31, 0xFA,
		0x1D, 0x5D, 0x59, 0x79, 0x35, 0xF4, 0xFD, 0x5D, 0xE9, 0x79, 0x79, 0x79, 0x31, 0xF2, 0xB2, 0xBE, 0xFD, 0x5D, 0xE9, 0x79, 0x79, 0x79, 0x49, 0x79, 0x79, 0x79, 0xBE, 0xFD, 0x5D, 0xD1, 0x79, 0x79,
		0x79, 0x39, 0x7B, 0x79, 0x79, 0x31, 0xF0, 0xFD, 0x5D, 0xD9, 0x79, 0x79, 0x79, 0x86, 0x6C, 0x8C, 0x74, 0x79, 0x79, 0xFC, 0xB9, 0x00, 0x7D, 0x31, 0xFA, 0x5A, 0x79, 0x31, 0xF8, 0xBD, 0xB9, 0x79,
		0x79, 0x79, 0x22, 0xBA, 0xB5, 0xB5, 0xB5, 0xB5, 0xB5, 0xB5, 0xB5, 0xB5, 0x39, 0x2A, 0x31, 0xFA, 0x95, 0x59, 0x31, 0xF2, 0x33, 0x31, 0xF2, 0x3B, 0x49, 0x31, 0xF2, 0xA3, 0xF0, 0x78, 0x31, 0xF2,
		0x33, 0x31, 0x31, 0xF2, 0x3B, 0x41, 0x31, 0xF0, 0x38, 0x71, 0x31, 0xF2, 0x32, 0x29, 0x3C, 0x4A, 0xB9, 0x4A, 0xAB, 0x86, 0x6C, 0xDE, 0x74, 0x79, 0x79, 0x31, 0xF2, 0xB2, 0x86, 0x6C, 0xA7, 0x74,
		0x79, 0x79, 0xC1, 0x6F, 0x79, 0x79, 0xB9, 0x31, 0xFA, 0xBD, 0x59, 0x22, 0xBA, 0xB5, 0xB5, 0xB5, 0xB5, 0xB5, 0xB5, 0xB5, 0x35, 0xF2, 0xA5, 0x30, 0xF0, 0x22, 0x71, 0x2E, 0x31, 0xF8, 0x95, 0xF9,
		0x79, 0x79, 0x79, 0x35, 0xF2, 0x7C, 0xF7, 0x74, 0x79, 0x79, 0x30, 0xFA, 0x1A, 0xD9, 0x79, 0x31, 0xF2, 0x70, 0x34, 0xF2, 0x79, 0x30, 0xF4, 0x3A, 0x69, 0x3C, 0x4A, 0xB0, 0xC3, 0x79, 0x79, 0x78,
		0x79, 0x30, 0xF0, 0x3A, 0xE1, 0x86, 0x6C, 0xFC, 0x74, 0x79, 0x79, 0xFC, 0xB9, 0x00, 0x6A, 0x31, 0xF4, 0x74, 0x73, 0x70, 0x79, 0x79, 0x91, 0xC6, 0x7E, 0x79, 0x79, 0x4B, 0xB9, 0x90, 0x13, 0x78,
		0x79, 0x79, 0x31, 0xF2, 0xF5, 0x5D, 0xE1, 0x79, 0x79, 0x79, 0x31, 0xFA, 0x00, 0x69, 0x79, 0x0D, 0x74, 0x31, 0xF2, 0x38, 0x69, 0x31, 0xF2, 0x21, 0x71, 0x31, 0xFC, 0xA2, 0x0C, 0x4D, 0x76, 0xC3,
		0x18, 0x29, 0x72, 0x0B, 0x6F, 0x31, 0xF2, 0x38, 0x71, 0x31, 0xF2, 0x21, 0x41, 0x31, 0xFC, 0xA2, 0x0D, 0x70, 0x31, 0xF2, 0x22, 0x71, 0x31, 0xFC, 0xA2, 0x0C, 0x6E, 0x31, 0xF2, 0x20, 0x71, 0x31,
		0xFC, 0xA2, 0x0C, 0x77, 0x86, 0x6C, 0xA7, 0x75, 0x79, 0x79, 0x31, 0xF2, 0xA1, 0x31, 0xFC, 0xB9, 0x0D, 0xD0, 0xF3, 0x32, 0x35, 0xCB, 0x78, 0x86, 0x6C, 0x52, 0x74, 0x79, 0x79, 0x31, 0xF2, 0x81,
		0x31, 0xFC, 0xB9, 0x0C, 0x63, 0x31, 0xF2, 0xF5, 0x5D, 0xE1, 0x79, 0x79, 0x79, 0x86, 0x6C, 0x5C, 0x74, 0x79, 0x79, 0x31, 0xF4, 0x74, 0xCF, 0x71, 0x79, 0x79, 0x90, 0x0E, 0x86, 0x86, 0x86, 0x3C,
		0x4A, 0xB9, 0x31, 0xF4, 0x35, 0x5D, 0x39, 0x38, 0xF4, 0x29, 0x78, 0x86, 0x6C, 0xC6, 0x75, 0x79, 0x79, 0x4A, 0xAB, 0x31, 0xF4, 0x35, 0x5D, 0x21, 0x3D, 0xF4, 0x3B, 0x51, 0x91, 0x56, 0x7E, 0x79,
		0x79, 0xBE, 0x3D, 0x5D, 0x01, 0xF9, 0x79, 0x79, 0x79, 0x31, 0xF4, 0x3D, 0x5D, 0x21, 0x31, 0xF0, 0x3E, 0x61, 0x31, 0xF4, 0x3D, 0x5D, 0x39, 0x31, 0xF4, 0x6C, 0xD7, 0x87, 0x86, 0x86, 0x31, 0xF0,
		0x3E, 0x29, 0x31, 0xF4, 0x3D, 0x5D, 0x49, 0x31, 0xF0, 0x3E, 0x31, 0x31, 0xF2, 0xFD, 0x5D, 0xE1, 0x79, 0x79, 0x79, 0x31, 0xF0, 0xFE, 0xB9, 0x79, 0x79, 0x79, 0x1C, 0x31, 0xF2, 0x7D, 0x5C, 0xF1,
		0x78, 0x79, 0x79, 0x31, 0xF2, 0xF6, 0xC1, 0x79, 0x79, 0x79, 0x31, 0xF0, 0xFE, 0xE1, 0x79, 0x79, 0x79, 0xBF, 0x3E, 0x39, 0x79, 0xBF, 0x38, 0xC1, 0x7F, 0x31, 0xF0, 0x20, 0x99, 0x31, 0xF2, 0xFD,
		0x5D, 0xE1, 0x79, 0x79, 0x79, 0xBE, 0x38, 0xB9, 0x51, 0x79, 0x79, 0x79, 0x31, 0xF0, 0x38, 0x91, 0xBE, 0x38, 0xB1, 0x7D, 0x79, 0x79, 0x79, 0x31, 0xF2, 0xFD, 0x5D, 0xE1, 0x79, 0x79, 0x79, 0x31,
		0xF0, 0x38, 0xA9, 0x31, 0xF2, 0xF6, 0xC1, 0x79, 0x79, 0x79, 0x31, 0xFA, 0x18, 0x81, 0x79, 0x31, 0xF0, 0x28, 0x89, 0xBF, 0x38, 0xC2, 0x99, 0x31, 0xF2, 0xAE, 0x31, 0xF2, 0xB2, 0x86, 0x6C, 0x14,
		0x75, 0x79, 0x79, 0x31, 0xFA, 0x1D, 0x5D, 0x59, 0x79, 0x31, 0xF4, 0x35, 0x5D, 0x39, 0x38, 0xC8, 0x78, 0x3C, 0x4A, 0xB9, 0x4A, 0xAB, 0x86, 0x6C, 0x65, 0x75, 0x79, 0x79, 0x31, 0xF2, 0xF5, 0x5D,
		0xE1, 0x79, 0x79, 0x79, 0x86, 0x6C, 0x57, 0x75, 0x79, 0x79, 0xC9, 0x78, 0x31, 0xF2, 0xE5, 0x5D, 0xE9, 0x79, 0x79, 0x79, 0x31, 0xF8, 0xBD, 0xF9, 0x79, 0x79, 0x79, 0x26, 0xBA, 0xB5, 0xB5, 0xB5,
		0xB5, 0xB5, 0xB5, 0xB5, 0x35, 0xF2, 0xA5, 0x30, 0xF0, 0x22, 0x71, 0x30, 0xF0, 0x0A, 0x59, 0x2E, 0x31, 0xFA, 0x95, 0x19, 0x35, 0xF2, 0x7C, 0xC4, 0x72, 0x79, 0x79, 0x31, 0xF2, 0x70, 0x30, 0xF4,
		0x3A, 0x61, 0x34, 0xF2, 0x79, 0x4A, 0xA2, 0x3C, 0x4A, 0xB0, 0x30, 0xF0, 0x22, 0xB9, 0xC3, 0x79, 0x79, 0x78, 0x79, 0x30, 0xF0, 0x3A, 0xC1, 0x86, 0x6C, 0xCA, 0x72, 0x79, 0x79, 0x42, 0xBA, 0x76,
		0xF5, 0x1E, 0x78, 0x79, 0x79, 0x31, 0xF2, 0xF5, 0x5D, 0xF9, 0x79, 0x79, 0x79, 0x31, 0x40, 0x20, 0x69, 0x0D, 0x74, 0x31, 0xF2, 0x38, 0x69, 0x31, 0xF2, 0x01, 0x71, 0x31, 0x42, 0x82, 0x0C, 0x47,
		0x76, 0xC3, 0x18, 0x29, 0x72, 0x0B, 0x6F, 0x31, 0xF2, 0x38, 0x71, 0x31, 0xF2, 0x01, 0x41, 0x31, 0x42, 0x82, 0x0D, 0x70, 0x31, 0xF2, 0x06, 0x71, 0x31, 0x42, 0x82, 0x0C, 0x58, 0x31, 0xF2, 0x00,
		0x71, 0x31, 0x42, 0x82, 0x0C, 0x61, 0x86, 0x6C, 0x65, 0x72, 0x79, 0x79, 0x31, 0xF2, 0x81, 0x31, 0x42, 0xBA, 0x0C, 0x73, 0xC1, 0x74, 0x79, 0x79, 0xB9, 0x90, 0x77, 0x78, 0x79, 0x79, 0xF3, 0x36,
		0x35, 0xCB, 0x78, 0x86, 0x6C, 0x26, 0x72, 0x79, 0x79, 0x31, 0xF2, 0x89, 0x31, 0x42, 0xBA, 0x0C, 0x73, 0xC2, 0x74, 0x79, 0x79, 0xB9, 0x90, 0x98, 0x79, 0x79, 0x79, 0x3C, 0x4A, 0xB9, 0x31, 0xF4,
		0x35, 0x5D, 0x39, 0x38, 0xF4, 0x29, 0x78, 0x86, 0x6C, 0x7A, 0x72, 0x79, 0x79, 0xBF, 0x3D, 0x5D, 0x01, 0x78, 0x31, 0xF4, 0x3D, 0x5D, 0x01, 0x31, 0xF0, 0x3F, 0x61, 0x31, 0xF4, 0x3D, 0x5D, 0x39,
		0x31, 0xF0, 0x3F, 0x29, 0x31, 0xF4, 0x3D, 0x5D, 0x49, 0x31, 0xF0, 0x3F, 0x31, 0x31, 0xF2, 0xFD, 0x5D, 0xF9, 0x79, 0x79, 0x79, 0x31, 0xF0, 0xFF, 0xB9, 0x79, 0x79, 0x79, 0x1C, 0x31, 0xF2, 0x7D,
		0x5C, 0xF1, 0x78, 0x79, 0x79, 0x31, 0xF2, 0xF7, 0xC1, 0x79, 0x79, 0x79, 0x31, 0xF0, 0xFF, 0xE1, 0x79, 0x79, 0x79, 0xF1, 0x27, 0x39, 0xBF, 0x38, 0xC1, 0x7F, 0x31, 0xF0, 0x00, 0x99, 0x31, 0xF2,
		0xFD, 0x5D, 0xF9, 0x79, 0x79, 0x79, 0xBE, 0x38, 0xB9, 0x78, 0x79, 0x79, 0x79, 0x31, 0xF0, 0x38, 0x91, 0xBE, 0x38, 0xB1, 0x74, 0x79, 0x79, 0x79, 0x31, 0xF2, 0xFD, 0x5D, 0xF9, 0x79, 0x79, 0x79,
		0x31, 0xF0, 0x38, 0xA9, 0x31, 0xF2, 0xFF, 0xC1, 0x79, 0x79, 0x79, 0x31, 0xF4, 0x74, 0xE3, 0x85, 0x86, 0x86, 0x31, 0xF0, 0x31, 0x89, 0x31, 0xF4, 0x35, 0x5D, 0x39, 0xBF, 0x39, 0xC2, 0x99, 0x31,
		0xF0, 0x31, 0x81, 0x31, 0xF2, 0xFD, 0x5D, 0xF9, 0x79, 0x79, 0x79, 0x31, 0xF2, 0x31, 0x51, 0x31, 0x42, 0xB2, 0x0D, 0x7D, 0x31, 0xF0, 0x20, 0x69, 0x31, 0xF2, 0xAF, 0x31, 0xF2, 0xB6, 0x86, 0x6C,
		0xD5, 0x73, 0x79, 0x79, 0x31, 0xF4, 0x35, 0x5D, 0x39, 0x38, 0xC8, 0x78, 0x3C, 0x4A, 0xB9, 0x4A, 0xAB, 0x31, 0xF0, 0x25, 0x5D, 0x59, 0x86, 0x6C, 0x25, 0x73, 0x79, 0x79, 0x31, 0xF2, 0xF5, 0x5D,
		0xF9, 0x79, 0x79, 0x79, 0x86, 0x6C, 0x17, 0x73, 0x79, 0x79, 0xF2, 0xBA, 0x35, 0xF4, 0x25, 0x5D, 0x19, 0x30, 0xF2, 0x22, 0x69, 0x30, 0xF2, 0x0A, 0x51, 0x30, 0xF2, 0x9A, 0x26, 0xBA, 0xB5, 0xB5,
		0xB5, 0xB5, 0xB5, 0xB5, 0x31, 0xF2, 0xBD, 0x31, 0xF0, 0x21, 0x71, 0x2E, 0x31, 0xFA, 0x95, 0x19, 0x31, 0xFA, 0x19, 0x61, 0x79, 0x31, 0xF2, 0xA0, 0x31, 0xF4, 0x6C, 0x78, 0x7F, 0x79, 0x79, 0x31,
		0xF4, 0x31, 0xA1, 0x86, 0x6C, 0xBE, 0x70, 0x79, 0x79, 0x31, 0xF4, 0x6C, 0x29, 0x7C, 0x79, 0x79, 0x31, 0xF4, 0x35, 0x5D, 0x29, 0x86, 0x6C, 0xCC, 0x70, 0x79, 0x79, 0x35, 0xF4, 0xE5, 0x5D, 0xF9,
		0x79, 0x79, 0x79, 0x35, 0xF4, 0x3D, 0x5D, 0x39, 0x35, 0xF0, 0x25, 0x5D, 0x49, 0x38, 0xC0, 0x5B, 0x79, 0x79, 0x79, 0x4A, 0xAB, 0x31, 0xF2, 0xB2, 0xBF, 0x3D, 0x5D, 0x51, 0x79, 0xBE, 0x3D, 0x5D,
		0x59, 0x79, 0x78, 0x79, 0x79, 0x86, 0x6C, 0x8C, 0x70, 0x79, 0x79, 0xFC, 0xB9, 0x01, 0x2C, 0x31, 0xF4, 0x2D, 0x5D, 0x39, 0x31, 0xF4, 0x35, 0x5D, 0x29, 0x86, 0x6C, 0xA8, 0x70, 0x79, 0x79, 0xF2,
		0x81, 0xFC, 0xB9, 0x00, 0x6B, 0x31, 0xF2, 0xF5, 0x5D, 0xF9, 0x79, 0x79, 0x79, 0x86, 0x6C, 0x1C, 0x70, 0x79, 0x79, 0xF2, 0xBE, 0x92, 0x54, 0x31, 0xF4, 0x7C, 0x0F, 0x83, 0x86, 0x86, 0x31, 0xF0,
		0x3A, 0x11, 0x31, 0xF4, 0x7C, 0x46, 0x80, 0x86, 0x86, 0x31, 0xF0, 0xFA, 0xF9, 0x79, 0x79, 0x79, 0x31, 0xF0, 0x3A, 0x09, 0x31, 0xF4, 0x7C, 0x2C, 0x80, 0x86, 0x86, 0x31, 0xF0, 0xFA, 0x99, 0x79,
		0x79, 0x79, 0x4A, 0xB9, 0x31, 0xF2, 0x25, 0x5D, 0x09, 0x31, 0xFA, 0xBD, 0x19, 0x26, 0xBA, 0xB5, 0xB5, 0xB5, 0xB5, 0xB5, 0xB5, 0xB5, 0x1F, 0x1F, 0x76, 0x66, 0xFD, 0x79, 0x79, 0x79, 0x79, 0x79,
		0x31, 0x42, 0x74, 0x80, 0x60, 0x79, 0x79, 0x0C, 0x6B, 0x31, 0xB8, 0xB8, 0x69, 0x1F, 0x8E, 0xB8, 0x86, 0x86, 0x0C, 0x7A, 0xBB, 0x79, 0x79, 0x31, 0xB8, 0xB0, 0x69, 0x90, 0x71, 0x79, 0x79, 0x79,
		0xB5, 0xB5, 0xB5, 0xB5, 0xB5, 0xB5, 0xB5, 0xB5, 0x31, 0xFA, 0x95, 0x41, 0x35, 0xF2, 0x74, 0xAC, 0x60, 0x79, 0x79, 0x35, 0xF2, 0x7C, 0xBF, 0x60, 0x79, 0x79, 0x31, 0xFA, 0x1D, 0x5D, 0x59, 0x79,
		0x31, 0xF2, 0xA8, 0xC0, 0x8E, 0x79, 0x79, 0x79, 0x86, 0x6C, 0x33, 0x70, 0x79, 0x79, 0xB5, 0xB5, 0xB5, 0xB5, 0xB5, 0xB5, 0xB5, 0xB5, 0x1F, 0x1F, 0x76, 0x66, 0xFD, 0x79, 0x79, 0x79, 0x79, 0x79,
		0x35, 0xF2, 0xA0, 0x31, 0x52, 0xA8, 0x76, 0xFB, 0xE7, 0x78, 0x79, 0x79, 0x30, 0xFA, 0x81, 0x71, 0x0B, 0x1B, 0x8F, 0xB8, 0x7E, 0x0D, 0x4E, 0x8F, 0xB8, 0x78, 0x0D, 0x75, 0xF3, 0x7D, 0x73, 0x30,
		0x86, 0xB1, 0xF1, 0x78, 0x31, 0xFA, 0xB8, 0x78, 0x8F, 0xB8, 0x7B, 0x0D, 0x76, 0x1F, 0xF2, 0x7D, 0x73, 0x30, 0xFA, 0x91, 0x7B, 0x1F, 0xF0, 0x78, 0x31, 0xFA, 0xB8, 0x7B, 0x8F, 0xB8, 0x7D, 0x0D,
		0x74, 0xF2, 0x7D, 0x73, 0x30, 0xFA, 0x91, 0x7D, 0xF0, 0x78, 0x31, 0xFA, 0xB8, 0x7D, 0x34, 0xF2, 0xB1, 0x30, 0xB8, 0x90, 0x7C, 0x0C, 0x29, 0x34, 0xF2, 0xB1, 0x30, 0xB8, 0x90, 0x7A, 0x0D, 0x6D,
		0x31, 0xF2, 0x7D, 0x73, 0x31, 0xF0, 0x78, 0x31, 0xFA, 0xB8, 0x71, 0x30, 0x86, 0xB0, 0x0C, 0x89, 0x30, 0xFA, 0x99, 0x7E, 0x34, 0xFC, 0xB9, 0x0C, 0x7E, 0x30, 0xF2, 0xBA, 0xBA, 0x76, 0x66, 0x79,
		0xF3, 0x7D, 0x73, 0xF1, 0x78, 0x31, 0x86, 0xB8, 0x30, 0x86, 0xB1, 0x0C, 0x8A, 0x30, 0xF2, 0xBA, 0xBA, 0x1F, 0x1F, 0x1F, 0x1F, 0x1F, 0x1F, 0x1F, 0x76, 0x66, 0xFD, 0x79, 0x79, 0x79, 0x79, 0x79,
		0x1F, 0x1F, 0x1F, 0xE9, 0x1F, 0x1F, 0xE9, 0x30, 0xF8, 0x80, 0x79, 0x59, 0x79, 0x79, 0x0A, 0x3B, 0x31, 0xF2, 0x7D, 0x73, 0x35, 0xF2, 0x2D, 0x73, 0x71, 0x31, 0xFA, 0xB8, 0x59, 0x31, 0xF0, 0x38,
		0x99, 0x35, 0xF0, 0x28, 0x91, 0x31, 0xF2, 0x3D, 0x73, 0x89, 0x35, 0xF2, 0x2D, 0x73, 0x81, 0x30, 0x86, 0xB0, 0x31, 0xF0, 0x38, 0x89, 0x35, 0xF0, 0x28, 0x81, 0x0C, 0xAD, 0x30, 0xFA, 0x99, 0x66,
		0x90, 0x0B, 0x86, 0x86, 0x86, 0x1F, 0x1F, 0x1F, 0x76, 0x66, 0xFD, 0x79, 0x79, 0x79, 0x79, 0x79, 0x1F, 0xE9, 0x31, 0xF8, 0x83, 0x79, 0x69, 0x79, 0x79, 0x0B, 0xCC, 0xC1, 0x59, 0x79, 0x79, 0x79,
		0x76, 0x61, 0x7D, 0x73, 0x76, 0x61, 0x3D, 0x73, 0x39, 0x31, 0xF8, 0xB8, 0xF9, 0x79, 0x79, 0x79, 0x86, 0xB1, 0x0C, 0x95, 0x31, 0xF8, 0x90, 0x79, 0x69, 0x79, 0x79, 0xC1, 0x39, 0x79, 0x79, 0x79,
		0x35, 0xF2, 0x75, 0x73, 0x35, 0xF2, 0x2D, 0x73, 0x71, 0x35, 0x76, 0xBA, 0x70, 0x35, 0x76, 0xBA, 0x28, 0x71, 0x35, 0xF2, 0x35, 0x73, 0x69, 0x35, 0xF2, 0x2D, 0x73, 0x61, 0x35, 0x76, 0xBA, 0x30,
		0x69, 0x35, 0x76, 0xBA, 0x28, 0x61, 0x35, 0xF2, 0x35, 0x73, 0x59, 0x35, 0xF2, 0x2D, 0x73, 0x51, 0x31, 0xFA, 0xB8, 0x39, 0x35, 0x76, 0xBA, 0x30, 0x99, 0x35, 0x76, 0xBA, 0x28, 0x91, 0x35, 0xF2,
		0x35, 0x73, 0x89, 0x35, 0xF2, 0x2D, 0x73, 0x81, 0x86, 0xB1, 0x35, 0x76, 0xBA, 0x30, 0x89, 0x35, 0x76, 0xBA, 0x28, 0x81, 0x0C, 0xD3, 0x30, 0xF8, 0x91, 0x79, 0x69, 0x79, 0x79, 0x30, 0xF8, 0x81,
		0x79, 0x69, 0x79, 0x79, 0x76, 0xFA, 0x08, 0x86, 0x86, 0x86, 0x89, 0xF9, 0x75, 0x5D, 0x79, 0x90, 0xC3, 0x87, 0x86, 0x86, 0x1F, 0x1F, 0x1F, 0x1F, 0x76, 0x66, 0xFD, 0x79, 0x79, 0x79, 0x79, 0x79,
		0x1F, 0x1F, 0x1F, 0xE9, 0x1F, 0x1F, 0x1F, 0xE9, 0x1F, 0xE9, 0x30, 0x7A, 0xB1, 0x30, 0xFA, 0x81, 0x71, 0x0B, 0x18, 0x8F, 0xB8, 0x7E, 0x0D, 0x4F, 0x8F, 0xB8, 0x78, 0x0D, 0x72, 0x31, 0x86, 0xB0,
		0xF3, 0x7D, 0x73, 0x30, 0x86, 0xB1, 0xF1, 0x78, 0x8F, 0xB8, 0x7B, 0x0D, 0x76, 0x31, 0xFA, 0x90, 0x7B, 0x1F, 0xF2, 0x7D, 0x73, 0x30, 0xFA, 0x91, 0x7B, 0x1F, 0xF0, 0x78, 0x8F, 0xB8, 0x7D, 0x0D,
		0x74, 0x31, 0xFA, 0x90, 0x7D, 0xF2, 0x7D, 0x73, 0x30, 0xFA, 0x91, 0x7D, 0xF0, 0x78, 0x34, 0xF2, 0xB1, 0x30, 0xB8, 0x90, 0x7C, 0x0C, 0x29, 0x34, 0xF2, 0xB1, 0x30, 0xB8, 0x90, 0x7A, 0x0D, 0x6D,
		0x31, 0xFA, 0x90, 0x71, 0x31, 0xF2, 0x7D, 0x73, 0x30, 0x86, 0xB0, 0x31, 0xF0, 0x78, 0x0C, 0x89, 0x30, 0xFA, 0x99, 0x7E, 0x34, 0xFC, 0xB9, 0x0C, 0x7E, 0x30, 0xF2, 0xBA, 0xBA, 0x76, 0x66, 0x79,
		0x31, 0x86, 0xB0, 0xF3, 0x7D, 0x73, 0x30, 0x86, 0xB1, 0xF1, 0x78, 0x0C, 0x8A, 0x30, 0xF2, 0xBA, 0xBA, 0x1F, 0x1F, 0x1F, 0x1F, 0x1F, 0x1F, 0x1F, 0x76, 0x66, 0xFD, 0x79, 0x79, 0x79, 0x79, 0x79,
		0x1F, 0x1F, 0x1F, 0xE9, 0x1F, 0x1F, 0xE9, 0x30, 0xF8, 0x80, 0x79, 0x59, 0x79, 0x79, 0x0A, 0x3B, 0x31, 0xF2, 0x3D, 0x73, 0x81, 0x35, 0xF2, 0x2D, 0x73, 0x89, 0x31, 0xFA, 0x90, 0x59, 0x31, 0xF0,
		0x38, 0x61, 0x35, 0xF0, 0x28, 0x69, 0x31, 0xF2, 0x3D, 0x73, 0x71, 0x35, 0xF2, 0x6D, 0x73, 0x30, 0x86, 0xB0, 0x31, 0xF0, 0x38, 0x71, 0x35, 0xF0, 0x68, 0x0C, 0xAC, 0x30, 0xFA, 0x99, 0x66, 0x90,
		0x0A, 0x86, 0x86, 0x86, 0x1F, 0x1F, 0x1F, 0x1F, 0x76, 0x66, 0xFD, 0x79, 0x79, 0x79, 0x79, 0x79, 0x1F, 0xE9, 0x31, 0xF8, 0x83, 0x79, 0x89, 0x86, 0x86, 0x0E, 0xCC, 0xC1, 0x59, 0x79, 0x79, 0x79,
		0x31, 0xF8, 0x90, 0xF9, 0x79, 0x79, 0x79, 0x76, 0x61, 0x7D, 0x73, 0x76, 0x61, 0x3D, 0x73, 0x39, 0x86, 0xB1, 0x0C, 0x95, 0x31, 0xF8, 0xB8, 0x79, 0x69, 0x79, 0x79, 0xC1, 0x39, 0x79, 0x79, 0x79,
		0x35, 0xF2, 0x35, 0x73, 0x81, 0x35, 0xF2, 0x2D, 0x73, 0x89, 0x35, 0x76, 0xBA, 0x30, 0x81, 0x35, 0x76, 0xBA, 0x28, 0x89, 0x35, 0xF2, 0x35, 0x73, 0x91, 0x35, 0xF2, 0x2D, 0x73, 0x99, 0x35, 0x76,
		0xBA, 0x30, 0x91, 0x35, 0x76, 0xBA, 0x28, 0x99, 0x35, 0xF2, 0x35, 0x73, 0xA1, 0x35, 0xF2, 0x2D, 0x73, 0xA9, 0x31, 0xFA, 0x90, 0x39, 0x35, 0x76, 0xBA, 0x30, 0x61, 0x35, 0x76, 0xBA, 0x28, 0x69,
		0x35, 0xF2, 0x35, 0x73, 0x71, 0x35, 0xF2, 0x6D, 0x73, 0x86, 0xB1, 0x35, 0x76, 0xBA, 0x30, 0x71, 0x35, 0x76, 0xBA, 0x68, 0x0C, 0xD3, 0x30, 0xF8, 0x91, 0x79, 0x69, 0x79, 0x79, 0x30, 0xF8, 0x81,
		0x79, 0x69, 0x79, 0x79, 0x76, 0xFA, 0x08, 0x86, 0x86, 0x86, 0x89, 0xF9, 0x75, 0x5D, 0x79, 0x90, 0xC3, 0x87, 0x86, 0x86, 0xB5, 0xB5, 0xB5, 0xB5, 0xB5, 0xB5, 0x86, 0x5C, 0x91, 0x7C, 0x79, 0x79,
		0xB5, 0xB5, 0xB5, 0xB5, 0xB5, 0xB5, 0x1F, 0x1F, 0x76, 0x66, 0xFD, 0x79, 0x79, 0x79, 0x79, 0x79, 0x31, 0xF2, 0xB8, 0x30, 0xFA, 0x81, 0x71, 0x0B, 0x2A, 0x76, 0xCF, 0xAB, 0x30, 0xC0, 0x78, 0x78,
		0x78, 0x78, 0x78, 0x78, 0x78, 0x78, 0x30, 0x76, 0xD6, 0xA8, 0x30, 0xFA, 0x81, 0x39, 0x0B, 0x67, 0x31, 0x8E, 0xA0, 0xFA, 0x98, 0x7E, 0x0D, 0x7F, 0x35, 0x52, 0xB8, 0x31, 0xF0, 0x69, 0x31, 0x7A,
		0xB1, 0x34, 0xF2, 0xB1, 0x30, 0xFA, 0x99, 0x46, 0x30, 0xB8, 0x90, 0x7F, 0x0C, 0x40, 0x34, 0xF2, 0xB1, 0x30, 0xFA, 0x99, 0x7E, 0x30, 0xB8, 0x90, 0x7A, 0x0D, 0x68, 0x1F, 0x1F, 0x1F, 0xE9, 0xE9,
		0x31, 0xF0, 0x68, 0x31, 0xFA, 0xB8, 0x71, 0x30, 0x86, 0xB0, 0x0C, 0x8D, 0x34, 0xFC, 0xB9, 0x0D, 0x73, 0xF1, 0x68, 0x31, 0x86, 0xB8, 0x30, 0x86, 0xB1, 0x0C, 0x8F, 0xBB, 0x79, 0x79, 0x1F, 0xE9,
		0x1F, 0x1F, 0x1F, 0xE9, 0x1F, 0x1F, 0xE9, 0x30, 0xF8, 0x80, 0x79, 0x65, 0x79, 0x79, 0x0A, 0x49, 0x31, 0xF0, 0x68, 0x31, 0xF0, 0x28, 0x71, 0x31, 0xF0, 0x28, 0x69, 0x31, 0xFA, 0xB8, 0x39, 0x31,
		0xF0, 0x28, 0xA1, 0x31, 0xF0, 0x28, 0x99, 0x30, 0x86, 0xB0, 0x31, 0xF0, 0x28, 0x91, 0x31, 0xF0, 0x28, 0x89, 0x31, 0xF0, 0x28, 0x81, 0x0C, 0xA1, 0x92, 0xED, 0x1F, 0x76, 0x66, 0x3D, 0x79, 0x79,
		0x31, 0x76, 0xBA, 0x68, 0x31, 0x76, 0xBA, 0x28, 0x71, 0x31, 0x76, 0xBA, 0x28, 0x69, 0x31, 0xFA, 0xB8, 0x39, 0x31, 0x76, 0xBA, 0x28, 0xA1, 0x31, 0x76, 0xBA, 0x28, 0x99, 0x30, 0x86, 0xB0, 0x31,
		0x76, 0xBA, 0x28, 0x91, 0x31, 0x76, 0xBA, 0x28, 0x89, 0x31, 0x76, 0xBA, 0x28, 0x81, 0x0C, 0xA9, 0x89, 0xF9, 0x75, 0x5D, 0x79, 0x90, 0x2D, 0x86, 0x86, 0x86, 0xB5, 0xB5, 0xB5, 0xB5, 0xB5, 0xB5,
		0x25, 0x79, 0x3D, 0x79, 0x16, 0x79, 0x0A, 0x79, 0x3D, 0x79, 0x1C, 0x79, 0x0F, 0x79, 0x10, 0x79, 0x1A, 0x79, 0x1C, 0x79, 0x0A, 0x79, 0x25, 0x79, 0x30, 0x79, 0x2C, 0x79, 0x3F, 0x79, 0x16, 0x79,
		0x0B, 0x79, 0x1A, 0x79, 0x1C, 0x79, 0x3D, 0x79, 0x1C, 0x79, 0x15, 0x79, 0x1C, 0x79, 0x0D, 0x79, 0x1C, 0x79, 0x48, 0x79, 0x4B, 0x79, 0x4A, 0x79, 0x79, 0x79, 0xB5, 0xB5, 0xB5, 0xB5, 0xB5, 0xB5,
		0x36, 0x1B, 0x2B, 0x1C, 0x1F, 0x1C, 0x0B, 0x1C, 0x17, 0x1A, 0x1C, 0x36, 0x1B, 0x13, 0x1C, 0x1A, 0x0D, 0x3B, 0x00, 0x31, 0x18, 0x17, 0x1D, 0x15, 0x1C, 0x59, 0x1C, 0x0B, 0x0B, 0x16, 0x0B, 0x58,
		0x79, 0xB5, 0xB5, 0xB5, 0xB5, 0xB5, 0xB5, 0xB5, 0xB5, 0xB5, 0xB5, 0xB5, 0xB5, 0xB5, 0xB5, 0xB5, 0x3F, 0x3D, 0x26, 0x2A, 0x0D, 0x0B, 0x10, 0x09, 0x3F, 0x10, 0x15, 0x1C, 0x38, 0x0D, 0x0D, 0x0B,
		0x10, 0x1B, 0x0C, 0x0D, 0x1C, 0x0A, 0x59, 0x30, 0x16, 0x38, 0x15, 0x15, 0x16, 0x1A, 0x18, 0x0D, 0x1C, 0x30, 0x0B, 0x09, 0x59, 0x1C, 0x0B, 0x0B, 0x16, 0x0B, 0x79, 0xB5, 0xB5, 0xB5, 0xB5, 0xB5,
		0x25, 0x79, 0x3D, 0x79, 0x1C, 0x79, 0x0F, 0x79, 0x10, 0x79, 0x1A, 0x79, 0x1C, 0x79, 0x25, 0x79, 0x30, 0x79, 0x2C, 0x79, 0x3F, 0x79, 0x16, 0x79, 0x0B, 0x79, 0x1A, 0x79, 0x1C, 0x79, 0x3D, 0x79,
		0x1C, 0x79, 0x15, 0x79, 0x1C, 0x79, 0x0D, 0x79, 0x1C, 0x79, 0x48, 0x79, 0x4B, 0x79, 0x4A, 0x79, 0x79, 0x79, 0x79, 0x79, 0x79, 0x79, 0x79, 0x79, 0x79, 0x79, 0x79, 0x79, 0x79, 0x79, 0x79, 0x79,
		0x79, 0x79, 0x79, 0x79, 0x79, 0x79, 0x79, 0x79, 0x79, 0x79, 0x79, 0x79, 0x79, 0x79, 0x79, 0x79, 0x79, 0x79, 0x79, 0x79, 0x79, 0x79, 0x79, 0x79, 0x79, 0x79, 0x79, 0x79, 0x79, 0x79, 0x79, 0x79,
		0x79, 0x79, 0x79, 0x79, 0x79, 0x79, 0x79, 0x79, 0x79, 0x79, 0x79, 0x79, 0x79, 0x79, 0x79, 0x79, 0x79, 0x79, 0x79, 0x79, 0x79, 0x79, 0x79, 0x79, 0x79, 0x79, 0x79, 0x79, 0x79, 0x79, 0x79, 0x79,
		0x79, 0x79, 0x79, 0x79, 0x79, 0x79, 0x79, 0x79, 0x79, 0x79, 0x79, 0x79, 0x79, 0x79, 0x79, 0x79, 0x79, 0x79, 0x79, 0x79, 0x79, 0x79, 0x79, 0x79, 0x79, 0x79, 0x79, 0x79, 0x79, 0x79, 0x79, 0x79,
		0x79, 0x79, 0x79, 0x79, 0x79, 0x79, 0x79, 0x79, 0x79, 0x79, 0x79, 0x79, 0x79, 0x79, 0x79, 0x79, 0x79, 0x79, 0x79, 0x79, 0x79, 0x79, 0x79, 0x79, 0x79, 0x79, 0x79, 0x79, 0x79, 0x79, 0x79, 0x79,
		0x79, 0x79, 0x79, 0x79, 0x79, 0x79, 0x79, 0x79, 0x79, 0x79, 0x79, 0x79, 0x79, 0x79, 0x79, 0x79, 0x79, 0x79, 0x79, 0x79, 0x79, 0x79, 0x79, 0x79, 0x79, 0x79, 0x79, 0x79, 0x79, 0x79, 0x79, 0x79,
		0x79, 0x79, 0x79, 0x79, 0x79, 0x79, 0x79, 0x79, 0x79, 0x79, 0x79, 0x79, 0x79, 0x79, 0x79, 0x79, 0x79, 0x79, 0x79, 0x79, 0x79, 0x79, 0x79, 0x79, 0x79, 0x79, 0x79, 0x79, 0x79, 0x79, 0x79, 0x79,
		0x79, 0x79, 0x79, 0x79, 0x79, 0x79, 0x79, 0x79, 0x79, 0x79, 0x79, 0x79, 0x79, 0x79, 0x79, 0x79, 0x79, 0x79, 0x79, 0x79, 0x79, 0x79, 0x79, 0x79, 0x79, 0x79, 0x79, 0x79, 0x79, 0x79, 0x79, 0x79,
		0x79, 0x79, 0x79, 0x79, 0x79, 0x79, 0x79, 0x79, 0x79, 0x79, 0x79, 0x79, 0x79, 0x79, 0x79, 0x79, 0x79, 0x79, 0x79, 0x79, 0x79, 0x79, 0x79, 0x79, 0x79, 0x79, 0x79, 0x79, 0x79, 0x79, 0x79, 0x79,
		0x79, 0x79, 0x79, 0x79, 0x79, 0x79, 0x79, 0x79, 0x79, 0x79, 0x79, 0x79, 0x79, 0x79, 0x79, 0x79, 0x79, 0x79, 0x79, 0x79, 0x79, 0x79, 0x79, 0x79, 0x79, 0x79, 0x79, 0x79, 0x79, 0x79, 0x79, 0x79,
		0x79, 0x79, 0x79, 0x79, 0x79, 0x79, 0x79, 0x79, 0x79, 0x79, 0x79, 0x79, 0x79, 0x79, 0x79, 0x79, 0x79, 0x79, 0x79, 0x79, 0x79, 0x79, 0x79, 0x79, 0x79, 0x79, 0x79, 0x79, 0x79, 0x79, 0x79, 0x79,
		0x79, 0x79, 0x79, 0x79, 0x79, 0x79, 0x79, 0x79, 0x79, 0x79, 0x79, 0x79, 0x79, 0x79, 0x79, 0x79, 0x79, 0x79, 0x79, 0x79, 0x79, 0x79, 0x79, 0x79, 0x79, 0x79, 0x79, 0x79, 0x79, 0x79, 0x79, 0x79,
		0x79, 0x79, 0x79, 0x79, 0x79, 0x79, 0x79, 0x79, 0x79, 0x79, 0x79, 0x79, 0x79, 0x79, 0x79, 0x79, 0x79, 0x79, 0x79, 0x79, 0x79, 0x79, 0x79, 0x79, 0x79, 0x79, 0x79, 0x79, 0x79, 0x79, 0x79, 0x79,
		0x21, 0x18, 0x79, 0x79, 0x79, 0x79, 0x79, 0x79, 0x09, 0x18, 0x79, 0x79, 0x79, 0x79, 0x79, 0x79, 0xF5, 0x18, 0x79, 0x79, 0x79, 0x79, 0x79, 0x79, 0xDD, 0x18, 0x79, 0x79, 0x79, 0x79, 0x79, 0x79,
		0xCF, 0x18, 0x79, 0x79, 0x79, 0x79, 0x79, 0x79, 0xBD, 0x18, 0x79, 0x79, 0x79, 0x79, 0x79, 0x79, 0xAD, 0x18, 0x79, 0x79, 0x79, 0x79, 0x79, 0x79, 0x91, 0x18, 0x79, 0x79, 0x79, 0x79, 0x79, 0x79,
		0x85, 0x18, 0x79, 0x79, 0x79, 0x79, 0x79, 0x79, 0x7F, 0x1B, 0x79, 0x79, 0x79, 0x79, 0x79, 0x79, 0x65, 0x1B, 0x79, 0x79, 0x79, 0x79, 0x79, 0x79, 0x41, 0x1B, 0x79, 0x79, 0x79, 0x79, 0x79, 0x79,
		0x29, 0x1B, 0x79, 0x79, 0x79, 0x79, 0x79, 0x79, 0x25, 0x1B, 0x79, 0x79, 0x79, 0x79, 0x79, 0x79, 0x15, 0x1B, 0x79, 0x79, 0x79, 0x79, 0x79, 0x79, 0xFD, 0x1B, 0x79, 0x79, 0x79, 0x79, 0x79, 0x79,
		0xE5, 0x1B, 0x79, 0x79, 0x79, 0x79, 0x79, 0x79, 0xD7, 0x1B, 0x79, 0x79, 0x79, 0x79, 0x79, 0x79, 0xC3, 0x1B, 0x79, 0x79, 0x79, 0x79, 0x79, 0x79, 0xB3, 0x1B, 0x79, 0x79, 0x79, 0x79, 0x79, 0x79,
		0x79, 0x79, 0x79, 0x79, 0x79, 0x79, 0x79, 0x79, 0x79, 0x79, 0x79, 0x79, 0x79, 0x79, 0x79, 0x79, 0x79, 0x79, 0x79, 0x79, 0x9D, 0x10, 0xBB, 0x27, 0x79, 0x79, 0x79, 0x79, 0x7B, 0x79, 0x79, 0x79,
		0x0E, 0x79, 0x79, 0x79, 0xB5, 0x59, 0x79, 0x79, 0xB5, 0x6B, 0x79, 0x79, 0x2B, 0x2A, 0x3D, 0x2A, 0x8E, 0xD1, 0xC8, 0x52, 0xBE, 0x10, 0xED, 0x3A, 0xE3, 0xDB, 0xDA, 0xE7, 0xB2, 0xC3, 0x8B, 0xAE,
		0x78, 0x79, 0x79, 0x79, 0x1F, 0x43, 0x25, 0x17, 0x1C, 0x0E, 0x0A, 0x0F, 0x17, 0x25, 0x1A, 0x52, 0x52, 0x25, 0x10, 0x0C, 0x40, 0x1D, 0x0B, 0x0F, 0x25, 0x10, 0x0C, 0x1F, 0x16, 0x0B, 0x1A, 0x1C,
		0x1D, 0x1C, 0x15, 0x1C, 0x0D, 0x1C, 0x25, 0x1D, 0x0B, 0x0F, 0x10, 0x14, 0x1F, 0x1F, 0x16, 0x0B, 0x1A, 0x1C, 0x1D, 0x1C, 0x15, 0x1C, 0x0D, 0x1C, 0x25, 0x16, 0x1B, 0x13, 0x1F, 0x0B, 0x1C, 0x26,
		0x0E, 0x10, 0x17, 0x4E, 0x26, 0x18, 0x14, 0x1D, 0x4F, 0x4D, 0x25, 0x18, 0x14, 0x1D, 0x4F, 0x4D, 0x25, 0x30, 0x2C, 0x3F, 0x16, 0x0B, 0x1A, 0x1C, 0x3D, 0x1C, 0x15, 0x1C, 0x0D, 0x1C, 0x57, 0x09,
		0x1D, 0x1B, 0x79, 0x79, 0x79, 0x79, 0x79, 0x79, 0x78, 0x7D, 0x78, 0x79, 0x7D, 0x1B, 0x79, 0x79, 0x78, 0x79, 0x79, 0x79, 0x78, 0x7F, 0x7B, 0x79, 0x7F, 0x4B, 0x7B, 0x49, 0x78, 0x7F, 0x7B, 0x79,
		0x7F, 0x2B, 0x7B, 0x49, 0x78, 0x7D, 0x78, 0x79, 0x7D, 0x3B, 0x79, 0x79, 0x78, 0x70, 0x7A, 0x79, 0x70, 0x78, 0x61, 0x79, 0x7B, 0x49, 0x79, 0x79, 0x78, 0x69, 0x7F, 0x79, 0x69, 0x1D, 0x68, 0x79,
		0x69, 0x4D, 0x77, 0x79, 0x69, 0xCB, 0x75, 0x09, 0x78, 0x76, 0x7D, 0x79, 0x76, 0x4D, 0x6B, 0x79, 0x76, 0x8B, 0x71, 0x09, 0x78, 0x6F, 0x73, 0x79, 0x6F, 0x2D, 0x75, 0x79, 0x6F, 0x4D, 0x73, 0x79,
		0x6F, 0x4B, 0x6B, 0x99, 0x69, 0xA9, 0x77, 0xB9, 0x75, 0x09, 0x72, 0x19, 0x78, 0x75, 0x7D, 0x79, 0x75, 0x4D, 0x77, 0x79, 0x75, 0xCB, 0x71, 0x09, 0x78, 0x79, 0x79, 0x79, 0x79, 0x79, 0x79, 0x79,
		0x79, 0x79, 0x79, 0x79, 0x79, 0x79, 0x79, 0x79, 0x79, 0x79, 0x79, 0x79, 0x79, 0x79, 0x79, 0x79, 0x79, 0x79, 0x79, 0x79, 0x79, 0x79, 0x79, 0x79, 0x79, 0x79, 0x79, 0x79, 0x79, 0x79, 0x79, 0x79,
		0x79, 0x79, 0x79, 0x79, 0x79, 0x79, 0x79, 0x79, 0x79, 0x79, 0x79, 0x79, 0x79, 0x79, 0x79, 0x79, 0x79, 0x79, 0x79, 0x79, 0x79, 0x79, 0x79, 0x79, 0x79, 0x79, 0x79, 0x79, 0x79, 0x79, 0x79, 0x79,
		0x79, 0x79, 0x79, 0x79, 0x79, 0x78, 0x79, 0x79, 0x79, 0x79, 0x79, 0x79, 0x79, 0x79, 0x79, 0x79, 0x79, 0x79, 0x79, 0x79, 0x79, 0x79, 0x79, 0x79, 0x79, 0x79, 0x79, 0x79, 0x79, 0x79, 0x79, 0x79,
		0x79, 0x79, 0x79, 0x79, 0x79, 0x79, 0x79, 0x79, 0x79, 0x79, 0x79, 0x79, 0x79, 0x79, 0x79, 0x79, 0x79, 0x79, 0x79, 0x79, 0x79, 0x79, 0x79, 0x79, 0x79, 0x79, 0x79, 0x79, 0x79, 0x79, 0x79, 0x79,
		0x79, 0x79, 0x79, 0x79, 0x79, 0x79, 0x79, 0x79, 0x79, 0x79, 0x79, 0x79, 0x79, 0x79, 0x79, 0x79, 0x79, 0x79, 0x79, 0x79, 0x79, 0x79, 0x79, 0x79, 0x79, 0x79, 0x79, 0x79, 0x79, 0x79, 0x79, 0x79,
		0x79, 0x79, 0x79, 0x79, 0x79, 0x79, 0x79, 0x79, 0x79, 0x79, 0x79, 0x79, 0x79, 0x79, 0x79, 0x79, 0x79, 0x79, 0x79, 0x79, 0x79, 0x79, 0x79, 0x79, 0x79, 0x79, 0x79, 0x79, 0x79, 0x79, 0x79, 0x79,
		0x79, 0x79, 0x79, 0x79, 0x79, 0x79, 0x79, 0x79, 0x79, 0x79, 0x79, 0x79, 0x79, 0x79, 0x79, 0x79, 0x79, 0x79, 0x79, 0x79, 0x79, 0x79, 0x79, 0x79, 0x79, 0x79, 0x79, 0x79, 0x79, 0x79, 0x79, 0x79,
		0x79, 0x79, 0x79, 0x79, 0x79, 0x79, 0x79, 0x79, 0x79, 0x79, 0x79, 0x79, 0x79, 0x79, 0x79, 0x79, 0x79, 0x79, 0x79, 0x79, 0x79, 0x79, 0x79, 0x79, 0x79, 0x79, 0x79, 0x79, 0x79, 0x79, 0x79, 0x79,
		0x79, 0x79, 0x79, 0x79, 0x79, 0x79, 0x79, 0x79, 0x79, 0x79, 0x79, 0x79, 0x79, 0x79, 0x79, 0x79, 0x79, 0x79, 0x79, 0x79, 0x79, 0x79, 0x79, 0x79, 0x79, 0x79, 0x79, 0x79, 0x79, 0x79, 0x79, 0x79,
		0x79, 0x79, 0x79, 0x79, 0x79, 0x79, 0x79, 0x79, 0x79, 0x79, 0x79, 0x79, 0x79, 0x79, 0x79, 0x79, 0x79, 0x79, 0x79, 0x79, 0x79, 0x79, 0x79, 0x79, 0x79, 0x79, 0x79, 0x79, 0x79, 0x79, 0x79, 0x79,
		0x4B, 0xDB, 0xA6, 0x54, 0xE0, 0x52, 0x79, 0x79, 0xB4, 0x24, 0x59, 0xAB, 0x1F, 0xAD, 0x86, 0x86, 0x79, 0x79, 0x79, 0x79, 0x79, 0x79, 0x79, 0x79, 0x79, 0x79, 0x79, 0x79, 0x79, 0x79, 0x79, 0x79,
		0x79, 0x79, 0x79, 0x79, 0x79, 0x79, 0x79, 0x79, 0x79, 0x79, 0x79, 0x79, 0x79, 0x79, 0x79, 0x79, 0x79, 0x79, 0x79, 0x79, 0x79, 0x79, 0x79, 0x79, 0x79, 0x79, 0x79, 0x79, 0x79, 0x79, 0x79, 0x79,
		0x79, 0x79, 0x79, 0x79, 0x79, 0x79, 0x79, 0x79, 0x79, 0x79, 0x79, 0x79, 0x79, 0x79, 0x79, 0x79, 0x79, 0x79, 0x79, 0x79, 0x79, 0x79, 0x79, 0x79, 0x79, 0x79, 0x79, 0x79, 0x79, 0x79, 0x79, 0x79,
		0x79, 0x79, 0x79, 0x79, 0x79, 0x79, 0x79, 0x79, 0x79, 0x79, 0x79, 0x79, 0x79, 0x79, 0x79, 0x79, 0x79, 0x79, 0x79, 0x79, 0x79, 0x79, 0x79, 0x79, 0x79, 0x79, 0x79, 0x79, 0x79, 0x79, 0x79, 0x79,
		0x79, 0x79, 0x79, 0x79, 0x79, 0x79, 0x79, 0x79, 0x79, 0x79, 0x79, 0x79, 0x79, 0x79, 0x79, 0x79, 0x79, 0x79, 0x79, 0x79, 0x79, 0x79, 0x79, 0x79, 0x79, 0x79, 0x79, 0x79, 0x79, 0x79, 0x79, 0x79,
		0x79, 0x79, 0x79, 0x79, 0x79, 0x79, 0x79, 0x79, 0x79, 0x79, 0x79, 0x79, 0x79, 0x79, 0x79, 0x79, 0x79, 0x79, 0x79, 0x79, 0x79, 0x79, 0x79, 0x79, 0x79, 0x79, 0x79, 0x79, 0x79, 0x79, 0x79, 0x79,
		0x79, 0x79, 0x79, 0x79, 0x79, 0x79, 0x79, 0x79, 0x79, 0x79, 0x79, 0x79, 0x79, 0x79, 0x79, 0x79, 0x79, 0x79, 0x79, 0x79, 0x79, 0x79, 0x79, 0x79, 0x79, 0x79, 0x79, 0x79, 0x79, 0x79, 0x79, 0x79,
		0x79, 0x79, 0x79, 0x79, 0x79, 0x79, 0x79, 0x79, 0x79, 0x79, 0x79, 0x79, 0x79, 0x79, 0x79, 0x79, 0x79, 0x79, 0x79, 0x79, 0x79, 0x79, 0x79, 0x79, 0x79, 0x79, 0x79, 0x79, 0x79, 0x79, 0x79, 0x79,
		0x71, 0x69, 0x79, 0x79, 0x5E, 0x69, 0x79, 0x79, 0x1D, 0x58, 0x79, 0x79, 0x49, 0x69, 0x79, 0x79, 0x52, 0x68, 0x79, 0x79, 0xED, 0x58, 0x79, 0x79, 0x4D, 0x68, 0x79, 0x79, 0x13, 0x68, 0x79, 0x79,
		0x25, 0x58, 0x79, 0x79, 0x09, 0x68, 0x79, 0x79, 0x3D, 0x6B, 0x79, 0x79, 0x15, 0x58, 0x79, 0x79, 0x35, 0x6B, 0x79, 0x79, 0xF4, 0x6B, 0x79, 0x79, 0x2D, 0x58, 0x79, 0x79, 0xED, 0x6B, 0x79, 0x79,
		0x24, 0x6D, 0x79, 0x79, 0xF1, 0x58, 0x79, 0x79, 0x1D, 0x6D, 0x79, 0x79, 0x67, 0x6F, 0x79, 0x79, 0x01, 0x58, 0x79, 0x79, 0x5D, 0x6F, 0x79, 0x79, 0x96, 0x6F, 0x79, 0x79, 0xD5, 0x58, 0x79, 0x79,
		0x51, 0x6E, 0x79, 0x79, 0x36, 0x6E, 0x79, 0x79, 0x31, 0x58, 0x79, 0x79, 0x19, 0x6E, 0x79, 0x79, 0xED, 0x63, 0x79, 0x79, 0x29, 0x58, 0x79, 0x79, 0xC9, 0x63, 0x79, 0x79, 0xE3, 0x62, 0x79, 0x79,
		0xC1, 0x58, 0x79, 0x79, 0x1D, 0x19, 0x79, 0x79, 0xFB, 0x19, 0x79, 0x79, 0x1D, 0x58, 0x79, 0x79, 0x79, 0x79, 0x79, 0x79, 0x79, 0x79, 0x79, 0x79, 0x79, 0x79, 0x79, 0x79, 0x79, 0x79, 0x79, 0x79,
		0x79, 0x79, 0x79, 0x79, 0x79, 0x79, 0x79, 0x79, 0x79, 0x79, 0x79, 0x79, 0x79, 0x79, 0x79, 0x79, 0x79, 0x79, 0x79, 0x79, 0x79, 0x79, 0x79, 0x79, 0x79, 0x79, 0x79, 0x79, 0x79, 0x79, 0x79, 0x79,
		0x79, 0x79, 0x79, 0x79, 0x79, 0x79, 0x79, 0x79, 0x79, 0x79, 0x79, 0x79, 0x79, 0x79, 0x79, 0x79, 0x79, 0x79, 0x79, 0x79, 0x79, 0x79, 0x79, 0x79, 0x79, 0x79, 0x79, 0x79, 0x79, 0x79, 0x79, 0x79,
		0x79, 0x79, 0x79, 0x79, 0x79, 0x79, 0x79, 0x79, 0x79, 0x79, 0x79, 0x79, 0x79, 0x79, 0x79, 0x79, 0x79, 0x79, 0x79, 0x79, 0x79, 0x79, 0x79, 0x79, 0x79, 0x79, 0x79, 0x79, 0x79, 0x79, 0x79, 0x79,
		0x79, 0x79, 0x79, 0x79, 0x79, 0x79, 0x79, 0x79, 0x79, 0x79, 0x79, 0x79, 0x79, 0x79, 0x79, 0x79, 0x79, 0x79, 0x79, 0x79, 0x79, 0x79, 0x79, 0x79, 0x79, 0x79, 0x79, 0x79, 0x79, 0x79, 0x79, 0x79,
		0x79, 0x79, 0x79, 0x79, 0x79, 0x79, 0x79, 0x79, 0x79, 0x79, 0x79, 0x79, 0x79, 0x79, 0x79, 0x79, 0x79, 0x79, 0x79, 0x79, 0x79, 0x79, 0x79, 0x79, 0x79, 0x79, 0x79, 0x79, 0x79, 0x79, 0x79, 0x79,
		0x79, 0x79, 0x79, 0x79, 0x79, 0x79, 0x79, 0x79, 0x79, 0x79, 0x79, 0x79, 0x79, 0x79, 0x79, 0x79, 0x79, 0x79, 0x79, 0x79, 0x79, 0x79, 0x79, 0x79, 0x79, 0x79, 0x79, 0x79, 0x79, 0x79, 0x79, 0x79,
		0x79, 0x79, 0x79, 0x79, 0x79, 0x79, 0x79, 0x79, 0x79, 0x79, 0x79, 0x79, 0x79, 0x79, 0x79, 0x79, 0x79, 0x79, 0x79, 0x79, 0x79, 0x79, 0x79, 0x79, 0x79, 0x79, 0x79, 0x79, 0x79, 0x79, 0x79, 0x79,
		0x79, 0x79, 0x79, 0x79, 0x79, 0x79, 0x79, 0x79, 0x79, 0x79, 0x79, 0x79, 0x79, 0x79, 0x79, 0x79, 0x79, 0x79, 0x79, 0x79, 0x79, 0x79, 0x79, 0x79, 0x79, 0x79, 0x79, 0x79, 0x79, 0x79, 0x79, 0x79,
		0x79, 0x79, 0x79, 0x79, 0x79, 0x79, 0x79, 0x79, 0x79, 0x79, 0x79, 0x79, 0x79, 0x79, 0x79, 0x79, 0x79, 0x79, 0x79, 0x79, 0x79, 0x79, 0x79, 0x79, 0x79, 0x79, 0x79, 0x79, 0x79, 0x79, 0x79, 0x79,
		0x79, 0x79, 0x79, 0x79, 0x79, 0x79, 0x79, 0x79, 0x79, 0x79, 0x79, 0x79, 0x79, 0x79, 0x79, 0x79, 0x79, 0x79, 0x79, 0x79, 0x79, 0x79, 0x79, 0x79, 0x79, 0x79, 0x79, 0x79, 0x79, 0x79, 0x79, 0x79,
		0x79, 0x79, 0x79, 0x79, 0x79, 0x79, 0x79, 0x79, 0x79, 0x79, 0x79, 0x79, 0x79, 0x79, 0x79, 0x79, 0x79, 0x79, 0x79, 0x79, 0x79, 0x79, 0x79, 0x79, 0x79, 0x79, 0x79, 0x79, 0x79, 0x79, 0x79, 0x79,
		0x79, 0x79, 0x79, 0x79, 0x79, 0x79, 0x79, 0x79, 0x31, 0xF2, 0x7C, 0x88, 0xA9, 0x86, 0x86, 0x31, 0xC3, 0x4B, 0xDB, 0xA6, 0x54, 0xE0, 0x52, 0x79, 0x79, 0x31, 0xFC, 0xB9, 0x0D, 0x7C, 0x31, 0x42,
		0xBB, 0x0C, 0x56, 0x31, 0xF4, 0x74, 0xAF, 0xA9, 0x86, 0x86, 0x31, 0xC1, 0x59, 0x7A, 0x79, 0x79, 0xF9, 0x8E, 0x86, 0x86, 0x31, 0xF2, 0x79, 0x31, 0x4A, 0xB8, 0x31, 0xC0, 0x86, 0x86, 0x86, 0x86,
		0x86, 0x86, 0x79, 0x79, 0x31, 0x5A, 0xB8, 0x31, 0x76, 0x3D, 0xBB, 0x31, 0xF0, 0x7C, 0xD7, 0xA9, 0x86, 0x86, 0x31, 0x8E, 0xA9, 0x31, 0xF0, 0x7C, 0xD5, 0xA9, 0x86, 0x86, 0xBA, 0xB5, 0xB5, 0xB5,
		0xB5, 0xB5, 0xB5, 0xB5, 0x31, 0xFA, 0x95, 0x51, 0x35, 0xF2, 0xBB, 0x35, 0xF2, 0xB0, 0x91, 0xEC, 0x86, 0x86, 0x86, 0x30, 0xF2, 0xA9, 0x30, 0xF2, 0xB0, 0x31, 0xFA, 0xBD, 0x51, 0x90, 0xDB, 0xCC,
		0x86, 0x86, 0xB5, 0xB5, 0xC9, 0x19, 0x79, 0x79, 0x79, 0x79, 0x79, 0x79, 0x79, 0x79, 0x79, 0x79, 0xA3, 0x1B, 0x79, 0x79, 0x79, 0x59, 0x79, 0x79, 0x79, 0x79, 0x79, 0x79, 0x79, 0x79, 0x79, 0x79,
		0x79, 0x79, 0x79, 0x79, 0x79, 0x79, 0x79, 0x79, 0x79, 0x79, 0x79, 0x79, 0x79, 0x79, 0x79, 0x79, 0x21, 0x18, 0x79, 0x79, 0x79, 0x79, 0x79, 0x79, 0x09, 0x18, 0x79, 0x79, 0x79, 0x79, 0x79, 0x79,
		0xF5, 0x18, 0x79, 0x79, 0x79, 0x79, 0x79, 0x79, 0xDD, 0x18, 0x79, 0x79, 0x79, 0x79, 0x79, 0x79, 0xCF, 0x18, 0x79, 0x79, 0x79, 0x79, 0x79, 0x79, 0xBD, 0x18, 0x79, 0x79, 0x79, 0x79, 0x79, 0x79,
		0xAD, 0x18, 0x79, 0x79, 0x79, 0x79, 0x79, 0x79, 0x91, 0x18, 0x79, 0x79, 0x79, 0x79, 0x79, 0x79, 0x85, 0x18, 0x79, 0x79, 0x79, 0x79, 0x79, 0x79, 0x7F, 0x1B, 0x79, 0x79, 0x79, 0x79, 0x79, 0x79,
		0x65, 0x1B, 0x79, 0x79, 0x79, 0x79, 0x79, 0x79, 0x41, 0x1B, 0x79, 0x79, 0x79, 0x79, 0x79, 0x79, 0x29, 0x1B, 0x79, 0x79, 0x79, 0x79, 0x79, 0x79, 0x25, 0x1B, 0x79, 0x79, 0x79, 0x79, 0x79, 0x79,
		0x15, 0x1B, 0x79, 0x79, 0x79, 0x79, 0x79, 0x79, 0xFD, 0x1B, 0x79, 0x79, 0x79, 0x79, 0x79, 0x79, 0xE5, 0x1B, 0x79, 0x79, 0x79, 0x79, 0x79, 0x79, 0xD7, 0x1B, 0x79, 0x79, 0x79, 0x79, 0x79, 0x79,
		0xC3, 0x1B, 0x79, 0x79, 0x79, 0x79, 0x79, 0x79, 0xB3, 0x1B, 0x79, 0x79, 0x79, 0x79, 0x79, 0x79, 0x79, 0x79, 0x79, 0x79, 0x79, 0x79, 0x79, 0x79, 0x9C, 0x78, 0x30, 0x16, 0x3D, 0x1C, 0x15, 0x1C,
		0x0D, 0x1C, 0x2A, 0x00, 0x14, 0x1B, 0x16, 0x15, 0x10, 0x1A, 0x35, 0x10, 0x17, 0x12, 0x79, 0x79, 0x6E, 0x7B, 0x30, 0x16, 0x3E, 0x1C, 0x0D, 0x2B, 0x1C, 0x15, 0x18, 0x0D, 0x1C, 0x1D, 0x3D, 0x1C,
		0x0F, 0x10, 0x1A, 0x1C, 0x36, 0x1B, 0x13, 0x1C, 0x1A, 0x0D, 0x79, 0x79, 0xC3, 0x7C, 0x2B, 0x0D, 0x15, 0x30, 0x17, 0x10, 0x0D, 0x2C, 0x17, 0x10, 0x1A, 0x16, 0x1D, 0x1C, 0x2A, 0x0D, 0x0B, 0x10,
		0x17, 0x1E, 0x79, 0x79, 0x9A, 0x78, 0x30, 0x16, 0x3D, 0x1C, 0x15, 0x1C, 0x0D, 0x1C, 0x3D, 0x1C, 0x0F, 0x10, 0x1A, 0x1C, 0x79, 0x79, 0x1C, 0x7A, 0x32, 0x1C, 0x2A, 0x1C, 0x0D, 0x3C, 0x0F, 0x1C,
		0x17, 0x0D, 0x79, 0x79, 0xA8, 0x78, 0x30, 0x16, 0x3A, 0x0B, 0x1C, 0x18, 0x0D, 0x1C, 0x3F, 0x10, 0x15, 0x1C, 0x79, 0x79, 0x8E, 0x7B, 0x32, 0x1C, 0x30, 0x17, 0x10, 0x0D, 0x10, 0x18, 0x15, 0x10,
		0x03, 0x1C, 0x3C, 0x0F, 0x1C, 0x17, 0x0D, 0x79, 0x8B, 0x78, 0x30, 0x16, 0x3F, 0x10, 0x15, 0x1C, 0x36, 0x1B, 0x13, 0x1C, 0x1A, 0x0D, 0x2D, 0x00, 0x09, 0x1C, 0x79, 0x79, 0x6B, 0x7E, 0x23, 0x0E,
		0x3A, 0x15, 0x16, 0x0A, 0x1C, 0x79, 0xDA, 0x7B, 0x30, 0x16, 0x1F, 0x3A, 0x16, 0x14, 0x09, 0x15, 0x1C, 0x0D, 0x1C, 0x2B, 0x1C, 0x08, 0x0C, 0x1C, 0x0A, 0x0D, 0x79, 0x79, 0x05, 0x7D, 0x36, 0x1B,
		0x2B, 0x1C, 0x1F, 0x1C, 0x0B, 0x1C, 0x17, 0x1A, 0x1C, 0x36, 0x1B, 0x13, 0x1C, 0x1A, 0x0D, 0x3B, 0x00, 0x31, 0x18, 0x17, 0x1D, 0x15, 0x1C, 0x79, 0xFE, 0x7A, 0x32, 0x1C, 0x2E, 0x18, 0x10, 0x0D,
		0x3F, 0x16, 0x0B, 0x2A, 0x10, 0x17, 0x1E, 0x15, 0x1C, 0x36, 0x1B, 0x13, 0x1C, 0x1A, 0x0D, 0x79, 0x8E, 0x78, 0x30, 0x16, 0x3F, 0x0B, 0x1C, 0x1C, 0x30, 0x0B, 0x09, 0x79, 0xD4, 0x78, 0x30, 0x16,
		0x38, 0x15, 0x15, 0x16, 0x1A, 0x18, 0x0D, 0x1C, 0x30, 0x0B, 0x09, 0x79, 0xA1, 0x78, 0x30, 0x16, 0x3A, 0x0B, 0x1C, 0x18, 0x0D, 0x1C, 0x2A, 0x00, 0x14, 0x1B, 0x16, 0x15, 0x10, 0x1A, 0x35, 0x10,
		0x17, 0x12, 0x79, 0x79, 0xF1, 0x7D, 0x36, 0x1B, 0x1F, 0x3D, 0x1C, 0x0B, 0x1C, 0x1F, 0x1C, 0x0B, 0x1C, 0x17, 0x1A, 0x1C, 0x36, 0x1B, 0x13, 0x1C, 0x1A, 0x0D, 0x79, 0x79, 0xB7, 0x78, 0x30, 0x16,
		0x3A, 0x0B, 0x1C, 0x18, 0x0D, 0x1C, 0x3D, 0x1C, 0x0F, 0x10, 0x1A, 0x1C, 0x79, 0x79, 0x46, 0x79, 0x3D, 0x1B, 0x1E, 0x29, 0x0B, 0x10, 0x17, 0x0D, 0x79, 0x79, 0xDB, 0x7B, 0x30, 0x16, 0x1F, 0x3A,
		0x18, 0x15, 0x15, 0x3D, 0x0B, 0x10, 0x0F, 0x1C, 0x0B, 0x79, 0xB1, 0x7B, 0x32, 0x1C, 0x3B, 0x0C, 0x1E, 0x3A, 0x11, 0x1C, 0x1A, 0x12, 0x3C, 0x01, 0x79, 0x79, 0x17, 0x0D, 0x16, 0x0A, 0x12, 0x0B,
		0x17, 0x15, 0x57, 0x1C, 0x01, 0x1C, 0x79, 0x79, 0x79, 0x79, 0x79, 0x79, 0x79, 0x79, 0x79, 0x79, 0x79, 0x79, 0x79, 0x79, 0x79, 0x79, 0x79, 0x79, 0x79, 0x79, 0x79, 0x79, 0x79, 0x79, 0x79, 0x79,
		0x79, 0x79, 0x79, 0x79, 0x79, 0x79, 0x79, 0x79, 0x79, 0x79, 0x79, 0x79, 0x79, 0x79, 0x79, 0x79, 0x79, 0x79, 0x79, 0x79, 0x79, 0x79, 0x79, 0x79, 0x79, 0x79, 0x79, 0x79, 0x79, 0x79, 0x79, 0x79,
		0x79, 0x79, 0x79, 0x79, 0x79, 0x79, 0x79, 0x79, 0x79, 0x79, 0x79, 0x79, 0x79, 0x79, 0x79, 0x79, 0x79, 0x79, 0x79, 0x79, 0x79, 0x79, 0x79, 0x79, 0x79, 0x79, 0x79, 0x79, 0x79, 0x79, 0x79, 0x79,
		0x79, 0x79, 0x79, 0x79, 0x79, 0x79, 0x79, 0x79, 0x79, 0x79, 0x79, 0x79, 0x79, 0x79, 0x79, 0x79, 0x79, 0x79, 0x79, 0x79, 0x79, 0x79, 0x79, 0x79, 0x79, 0x79, 0x79, 0x79, 0x79, 0x79, 0x79, 0x79,
		0x79, 0x79, 0x79, 0x79, 0x79, 0x79, 0x79, 0x79, 0x79, 0x79, 0x79, 0x79, 0x79, 0x79, 0x79, 0x79, 0x79, 0x79, 0x79, 0x79, 0x79, 0x79, 0x79, 0x79, 0x79, 0x79, 0x79, 0x79, 0x79, 0x79, 0x79, 0x79,
		0x79, 0x79, 0x79, 0x79, 0x79, 0x79, 0x79, 0x79, 0x79, 0x79, 0x79, 0x79, 0x79, 0x79, 0x79, 0x79, 0x79, 0x79, 0x79, 0x79, 0x79, 0x79, 0x79, 0x79, 0x79, 0x79, 0x79, 0x79, 0x79, 0x79, 0x79, 0x79,
		0x79, 0x79, 0x79, 0x79, 0x79, 0x79, 0x79, 0x79, 0x79, 0x79, 0x79, 0x79, 0x79, 0x79, 0x79, 0x79, 0x79, 0x79, 0x79, 0x79, 0x79, 0x79, 0x79, 0x79, 0x79, 0x79, 0x79, 0x79, 0x79, 0x79, 0x79, 0x79,
		0x79, 0x79, 0x79, 0x79, 0x79, 0x79, 0x79, 0x79, 0x79, 0x79, 0x79, 0x79, 0x79, 0x79, 0x79, 0x79, 0x79, 0x79, 0x79, 0x79, 0x79, 0x79, 0x79, 0x79, 0x79, 0x79, 0x79, 0x79, 0x79, 0x79, 0x79, 0x79,
		0x79, 0x79, 0x79, 0x79, 0x79, 0x79, 0x79, 0x79, 0x79, 0x79, 0x79, 0x79, 0x79, 0x79, 0x79, 0x79, 0x79, 0x79, 0x79, 0x79, 0x79, 0x79, 0x79, 0x79, 0x79, 0x79, 0x79, 0x79, 0x79, 0x79, 0x79, 0x79,
		0x79, 0x79, 0x79, 0x79, 0x79, 0x79, 0x79, 0x79, 0x79, 0x79, 0x79, 0x79, 0x79, 0x79, 0x78, 0x79, 0x69, 0x79, 0x79, 0x79, 0x61, 0x79, 0x79, 0xF9, 0x79, 0x79, 0x79, 0x79, 0x79, 0x79, 0x79, 0x79,
		0x79, 0x79, 0x79, 0x79, 0x79, 0x79, 0x78, 0x79, 0x78, 0x79, 0x79, 0x79, 0x49, 0x79, 0x79, 0xF9, 0x79, 0x79, 0x79, 0x79, 0x79, 0x79, 0x79, 0x79, 0x79, 0x79, 0x79, 0x79, 0x79, 0x79, 0x78, 0x79,
		0x70, 0x7D, 0x79, 0x79, 0x31, 0x79, 0x79, 0x79, 0x19, 0x09, 0x79, 0x79, 0x95, 0x7B, 0x79, 0x79, 0x79, 0x79, 0x79, 0x79, 0x79, 0x79, 0x79, 0x79, 0x79, 0x79, 0x79, 0x79, 0x79, 0x79, 0x79, 0x79,
		0x95, 0x7B, 0x4D, 0x79, 0x79, 0x79, 0x2F, 0x79, 0x2A, 0x79, 0x26, 0x79, 0x2F, 0x79, 0x3C, 0x79, 0x2B, 0x79, 0x2A, 0x79, 0x30, 0x79, 0x36, 0x79, 0x37, 0x79, 0x26, 0x79, 0x30, 0x79, 0x37, 0x79,
		0x3F, 0x79, 0x36, 0x79, 0x79, 0x79, 0x79, 0x79, 0xC4, 0x7D, 0x96, 0x87, 0x79, 0x79, 0x78, 0x79, 0x79, 0x79, 0x78, 0x79, 0x6B, 0x79, 0x7C, 0x79, 0x79, 0x79, 0x78, 0x79, 0x6B, 0x79, 0x7C, 0x79,
		0x46, 0x79, 0x79, 0x79, 0x79, 0x79, 0x79, 0x79, 0x7D, 0x79, 0x7D, 0x79, 0x7A, 0x79, 0x79, 0x79, 0x7E, 0x79, 0x79, 0x79, 0x79, 0x79, 0x79, 0x79, 0x79, 0x79, 0x79, 0x79, 0x35, 0x7B, 0x79, 0x79,
		0x78, 0x79, 0x2A, 0x79, 0x0D, 0x79, 0x0B, 0x79, 0x10, 0x79, 0x17, 0x79, 0x1E, 0x79, 0x3F, 0x79, 0x10, 0x79, 0x15, 0x79, 0x1C, 0x79, 0x30, 0x79, 0x17, 0x79, 0x1F, 0x79, 0x16, 0x79, 0x79, 0x79,
		0x51, 0x7B, 0x79, 0x79, 0x78, 0x79, 0x49, 0x79, 0x4D, 0x79, 0x49, 0x79, 0x40, 0x79, 0x49, 0x79, 0x4D, 0x79, 0x3B, 0x79, 0x49, 0x79, 0x79, 0x79, 0x55, 0x79, 0x7F, 0x79, 0x78, 0x79, 0x3A, 0x79,
		0x16, 0x79, 0x14, 0x79, 0x09, 0x79, 0x18, 0x79, 0x17, 0x79, 0x00, 0x79, 0x37, 0x79, 0x18, 0x79, 0x14, 0x79, 0x1C, 0x79, 0x79, 0x79, 0x79, 0x79, 0x30, 0x79, 0x36, 0x79, 0x1B, 0x79, 0x10, 0x79,
		0x0D, 0x79, 0x79, 0x79, 0x3D, 0x79, 0x77, 0x79, 0x78, 0x79, 0x3F, 0x79, 0x10, 0x79, 0x15, 0x79, 0x1C, 0x79, 0x3D, 0x79, 0x1C, 0x79, 0x0A, 0x79, 0x1A, 0x79, 0x0B, 0x79, 0x10, 0x79, 0x09, 0x79,
		0x0D, 0x79, 0x10, 0x79, 0x16, 0x79, 0x17, 0x79, 0x79, 0x79, 0x79, 0x79, 0x30, 0x79, 0x2C, 0x79, 0x3F, 0x79, 0x16, 0x79, 0x0B, 0x79, 0x1A, 0x79, 0x1C, 0x79, 0x3D, 0x79, 0x1C, 0x79, 0x15, 0x79,
		0x1C, 0x79, 0x0D, 0x79, 0x1C, 0x79, 0x79, 0x79, 0x33, 0x79, 0x6C, 0x79, 0x78, 0x79, 0x3F, 0x79, 0x10, 0x79, 0x15, 0x79, 0x1C, 0x79, 0x2F, 0x79, 0x1C, 0x79, 0x0B, 0x79, 0x0A, 0x79, 0x10, 0x79,
		0x16, 0x79, 0x17, 0x79, 0x79, 0x79, 0x79, 0x79, 0x48, 0x79, 0x57, 0x79, 0x49, 0x79, 0x59, 0x79, 0x1B, 0x79, 0x0C, 0x79, 0x10, 0x79, 0x15, 0x79, 0x0D, 0x79, 0x59, 0x79, 0x1B, 0x79, 0x00, 0x79,
		0x43, 0x79, 0x59, 0x79, 0x2E, 0x79, 0x10, 0x79, 0x17, 0x79, 0x3D, 0x79, 0x3D, 0x79, 0x32, 0x79, 0x79, 0x79, 0x79, 0x79, 0x3D, 0x79, 0x6B, 0x79, 0x78, 0x79, 0x30, 0x79, 0x17, 0x79, 0x0D, 0x79,
		0x1C, 0x79, 0x0B, 0x79, 0x17, 0x79, 0x18, 0x79, 0x15, 0x79, 0x37, 0x79, 0x18, 0x79, 0x14, 0x79, 0x1C, 0x79, 0x79, 0x79, 0x30, 0x79, 0x2C, 0x79, 0x3F, 0x79, 0x16, 0x79, 0x0B, 0x79, 0x1A, 0x79,
		0x1C, 0x79, 0x3D, 0x79, 0x1C, 0x79, 0x15, 0x79, 0x1C, 0x79, 0x0D, 0x79, 0x1C, 0x79, 0x57, 0x79, 0x0A, 0x79, 0x00, 0x79, 0x0A, 0x79, 0x79, 0x79, 0x19, 0x79, 0x67, 0x79, 0x78, 0x79, 0x35, 0x79,
		0x1C, 0x79, 0x1E, 0x79, 0x18, 0x79, 0x15, 0x79, 0x3A, 0x79, 0x16, 0x79, 0x09, 0x79, 0x00, 0x79, 0x0B, 0x79, 0x10, 0x79, 0x1E, 0x79, 0x11, 0x79, 0x0D, 0x79, 0x79, 0x79, 0xD0, 0x79, 0x59, 0x79,
		0x30, 0x79, 0x36, 0x79, 0x1B, 0x79, 0x10, 0x79, 0x0D, 0x79, 0x57, 0x79, 0x59, 0x79, 0x38, 0x79, 0x15, 0x79, 0x15, 0x79, 0x59, 0x79, 0x0B, 0x79, 0x10, 0x79, 0x1E, 0x79, 0x11, 0x79, 0x0D, 0x79,
		0x0A, 0x79, 0x59, 0x79, 0x0B, 0x79, 0x1C, 0x79, 0x0A, 0x79, 0x1C, 0x79, 0x0B, 0x79, 0x0F, 0x79, 0x1C, 0x79, 0x1D, 0x79, 0x57, 0x79, 0x79, 0x79, 0x35, 0x79, 0x6B, 0x79, 0x78, 0x79, 0x36, 0x79,
		0x0B, 0x79, 0x10, 0x79, 0x1E, 0x79, 0x10, 0x79, 0x17, 0x79, 0x18, 0x79, 0x15, 0x79, 0x3F, 0x79, 0x10, 0x79, 0x15, 0x79, 0x1C, 0x79, 0x17, 0x79, 0x18, 0x79, 0x14, 0x79, 0x1C, 0x79, 0x79, 0x79,
		0x30, 0x79, 0x2C, 0x79, 0x3F, 0x79, 0x16, 0x79, 0x0B, 0x79, 0x1A, 0x79, 0x1C, 0x79, 0x3D, 0x79, 0x1C, 0x79, 0x15, 0x79, 0x1C, 0x79, 0x0D, 0x79, 0x1C, 0x79, 0x57, 0x79, 0x0A, 0x79, 0x00, 0x79,
		0x0A, 0x79, 0x79, 0x79, 0x41, 0x79, 0x75, 0x79, 0x78, 0x79, 0x29, 0x79, 0x0B, 0x79, 0x16, 0x79, 0x1D, 0x79, 0x0C, 0x79, 0x1A, 0x79, 0x0D, 0x79, 0x37, 0x79, 0x18, 0x79, 0x14, 0x79, 0x1C, 0x79,
		0x79, 0x79, 0x79, 0x79, 0x2C, 0x79, 0x17, 0x79, 0x10, 0x79, 0x17, 0x79, 0x0A, 0x79, 0x0D, 0x79, 0x18, 0x79, 0x15, 0x79, 0x15, 0x79, 0x1C, 0x79, 0x0B, 0x79, 0x79, 0x79, 0x55, 0x79, 0x7D, 0x79,
		0x78, 0x79, 0x29, 0x79, 0x0B, 0x79, 0x16, 0x79, 0x1D, 0x79, 0x0C, 0x79, 0x1A, 0x79, 0x0D, 0x79, 0x2F, 0x79, 0x1C, 0x79, 0x0B, 0x79, 0x0A, 0x79, 0x10, 0x79, 0x16, 0x79, 0x17, 0x79, 0x79, 0x79,
		0x48, 0x79, 0x57, 0x79, 0x49, 0x79, 0x79, 0x79, 0x3D, 0x79, 0x79, 0x79, 0x78, 0x79, 0x2F, 0x79, 0x18, 0x79, 0x0B, 0x79, 0x3F, 0x79, 0x10, 0x79, 0x15, 0x79, 0x1C, 0x79, 0x30, 0x79, 0x17, 0x79,
		0x1F, 0x79, 0x16, 0x79, 0x79, 0x79, 0x79, 0x79, 0x5D, 0x79, 0x7D, 0x79, 0x79, 0x79, 0x2D, 0x79, 0x0B, 0x79, 0x18, 0x79, 0x17, 0x79, 0x0A, 0x79, 0x15, 0x79, 0x18, 0x79, 0x0D, 0x79, 0x10, 0x79,
		0x16, 0x79, 0x17, 0x79, 0x79, 0x79, 0x79, 0x79, 0x70, 0x7D, 0xC9, 0x7D, 0x79, 0x79, 0x79, 0x79, 0x79, 0x79, 0x79, 0x79, 0x79, 0x79, 0x79, 0x79, 0x79, 0x79, 0x79, 0x79, 0x79, 0x79, 0x79, 0x79,
		0x79, 0x79, 0x79, 0x79, 0x79, 0x79, 0x79, 0x79, 0x79, 0x79, 0x79, 0x79, 0x79, 0x79, 0x79, 0x79, 0x79, 0x79, 0x79, 0x79, 0x79, 0x79, 0x79, 0x79, 0x79, 0x79, 0x79, 0x79, 0x79, 0x79, 0x79, 0x79,
		0x79, 0x79, 0x79, 0x79, 0x79, 0x79, 0x79, 0x79, 0x79, 0x79, 0x79, 0x79, 0x79, 0x79, 0x79, 0x79, 0x79, 0x79, 0x79, 0x79, 0x79, 0x79, 0x79, 0x79, 0x79, 0x79, 0x79, 0x79, 0x79, 0x79, 0x79, 0x79,
		0x79, 0x79, 0x79, 0x79, 0x79, 0x79, 0x79, 0x79, 0x79, 0x79, 0x79, 0x79, 0x79, 0x79, 0x79, 0x79, 0x79, 0x79, 0x79, 0x79, 0x79, 0x79, 0x79, 0x79, 0x79, 0x79, 0x79, 0x79, 0x79, 0x79, 0x79, 0x79,
		0x79, 0x79, 0x79, 0x79, 0x79, 0x79, 0x79, 0x79, 0x79, 0x79, 0x79, 0x79, 0x79, 0x79, 0x79, 0x79, 0x79, 0x79, 0x79, 0x79, 0x79, 0x79, 0x79, 0x79, 0x79, 0x79, 0x79, 0x79, 0x79, 0x79, 0x79, 0x79,
		0x79, 0x79, 0x79, 0x79, 0x79, 0x79, 0x79, 0x79, 0x79, 0x79, 0x79, 0x79, 0x79, 0x79, 0x79, 0x79, 0x79, 0x79, 0x79, 0x79, 0x79, 0x79, 0x79, 0x79, 0x79, 0x79, 0x79, 0x79, 0x79, 0x79, 0x79, 0x79,
		0x21, 0x5D, 0x79, 0x79, 0x79, 0x7B, 0x7B, 0x79, 0x49, 0xFB, 0x5D, 0x33, 0x7F, 0x70, 0x53, 0xFF, 0x31, 0xFF, 0x8E, 0x74, 0x78, 0x7E, 0x7B, 0xD9, 0xFB, 0x5D, 0x42, 0x49, 0xFB, 0x5D, 0x4E, 0x7B,
		0x78, 0x78, 0x48, 0x72, 0x49, 0x70, 0x7F, 0x7C, 0x52, 0x77, 0x7A, 0x7B, 0x63, 0x7C, 0x79, 0x49, 0x35, 0x7F, 0x73, 0x52, 0x7F, 0x78, 0x7D, 0x78, 0xFB, 0x4E, 0x7B, 0x78, 0x7D, 0xD9, 0x47, 0x49,
		0x45, 0x49, 0x6E, 0x7F, 0x73, 0x52, 0x7F, 0x78, 0x7D, 0x78, 0xFB, 0x4E, 0x7B, 0x78, 0x76, 0x49, 0x70, 0x7A, 0x78, 0x79, 0xD9, 0x7D, 0xDB, 0x7B, 0xF9, 0x79, 0x49, 0x58, 0x49, 0x70, 0x7F, 0x7C,
		0x52, 0x77, 0x7A, 0x7B, 0x63, 0x7C, 0x79, 0x7D, 0x6D, 0x62, 0x37, 0x9E, 0x38, 0x97, 0x08, 0x4E, 0xE8, 0xAE, 0xE4, 0x16, 0x68, 0xAA, 0xDF, 0xFA, 0x3B, 0xC3, 0x73, 0x20, 0x77, 0xD9, 0xFB, 0x68,
		0xAD, 0x49, 0xFB, 0x7C, 0x42, 0x49, 0xFB, 0x7A, 0x5A, 0xD9, 0x7A, 0x7B, 0x78, 0x7B, 0x7B, 0x73, 0x18, 0x59, 0x34, 0xCD, 0x79, 0x79, 0x79, 0x79, 0x79, 0x5E, 0x49, 0x74, 0x7F, 0x70, 0x53, 0xFF,
		0x31, 0xFF, 0x8E, 0x74, 0x78, 0x78, 0x7C, 0x7C, 0x79, 0x49, 0x06, 0x48, 0x72, 0x49, 0x70, 0x7F, 0x7A, 0x2C, 0x7D, 0x7F, 0x6A, 0x7B, 0x2C, 0x2A, 0x48, 0x6A, 0x49, 0x68, 0x7F, 0x7A, 0x2C, 0x7D,
		0x71, 0x6A, 0x73, 0x2E, 0x18, 0x0A, 0x11, 0x10, 0x17, 0x1E, 0x0D, 0x16, 0x17, 0x48, 0x69, 0x49, 0x77, 0x7F, 0x7A, 0x2C, 0x7D, 0x7E, 0x6A, 0x7E, 0x2B, 0x1C, 0x1D, 0x14, 0x16, 0x17, 0x1D, 0x48,
		0x67, 0x49, 0x65, 0x7F, 0x7A, 0x2C, 0x7D, 0x73, 0x6A, 0x6C, 0x34, 0x10, 0x1A, 0x0B, 0x16, 0x0A, 0x16, 0x1F, 0x0D, 0x59, 0x3A, 0x16, 0x0B, 0x09, 0x16, 0x0B, 0x18, 0x0D, 0x10, 0x16, 0x17, 0x48,
		0x50, 0x49, 0x5E, 0x7F, 0x7A, 0x2C, 0x7D, 0x7A, 0x6A, 0x59, 0x34, 0x10, 0x1A, 0x0B, 0x16, 0x0A, 0x16, 0x1F, 0x0D, 0x59, 0x3A, 0x16, 0x1D, 0x1C, 0x59, 0x2F, 0x1C, 0x0B, 0x10, 0x1F, 0x10, 0x1A,
		0x18, 0x0D, 0x10, 0x16, 0x17, 0x59, 0x2B, 0x16, 0x16, 0x0D, 0x49, 0x67, 0x6E, 0x74, 0x48, 0x48, 0x49, 0x4D, 0x48, 0x4C, 0x48, 0x40, 0x4D, 0x4C, 0x4A, 0x4A, 0x23, 0x6E, 0x74, 0x4B, 0x48, 0x49,
		0x4D, 0x48, 0x4C, 0x48, 0x40, 0x4C, 0x4C, 0x4A, 0x4A, 0x23, 0x49, 0x15, 0x48, 0x72, 0x49, 0x70, 0x7F, 0x7A, 0x2C, 0x7D, 0x7F, 0x6A, 0x7B, 0x2C, 0x2A, 0x48, 0x6C, 0x49, 0x6A, 0x7F, 0x7A, 0x2C,
		0x7D, 0x73, 0x6A, 0x75, 0x3D, 0x10, 0x1E, 0x10, 0x3A, 0x1C, 0x0B, 0x0D, 0x59, 0x30, 0x17, 0x1A, 0x48, 0x60, 0x49, 0x6E, 0x7F, 0x7A, 0x2C, 0x7D, 0x72, 0x6A, 0x69, 0x0E, 0x0E, 0x0E, 0x57, 0x1D,
		0x10, 0x1E, 0x10, 0x1A, 0x1C, 0x0B, 0x0D, 0x57, 0x1A, 0x16, 0x14, 0x48, 0x52, 0x49, 0x50, 0x7F, 0x7A, 0x2C, 0x7D, 0x7A, 0x6A, 0x5B, 0x3D, 0x10, 0x1E, 0x10, 0x3A, 0x1C, 0x0B, 0x0D, 0x59, 0x31,
		0x10, 0x1E, 0x11, 0x59, 0x38, 0x0A, 0x0A, 0x0C, 0x0B, 0x18, 0x17, 0x1A, 0x1C, 0x59, 0x3C, 0x2F, 0x59, 0x2B, 0x16, 0x16, 0x0D, 0x59, 0x3A, 0x38, 0x49, 0xFB, 0x78, 0x5B, 0x49, 0x74, 0x7F, 0x70,
		0x53, 0xFF, 0x31, 0xFF, 0x8E, 0x74, 0x78, 0x78, 0x78, 0x7C, 0x79, 0x7A, 0xFB, 0x78, 0x76, 0x79, 0x49, 0xFB, 0x78, 0x73, 0x7B, 0xFB, 0x78, 0x78, 0x79, 0xBF, 0xB5, 0x9C, 0x0A, 0x9F, 0x82, 0xAD,
		0xC2, 0x9C, 0x54, 0x54, 0x4B, 0xDF, 0xA6, 0x9C, 0xF8, 0x46, 0xB0, 0xB4, 0x5C, 0x30, 0xCF, 0x08, 0x53, 0xBA, 0xAC, 0xED, 0x4D, 0x1E, 0xDB, 0x73, 0x65, 0xC9, 0x26, 0x10, 0xDF, 0x39, 0xC8, 0xBD,
		0xCE, 0xCB, 0xF6, 0xA9, 0xE1, 0xDD, 0xD0, 0x38, 0x20, 0x43, 0xAA, 0xA5, 0xED, 0xAF, 0x45, 0xA2, 0x0D, 0x41, 0xDD, 0x33, 0xB5, 0x34, 0x5C, 0xFB, 0x8E, 0x33, 0xDC, 0x2A, 0x6B, 0x41, 0x97, 0x8A,
		0x30, 0x14, 0x08, 0xE8, 0x07, 0x1A, 0xCF, 0xD2, 0xDF, 0x26, 0xBA, 0xDD, 0xFD, 0x81, 0x36, 0x1B, 0x28, 0xC7, 0x81, 0xBC, 0x95, 0xA2, 0x41, 0xEB, 0x9A, 0x7F, 0x9C, 0x71, 0xE8, 0x75, 0xBD, 0x51,
		0x38, 0x2C, 0x82, 0xB2, 0x23, 0xF0, 0x6C, 0x07, 0x08, 0x91, 0x4C, 0xC6, 0x34, 0x0B, 0x70, 0x44, 0xC7, 0x43, 0x41, 0x29, 0x22, 0x0E, 0x48, 0x62, 0xF4, 0xCA, 0xBE, 0x5D, 0x3C, 0xE3, 0xDE, 0xD5,
		0x14, 0x79, 0x6D, 0x23, 0x7D, 0xCE, 0xC3, 0x6A, 0x92, 0x28, 0x73, 0xE1, 0x38, 0x38, 0x5B, 0x37, 0x1C, 0x18, 0xFE, 0xF8, 0x38, 0x29, 0xDF, 0x00, 0x25, 0xF0, 0xA7, 0x60, 0x33, 0x2E, 0xAC, 0x57,
		0x9F, 0x24, 0x65, 0x2A, 0x55, 0x07, 0xE1, 0xB4, 0x63, 0x7F, 0x6F, 0xDD, 0x11, 0x0A, 0xA9, 0x4D, 0x7D, 0x6A, 0x25, 0xD8, 0x08, 0xAA, 0x23, 0x05, 0x2C, 0xA2, 0x27, 0x1D, 0x98, 0x4E, 0xFE, 0x49,
		0x2F, 0x7D, 0x9C, 0x68, 0xCD, 0x50, 0xF9, 0x6B, 0x88, 0x00, 0x40, 0xF1, 0xDB, 0x7B, 0x68, 0x05, 0x5E, 0x1F, 0xCE, 0xF1, 0xCE, 0x01, 0x8B, 0xB3, 0x73, 0xD1, 0x41, 0xD2, 0x73, 0x1D, 0xBB, 0xC6,
		0x1F, 0x24, 0xEC, 0xFD, 0xB8, 0xD8, 0x5C, 0x67, 0xFE, 0x24, 0x63, 0x29, 0x72, 0x59, 0x6B, 0xB5, 0x38, 0xC2, 0x17, 0x72, 0x28, 0x41, 0xC1, 0x32, 0xB2, 0x7B, 0x7A, 0x78, 0x79, 0x78, 0xDA, 0xF8,
		0xB2, 0x49, 0xF8, 0xB1, 0x49, 0x68, 0x7F, 0x7A, 0x2C, 0x64, 0x59, 0x7D, 0x73, 0x49, 0x71, 0x49, 0x7F, 0x7F, 0x7D, 0x2C, 0x64, 0x59, 0x79, 0x49, 0x72, 0x7F, 0x7A, 0x2C, 0x64, 0x76, 0x7D, 0x7D,
		0x7A, 0x7B, 0x78, 0xFF, 0x49, 0x76, 0x7F, 0x7A, 0x2C, 0x64, 0x6A, 0x78, 0x78, 0x86, 0x7D, 0x7C, 0x49, 0x7A, 0x78, 0x78, 0x86, 0x49, 0x64, 0x7F, 0x7A, 0x2C, 0x64, 0x77, 0x7D, 0x6F, 0x7D, 0x6D,
		0xC8, 0x47, 0xBA, 0x10, 0x7A, 0x81, 0xC6, 0x3E, 0x78, 0xAD, 0xE1, 0x5F, 0x63, 0x71, 0x7B, 0x96, 0x1A, 0x1D, 0x52, 0xBA, 0x49, 0x66, 0x7F, 0x7A, 0x2C, 0x64, 0x5A, 0x7D, 0x61, 0x49, 0x6F, 0xF9,
		0x6D, 0x1B, 0x82, 0x73, 0x58, 0x22, 0x06, 0x3A, 0x17, 0x68, 0xA3, 0x70, 0x2D, 0x29, 0x12, 0x8C, 0xAB, 0xEF, 0x08, 0x88, 0xE7, 0x49, 0x2C, 0x7F, 0x7A, 0x2C, 0x64, 0x66, 0x7D, 0x37, 0x49, 0x35,
		0x49, 0x33, 0xD9, 0x31, 0xD9, 0x3F, 0xFF, 0x3D, 0x11, 0x0D, 0x0D, 0x09, 0x43, 0x56, 0x56, 0x1A, 0x0B, 0x15, 0x57, 0x14, 0x10, 0x1A, 0x0B, 0x16, 0x0A, 0x16, 0x1F, 0x0D, 0x57, 0x1A, 0x16, 0x14,
		0x56, 0x09, 0x12, 0x10, 0x56, 0x1A, 0x0B, 0x15, 0x56, 0x09, 0x0B, 0x16, 0x1D, 0x0C, 0x1A, 0x0D, 0x0A, 0x56, 0x34, 0x10, 0x1A, 0x0B, 0x16, 0x0A, 0x16, 0x1F, 0x0D, 0x3A, 0x16, 0x1D, 0x1C, 0x2F,
		0x1C, 0x0B, 0x10, 0x1F, 0x2B, 0x16, 0x16, 0x0D, 0x57, 0x1A, 0x0B, 0x15, 0x49, 0x74, 0x7F, 0x70, 0x53, 0xFF, 0x31, 0xFF, 0x8E, 0x74, 0x78, 0x78, 0x7C, 0x7C, 0x79, 0x7A, 0xFB, 0x7B, 0x78, 0x79,
		0x59, 0xF5, 0xB8, 0x20, 0x94, 0x16, 0xE5, 0x12, 0x54, 0xB8, 0x33, 0x47, 0x0C, 0x64, 0x3C, 0x35, 0x38, 0x29, 0x65, 0xC4, 0xF9, 0x93, 0xA0, 0xC9, 0xEB, 0xF2, 0x7F, 0x53, 0x6A, 0x46, 0x2A, 0x6F,
		0xE7, 0x2F, 0x40, 0x13, 0xF3, 0x1A, 0xCF, 0x01, 0x5D, 0x00, 0x8C, 0x04, 0xC1, 0xC0, 0x3E, 0xD8, 0x73, 0xEF, 0xBB, 0x8F, 0xB2, 0xC4, 0xDB, 0x1F, 0xE6, 0x7F, 0x98, 0xD5, 0xAB, 0x00, 0x70, 0x77,
		0x84, 0x45, 0xA5, 0xD5, 0x7B, 0x75, 0x09, 0xD6, 0x46, 0x62, 0x95, 0x01, 0x07, 0xAD, 0x92, 0x32, 0x7C, 0x19, 0x5F, 0xA0, 0x0A, 0x18, 0xE8, 0x58, 0x94, 0xC9, 0x11, 0x1A, 0x99, 0xEE, 0x6B, 0xD2,
		0x16, 0xD9, 0x6B, 0x94, 0xA0, 0xE6, 0xAB, 0xA3, 0x5E, 0x45, 0xCA, 0x9D, 0x2F, 0x80, 0xA8, 0xAD, 0xF8, 0x76, 0x08, 0xC4, 0x3B, 0x05, 0xDF, 0xF0, 0xA5, 0xB4, 0xAC, 0xC4, 0xEC, 0xDB, 0xD2, 0x88,
		0xEA, 0x68, 0x04, 0x91, 0xD5, 0x48, 0x50, 0xD1, 0x24, 0x1F, 0x09, 0x38, 0xE4, 0x85, 0x0C, 0xB0, 0xAC, 0xCA, 0x63, 0x40, 0x53, 0xA9, 0xFC, 0x7C, 0x29, 0xF2, 0xD5, 0xE8, 0xB3, 0xBD, 0xEA, 0xB2,
		0x08, 0xDC, 0xE4, 0xDD, 0xED, 0x16, 0x21, 0x75, 0x83, 0x17, 0x59, 0xBD, 0x71, 0x48, 0xCC, 0xFC, 0xE4, 0x07, 0xF8, 0x80, 0xAB, 0x44, 0xB3, 0x22, 0x61, 0xFC, 0x15, 0x73, 0xFF, 0x95, 0x5B, 0x70,
		0x62, 0xDC, 0x0D, 0x4D, 0x36, 0x06, 0x51, 0xC5, 0xEC, 0x33, 0xD2, 0x64, 0xCF, 0xE1, 0xC9, 0x24, 0x70, 0xDD, 0x0E, 0x0F, 0x07, 0x96, 0xDE, 0xF7, 0x24, 0xFD, 0x8F, 0x61, 0x5D, 0xB2, 0xA8, 0x14,
		0xDF, 0xBA, 0xD8, 0xE5, 0xBB, 0x69, 0x0C, 0xF9, 0x86, 0xE4, 0x4B, 0x84, 0x9F, 0xB6, 0x3A, 0x43, 0xFB, 0x8E, 0xB7, 0xF6, 0x98, 0x0B, 0x53, 0xE2, 0x1B, 0xCE, 0x26, 0x94, 0xEC, 0x63, 0x40, 0x25,
		0x56, 0xED, 0x14, 0x31, 0xCE, 0x78, 0x26, 0x4A, 0x56, 0xC2, 0xA5, 0x54, 0x0A, 0x4D, 0xF0, 0x7D, 0x3B, 0x73, 0x65, 0xF2, 0x00, 0x80, 0xDA, 0x83, 0x6E, 0x96, 0x83, 0xD8, 0x63, 0x69, 0xA6, 0x99,
		0xCB, 0xB8, 0xEC, 0x92, 0x25, 0x75, 0x7C, 0xEE, 0x42, 0x4C, 0x47, 0x61, 0xF1, 0x34, 0xA2, 0x15, 0xC6, 0x5D, 0xF0, 0xF4, 0xB1, 0xC4, 0xA1, 0xE6, 0x02, 0x40, 0x43, 0x5D, 0xD9, 0xAC, 0xA6, 0xA8,
		0x8A, 0x33, 0x63, 0xEE, 0x8F, 0xDF, 0x16, 0x03, 0x66, 0xC9, 0xE9, 0xD0, 0xCA, 0xD5, 0x78, 0x40, 0xE8, 0xAA, 0x18, 0xCE, 0x1D, 0x88, 0x47, 0x2E, 0x41, 0x7A, 0xD6, 0xB7, 0x03, 0xAB, 0xCC, 0xE9,
		0x8C, 0xD7, 0xA5, 0x40, 0xE0, 0xAC, 0xCF, 0x45, 0xEE, 0x94, 0xDF, 0xB2, 0x6F, 0xBE, 0x04, 0x12, 0x53, 0x35, 0xE9, 0xED, 0x9F, 0x35, 0x2D, 0x84, 0x67, 0xB4, 0x59, 0x95, 0xB7, 0x11, 0xE5, 0xFE,
		0x21, 0x90, 0x18, 0x19, 0xC7, 0x92, 0x77, 0xB0, 0xAC, 0x60, 0x04, 0xE6, 0x90, 0x01, 0xC4, 0x77, 0xD5, 0x58, 0x0C, 0x7E, 0xF6, 0xD0, 0x17, 0x99, 0xF5, 0x13, 0x53, 0x12, 0xE5, 0x9A, 0x9E, 0x1C,
		0xC5, 0xC5, 0x54, 0x45, 0x14, 0xA5, 0x7D, 0xA5, 0x1E, 0x3C, 0x4F, 0x4B, 0xD6, 0x7D, 0xF8, 0xC5, 0xD1, 0x79, 0x17, 0x18, 0x35, 0xEC, 0xBC, 0x25, 0xAD, 0xF7, 0xF7, 0xE6, 0x56, 0xB8, 0x4B, 0x0D,
		0xC4, 0xC4, 0x68, 0x1C, 0x7A, 0x7E, 0xB4, 0x96, 0xCE, 0x27, 0x7B, 0x2E, 0xA3, 0xFF, 0xAD, 0x63, 0x51, 0x4D, 0xD6, 0xF1, 0x30, 0xCB, 0xB6, 0xDC, 0xA4, 0xFB, 0x2F, 0x16, 0x11, 0xD3, 0x6D, 0x9B,
		0x20, 0x2D, 0x87, 0x86, 0x93, 0x97, 0x96, 0x93, 0xEB, 0x09, 0x5B, 0x19, 0xF8, 0x9A, 0x5C, 0x5A, 0xB9, 0xE6, 0xB5, 0x76, 0x30, 0xCB, 0x4C, 0xD3, 0x21, 0xBA, 0x43, 0xBA, 0xA0, 0x6F, 0xED, 0x69,
		0x49, 0xFB, 0x7C, 0xA1, 0x49, 0xFB, 0x7D, 0xB9, 0xD9, 0x7A, 0x7B, 0x78, 0x7B, 0x7B, 0x69, 0x74, 0xE1, 0x8C, 0xA6, 0xEF, 0xBC, 0xEB, 0xBC, 0xCE, 0x12, 0x84, 0x98, 0xB2, 0xFB, 0x49, 0xEF, 0x49,
		0x74, 0x7F, 0x70, 0x53, 0xFF, 0x31, 0xFF, 0x8E, 0x74, 0x78, 0x78, 0x7C, 0x7C, 0x79, 0x49, 0x1C, 0x48, 0x72, 0x49, 0x70, 0x7F, 0x7A, 0x2C, 0x7D, 0x7F, 0x6A, 0x7B, 0x2C, 0x2A, 0x48, 0x6C, 0x49,
		0x6A, 0x7F, 0x7A, 0x2C, 0x7D, 0x73, 0x6A, 0x75, 0x3D, 0x10, 0x1E, 0x10, 0x3A, 0x1C, 0x0B, 0x0D, 0x59, 0x30, 0x17, 0x1A, 0x48, 0x60, 0x49, 0x6E, 0x7F, 0x7A, 0x2C, 0x7D, 0x72, 0x6A, 0x69, 0x0E,
		0x0E, 0x0E, 0x57, 0x1D, 0x10, 0x1E, 0x10, 0x1A, 0x1C, 0x0B, 0x0D, 0x57, 0x1A, 0x16, 0x14, 0x48, 0x5D, 0x49, 0x5B, 0x7F, 0x7A, 0x2C, 0x7D, 0x7A, 0x6A, 0x62, 0x3D, 0x10, 0x1E, 0x10, 0x3A, 0x1C,
		0x0B, 0x0D, 0x59, 0x3C, 0x2F, 0x59, 0x3A, 0x16, 0x1D, 0x1C, 0x59, 0x2A, 0x10, 0x1E, 0x17, 0x10, 0x17, 0x1E, 0x59, 0x3A, 0x38, 0x49, 0x67, 0x6E, 0x74, 0x48, 0x40, 0x49, 0x41, 0x4B, 0x4E, 0x49,
		0x49, 0x49, 0x49, 0x49, 0x49, 0x23, 0x6E, 0x74, 0x4B, 0x4B, 0x49, 0x41, 0x4A, 0x49, 0x48, 0x4B, 0x49, 0x49, 0x49, 0x49, 0x23, 0x49, 0xF8, 0x81, 0x48, 0x6A, 0x49, 0x68, 0x7F, 0x72, 0x52, 0x7F,
		0x78, 0x7D, 0x78, 0xFB, 0x4E, 0x45, 0x7B, 0x78, 0x7A, 0x6A, 0x7B, 0x3A, 0x37, 0x48, 0x61, 0x49, 0x6F, 0x7F, 0x72, 0x52, 0x7F, 0x78, 0x7D, 0x78, 0xFB, 0x4E, 0x45, 0x7B, 0x78, 0x7B, 0x6A, 0x7E,
		0x2A, 0x10, 0x1A, 0x11, 0x0C, 0x18, 0x17, 0x48, 0x51, 0x49, 0x5F, 0x7F, 0x72, 0x52, 0x7F, 0x78, 0x7D, 0x78, 0xFB, 0x4E, 0x45, 0x7B, 0x78, 0x78, 0x6A, 0x6E, 0x2E, 0x0C, 0x11, 0x16, 0x0C, 0x59,
		0x3D, 0x10, 0x0A, 0x0D, 0x0B, 0x10, 0x1A, 0x0D, 0x55, 0x59, 0x3A, 0x11, 0x1C, 0x17, 0x1E, 0x1D, 0x0C, 0x48, 0x64, 0x49, 0x62, 0x7F, 0x7A, 0x2C, 0x7D, 0x76, 0x75, 0x6D, 0x29, 0x0B, 0x10, 0x0F,
		0x18, 0x0D, 0x1C, 0x59, 0x36, 0x0B, 0x1E, 0x18, 0x17, 0x10, 0x03, 0x18, 0x0D, 0x10, 0x16, 0x17, 0x48, 0x62, 0x49, 0x60, 0x7F, 0x7A, 0x2C, 0x7D, 0x7C, 0x6A, 0x6B, 0x40, 0x48, 0x4C, 0x48, 0x49,
		0x48, 0x49, 0x4E, 0x49, 0x4E, 0x4B, 0x4D, 0x48, 0x4B, 0x4D, 0x48, 0x41, 0x3F, 0x48, 0x72, 0x49, 0x70, 0x7F, 0x7A, 0x2C, 0x7D, 0x7F, 0x6A, 0x7B, 0x3A, 0x37, 0x48, 0x69, 0x49, 0x77, 0x7F, 0x7A,
		0x2C, 0x7D, 0x71, 0x6A, 0x7E, 0x2A, 0x10, 0x1A, 0x11, 0x0C, 0x18, 0x17, 0x48, 0x69, 0x49, 0x77, 0x7F, 0x7A, 0x2C, 0x7D, 0x7E, 0x6A, 0x7E, 0x3A, 0x11, 0x1C, 0x17, 0x1E, 0x1D, 0x0C, 0x48, 0x6E,
		0x49, 0x6C, 0x7F, 0x7A, 0x2C, 0x7D, 0x73, 0x6A, 0x77, 0x30, 0x36, 0x1B, 0x10, 0x0D, 0x59, 0x3A, 0x36, 0x57, 0x55, 0x59, 0x35, 0x2D, 0x3D, 0x48, 0x6E, 0x49, 0x6C, 0x7F, 0x7A, 0x2C, 0x7D, 0x7A,
		0x6A, 0x77, 0x30, 0x36, 0x1B, 0x10, 0x0D, 0x59, 0x3A, 0x36, 0x57, 0x55, 0x59, 0x35, 0x2D, 0x3D, 0x49, 0xFB, 0x78, 0x5B, 0x49, 0x74, 0x7F, 0x70, 0x53, 0xFF, 0x31, 0xFF, 0x8E, 0x74, 0x78, 0x78,
		0x78, 0x7C, 0x79, 0x7A, 0xFB, 0x78, 0x76, 0x79, 0x49, 0xFB, 0x78, 0x73, 0x7B, 0xFB, 0x78, 0x78, 0x79, 0xD1, 0xE7, 0x19, 0xB9, 0x80, 0xE6, 0x94, 0x22, 0x10, 0xF0, 0x67, 0x19, 0xE7, 0xA0, 0xA3,
		0xF3, 0x13, 0x62, 0xB6, 0xED, 0xFC, 0xB1, 0x45, 0xAC, 0x24, 0x99, 0x77, 0xC6, 0x61, 0xEB, 0xAC, 0x83, 0xFD, 0x7D, 0x30, 0x9C, 0x4E, 0xCD, 0xDB, 0x91, 0x70, 0x20, 0xDE, 0x6F, 0x23, 0x67, 0xFA,
		0x63, 0x7A, 0xC6, 0x75, 0xDA, 0x11, 0x03, 0x2E, 0xF3, 0xEF, 0x2D, 0xFF, 0x54, 0x18, 0x1F, 0xAF, 0x20, 0xB7, 0x13, 0x67, 0x0C, 0x15, 0x31, 0xCF, 0x42, 0x54, 0x75, 0x83, 0x50, 0xC5, 0xED, 0x8D,
		0x6A, 0x02, 0xB6, 0xC3, 0x60, 0x78, 0x27, 0x63, 0x1C, 0xC6, 0x08, 0x5D, 0xED, 0x54, 0x10, 0x4D, 0xFB, 0xED, 0x84, 0x76, 0xF6, 0x85, 0xA6, 0x43, 0x29, 0xC2, 0xE7, 0xD3, 0xB2, 0x6D, 0x8D, 0x72,
		0x6B, 0xCF, 0x1E, 0x8F, 0xC2, 0x31, 0xBF, 0xF8, 0xD9, 0xB2, 0xAE, 0xD8, 0x6B, 0x93, 0xA0, 0xE9, 0xB8, 0x12, 0x87, 0x03, 0xBE, 0x01, 0x1B, 0xF4, 0xFE, 0xD7, 0x0A, 0x06, 0xEF, 0x3C, 0xDC, 0xDA,
		0x93, 0xC2, 0xFF, 0x46, 0x68, 0x1B, 0x44, 0x30, 0x83, 0x75, 0xD0, 0xB9, 0x0A, 0x4E, 0x6C, 0xB4, 0x9D, 0x1D, 0xEA, 0x18, 0x22, 0x12, 0x40, 0x0D, 0x54, 0x15, 0xD0, 0xDD, 0x84, 0x05, 0x23, 0xDC,
		0x88, 0x9F, 0x32, 0x29, 0xA0, 0x94, 0x78, 0x16, 0x9A, 0xAE, 0x1E, 0x4E, 0xA2, 0x98, 0x00, 0xDD, 0x83, 0xA2, 0x00, 0xE2, 0x0D, 0x4F, 0x7C, 0xED, 0x5B, 0x4A, 0xDB, 0xED, 0x91, 0xA7, 0xDA, 0x82,
		0x45, 0x87, 0xA3, 0x07, 0xC5, 0x9E, 0x37, 0xA3, 0x3E, 0x94, 0xB0, 0x06, 0xE3, 0xA4, 0x23, 0xDB, 0x36, 0xA6, 0xA2, 0xBD, 0x32, 0x5B, 0x59, 0xC7, 0x66, 0x8B, 0xA9, 0x91, 0x0B, 0xAE, 0xD4, 0x51,
		0x03, 0xF0, 0x58, 0xB2, 0x22, 0x3E, 0x9A, 0xEF, 0x7A, 0x11, 0x25, 0x0A, 0x25, 0x3E, 0x3A, 0x49, 0x5A, 0x7B, 0x7A, 0x78, 0x79, 0x78, 0xDA, 0xFB, 0x78, 0x97, 0x49, 0xFB, 0x78, 0x93, 0x49, 0x66,
		0x7F, 0x7A, 0x2C, 0x64, 0x5A, 0x7D, 0x61, 0x49, 0x6F, 0xF9, 0x6D, 0xD4, 0x10, 0x7F, 0x09, 0x85, 0xF9, 0x62, 0x6F, 0xCA, 0xD0, 0x61, 0xED, 0x12, 0xED, 0x7B, 0xFF, 0x27, 0x8E, 0x5E, 0xF5, 0x49,
		0x64, 0x7F, 0x7A, 0x2C, 0x64, 0x77, 0x7D, 0x6F, 0x7D, 0x6D, 0x2F, 0x4D, 0x0D, 0x0E, 0xC3, 0xF1, 0x29, 0x54, 0x87, 0x33, 0xC4, 0x7A, 0x54, 0x16, 0x0E, 0xB7, 0x56, 0x41, 0x03, 0xA1, 0x49, 0x41,
		0x7F, 0x7A, 0x2C, 0x64, 0x68, 0x7D, 0x48, 0x49, 0x56, 0xD9, 0x54, 0x7F, 0x71, 0x52, 0x7F, 0x78, 0x7C, 0x7C, 0x7E, 0x71, 0x7A, 0xD9, 0x58, 0x49, 0x66, 0x75, 0x64, 0x3A, 0x37, 0x54, 0x2A, 0x30,
		0x3A, 0x31, 0x2C, 0x38, 0x37, 0x54, 0x40, 0x48, 0x4C, 0x48, 0x49, 0x48, 0x49, 0x4E, 0x49, 0x4E, 0x4B, 0x4D, 0x48, 0x4B, 0x4D, 0x48, 0x41, 0x3F, 0x49, 0x77, 0x7F, 0x7A, 0x2C, 0x64, 0x76, 0x78,
		0x78, 0x86, 0x7D, 0x7D, 0x7A, 0x7B, 0x7E, 0xF9, 0x49, 0x6A, 0x7F, 0x7A, 0x2C, 0x64, 0x5C, 0x7D, 0x75, 0x49, 0x73, 0x7F, 0x71, 0x52, 0x7F, 0x78, 0x7C, 0x7C, 0x7E, 0x7A, 0x7A, 0x49, 0x0A, 0x7F,
		0x7A, 0x2C, 0x64, 0x66, 0x7D, 0x15, 0x49, 0x13, 0x49, 0x4A, 0xD9, 0x48, 0xD9, 0x56, 0xFF, 0x54, 0x11, 0x0D, 0x0D, 0x09, 0x43, 0x56, 0x56, 0x1A, 0x0B, 0x15, 0x4A, 0x57, 0x1D, 0x10, 0x1E, 0x10,
		0x1A, 0x1C, 0x0B, 0x0D, 0x57, 0x1A, 0x16, 0x14, 0x56, 0x3C, 0x2F, 0x3A, 0x16, 0x1D, 0x1C, 0x2A, 0x10, 0x1E, 0x17, 0x10, 0x17, 0x1E, 0x54, 0x1E, 0x48, 0x57, 0x1A, 0x0B, 0x15, 0x49, 0x4A, 0xD9,
		0x48, 0xD9, 0x56, 0xFF, 0x54, 0x11, 0x0D, 0x0D, 0x09, 0x43, 0x56, 0x56, 0x1A, 0x0B, 0x15, 0x4D, 0x57, 0x1D, 0x10, 0x1E, 0x10, 0x1A, 0x1C, 0x0B, 0x0D, 0x57, 0x1A, 0x16, 0x14, 0x56, 0x3C, 0x2F,
		0x3A, 0x16, 0x1D, 0x1C, 0x2A, 0x10, 0x1E, 0x17, 0x10, 0x17, 0x1E, 0x54, 0x1E, 0x48, 0x57, 0x1A, 0x0B, 0x15, 0x49, 0x32, 0x7F, 0x7A, 0x2C, 0x64, 0x59, 0x7D, 0x3D, 0x49, 0x3B, 0x49, 0x4E, 0x7F,
		0x70, 0x19, 0xFF, 0x31, 0x78, 0xFF, 0x84, 0x15, 0x7A, 0x7B, 0x49, 0x53, 0x49, 0x51, 0x7F, 0x71, 0x52, 0x7F, 0x78, 0x7C, 0x7C, 0x7E, 0x7B, 0x78, 0x6F, 0x65, 0x11, 0x0D, 0x0D, 0x09, 0x0A, 0x43,
		0x56, 0x56, 0x0E, 0x0E, 0x0E, 0x57, 0x1D, 0x10, 0x1E, 0x10, 0x1A, 0x1C, 0x0B, 0x0D, 0x57, 0x1A, 0x16, 0x14, 0x56, 0x3A, 0x29, 0x2A, 0x49, 0x7E, 0x7F, 0x7C, 0x1E, 0xF8, 0x75, 0x78, 0x7A, 0x49,
		0x00, 0x7F, 0x71, 0x52, 0x7F, 0x78, 0x7C, 0x7C, 0x7E, 0x78, 0x78, 0x7D, 0x14, 0x49, 0x12, 0x49, 0x5D, 0x7F, 0x71, 0x52, 0x7F, 0x78, 0x7C, 0x7C, 0x7E, 0x49, 0x78, 0xFF, 0x61, 0x11, 0x0D, 0x0D,
		0x09, 0x43, 0x56, 0x56, 0x16, 0x1A, 0x0A, 0x09, 0x57, 0x1D, 0x10, 0x1E, 0x10, 0x1A, 0x1C, 0x0B, 0x0D, 0x57, 0x1A, 0x16, 0x14, 0x49, 0x3A, 0x7F, 0x71, 0x52, 0x7F, 0x78, 0x7C, 0x7C, 0x7E, 0x49,
		0x7B, 0xFF, 0x4E, 0x11, 0x0D, 0x0D, 0x09, 0x43, 0x56, 0x56, 0x1A, 0x18, 0x1A, 0x1C, 0x0B, 0x0D, 0x0A, 0x57, 0x1D, 0x10, 0x1E, 0x10, 0x1A, 0x1C, 0x0B, 0x0D, 0x57, 0x1A, 0x16, 0x14, 0x56, 0x3D,
		0x10, 0x1E, 0x10, 0x3A, 0x1C, 0x0B, 0x0D, 0x3C, 0x2F, 0x3A, 0x16, 0x1D, 0x1C, 0x2A, 0x10, 0x1E, 0x17, 0x10, 0x17, 0x1E, 0x3A, 0x38, 0x57, 0x1A, 0x0B, 0x0D, 0x49, 0x75, 0x7F, 0x7A, 0x2C, 0x64,
		0x6A, 0x78, 0x78, 0x86, 0x7D, 0x7B, 0x49, 0x79, 0x49, 0x74, 0x7F, 0x70, 0x53, 0xFF, 0x31, 0xFF, 0x8E, 0x74, 0x78, 0x78, 0x7C, 0x7C, 0x79, 0x7A, 0xFB, 0x78, 0x78, 0x79, 0xF0, 0xAC, 0x4B, 0x2F,
		0xB5, 0x8D, 0xCB, 0x9C, 0x73, 0xF7, 0x7C, 0xA1, 0xF4, 0x90, 0x94, 0x4A, 0x8F, 0xD4, 0xA7, 0x6F, 0x98, 0x3A, 0xDF, 0x8E, 0x89, 0x3B, 0x95, 0x37, 0xA0, 0x5B, 0x75, 0x05, 0x38, 0xEC, 0xCC, 0x3A,
		0xD4, 0x63, 0x90, 0xBC, 0xD7, 0x2D, 0x58, 0x88, 0xEB, 0x6D, 0x74, 0x1B, 0xCB, 0xFD, 0x30, 0xB1, 0x43, 0x75, 0x48, 0x0C, 0xEE, 0x1C, 0xB8, 0x5E, 0x87, 0xAE, 0x05, 0x3D, 0x09, 0x0B, 0xEE, 0x16,
		0x54, 0x27, 0xF4, 0x3D, 0x99, 0x04, 0xD6, 0xC2, 0xBC, 0xD9, 0xB7, 0xD0, 0x91, 0x7B, 0x79, 0xF8, 0xBA, 0x81, 0xDB, 0x53, 0x6C, 0x60, 0x9C, 0x44, 0xF5, 0x10, 0x86, 0x46, 0x82, 0xAE, 0x99, 0xE9,
		0x90, 0x5C, 0xEA, 0xDE, 0x41, 0xC1, 0xC4, 0x14, 0x21, 0x42, 0x5E, 0x9C, 0x9E, 0xEE, 0x1E, 0x5B, 0xED, 0x6D, 0x06, 0xA8, 0xC1, 0x30, 0x5F, 0xFA, 0xC8, 0xCA, 0x8B, 0x7B, 0xBA, 0x99, 0xBC, 0x08,
		0x80, 0x83, 0xA9, 0x54, 0xEC, 0x81, 0x59, 0x37, 0x7C, 0x36, 0xDE, 0x5B, 0xD5, 0x3B, 0xC6, 0x58, 0x9C, 0x37, 0xB8, 0xF0, 0x60, 0x3B, 0xD2, 0x4A, 0xE6, 0x79, 0x33, 0xCC, 0x05, 0xC9, 0x61, 0x41,
		0x2A, 0xE2, 0x8C, 0x60, 0x16, 0xB8, 0x2E, 0xE7, 0x73, 0xA4, 0x05, 0x3B, 0x59, 0x16, 0x8C, 0x98, 0x72, 0xC9, 0xEA, 0x32, 0x33, 0xF9, 0x66, 0xD2, 0x6B, 0x94, 0x0D, 0xF3, 0x13, 0xFC, 0xF3, 0x8C,
		0xB0, 0x19, 0x6B, 0xEF, 0xB7, 0x15, 0xD0, 0xC8, 0x32, 0x3F, 0x8E, 0x48, 0xD9, 0x31, 0x26, 0x30, 0x88, 0x3B, 0xD2, 0x1C, 0xA3, 0xB2, 0x78, 0x7A, 0xA3, 0xD7, 0x98, 0x42, 0x5B, 0x10, 0x8B, 0xBB,
		0xCB, 0xAB, 0xC2, 0x52, 0x7D, 0xD2, 0x90, 0x4F, 0x3B, 0x95, 0xB0, 0xF1, 0x83, 0x2A, 0x18, 0x09, 0x60, 0x33, 0xB5, 0x65, 0x0A, 0xAD, 0xF3, 0x01, 0x64, 0x44, 0x26, 0x77, 0x49, 0xFB, 0x7F, 0xCC,
		0x49, 0xFB, 0x7C, 0xE4, 0xD9, 0x7A, 0x7B, 0x78, 0x7B, 0x7B, 0x69, 0x74, 0xA9, 0x9A, 0x4E, 0x33, 0xB0, 0x22, 0xA2, 0x83, 0x12, 0x3A, 0x32, 0x53, 0x31, 0x95, 0x7F, 0x49, 0x74, 0x7F, 0x70, 0x53,
		0xFF, 0x31, 0xFF, 0x8E, 0x74, 0x78, 0x78, 0x7C, 0x7C, 0x79, 0x49, 0x15, 0x48, 0x72, 0x49, 0x70, 0x7F, 0x7A, 0x2C, 0x7D, 0x7F, 0x6A, 0x7B, 0x2C, 0x2A, 0x48, 0x6C, 0x49, 0x6A, 0x7F, 0x7A, 0x2C,
		0x7D, 0x73, 0x6A, 0x75, 0x3D, 0x10, 0x1E, 0x10, 0x3A, 0x1C, 0x0B, 0x0D, 0x59, 0x30, 0x17, 0x1A, 0x48, 0x60, 0x49, 0x6E, 0x7F, 0x7A, 0x2C, 0x7D, 0x72, 0x6A, 0x69, 0x0E, 0x0E, 0x0E, 0x57, 0x1D,
		0x10, 0x1E, 0x10, 0x1A, 0x1C, 0x0B, 0x0D, 0x57, 0x1A, 0x16, 0x14, 0x48, 0x52, 0x49, 0x50, 0x7F, 0x7A, 0x2C, 0x7D, 0x7A, 0x6A, 0x5B, 0x3D, 0x10, 0x1E, 0x10, 0x3A, 0x1C, 0x0B, 0x0D, 0x59, 0x31,
		0x10, 0x1E, 0x11, 0x59, 0x38, 0x0A, 0x0A, 0x0C, 0x0B, 0x18, 0x17, 0x1A, 0x1C, 0x59, 0x3C, 0x2F, 0x59, 0x2B, 0x16, 0x16, 0x0D, 0x59, 0x3A, 0x38, 0x49, 0x67, 0x6E, 0x74, 0x48, 0x4B, 0x49, 0x4D,
		0x48, 0x41, 0x48, 0x4B, 0x49, 0x49, 0x49, 0x49, 0x23, 0x6E, 0x74, 0x4B, 0x4E, 0x49, 0x4D, 0x48, 0x41, 0x48, 0x4B, 0x49, 0x49, 0x49, 0x49, 0x23, 0x49, 0x1C, 0x48, 0x72, 0x49, 0x70, 0x7F, 0x7A,
		0x2C, 0x7D, 0x7F, 0x6A, 0x7B, 0x2C, 0x2A, 0x48, 0x6C, 0x49, 0x6A, 0x7F, 0x7A, 0x2C, 0x7D, 0x73, 0x6A, 0x75, 0x3D, 0x10, 0x1E, 0x10, 0x3A, 0x1C, 0x0B, 0x0D, 0x59, 0x30, 0x17, 0x1A, 0x48, 0x60,
		0x49, 0x6E, 0x7F, 0x7A, 0x2C, 0x7D, 0x72, 0x6A, 0x69, 0x0E, 0x0E, 0x0E, 0x57, 0x1D, 0x10, 0x1E, 0x10, 0x1A, 0x1C, 0x0B, 0x0D, 0x57, 0x1A, 0x16, 0x14, 0x48, 0x5D, 0x49, 0x5B, 0x7F, 0x7A, 0x2C,
		0x7D, 0x7A, 0x6A, 0x62, 0x3D, 0x10, 0x1E, 0x10, 0x3A, 0x1C, 0x0B, 0x0D, 0x59, 0x3C, 0x2F, 0x59, 0x3A, 0x16, 0x1D, 0x1C, 0x59, 0x2A, 0x10, 0x1E, 0x17, 0x10, 0x17, 0x1E, 0x59, 0x3A, 0x38, 0x49,
		0xFB, 0x78, 0x5B, 0x49, 0x74, 0x7F, 0x70, 0x53, 0xFF, 0x31, 0xFF, 0x8E, 0x74, 0x78, 0x78, 0x78, 0x7C, 0x79, 0x7A, 0xFB, 0x78, 0x76, 0x79, 0x49, 0xFB, 0x78, 0x73, 0x7B, 0xFB, 0x78, 0x78, 0x79,
		0xC0, 0x7F, 0x0D, 0x65, 0x24, 0xCD, 0x59, 0xD3, 0xD0, 0x58, 0xD1, 0x53, 0x3B, 0x3F, 0xD2, 0x5C, 0x59, 0x6E, 0x5C, 0xB2, 0x5B, 0xF6, 0xE9, 0xDB, 0xD9, 0x48, 0x12, 0xFA, 0x7C, 0x0C, 0xD6, 0xCB,
		0x77, 0x05, 0x6B, 0x30, 0x02, 0x13, 0xFF, 0x1D, 0xFD, 0x76, 0xFA, 0xA5, 0x1D, 0xC0, 0xC8, 0x17, 0x6F, 0x7C, 0x47, 0x65, 0xEC, 0xC0, 0x9E, 0x9E, 0xF1, 0x14, 0xC1, 0x1B, 0xF8, 0xE9, 0x00, 0xAD,
		0xA4, 0x8C, 0x9B, 0xEF, 0x80, 0xBA, 0xCC, 0xF1, 0x5A, 0x2E, 0x33, 0x63, 0xB6, 0x08, 0x50, 0x90, 0x71, 0x79, 0xF6, 0xCC, 0xE1, 0x9A, 0xDE, 0x4B, 0x84, 0xD5, 0x57, 0xC1, 0x8D, 0xEA, 0x2A, 0x8D,
		0x73, 0x40, 0x3A, 0xE8, 0xD6, 0xAC, 0x12, 0x91, 0xAD, 0xE6, 0x3F, 0xC4, 0xF7, 0x44, 0xD2, 0x9B, 0x80, 0x52, 0xAD, 0x93, 0x79, 0x39, 0x1F, 0x5D, 0xCE, 0x91, 0x06, 0xCD, 0x3D, 0x0C, 0xF4, 0x01,
		0xE3, 0xD7, 0x48, 0xB8, 0x4E, 0xB6, 0x37, 0x66, 0x22, 0x81, 0x3C, 0x33, 0xAE, 0x46, 0xBB, 0xB0, 0xEB, 0x7F, 0x1D, 0xC7, 0xA7, 0x7F, 0xF3, 0xD6, 0xA9, 0x91, 0xF3, 0xC8, 0x89, 0x55, 0xF1, 0x79,
		0x16, 0x72, 0xA5, 0xFC, 0xDE, 0x35, 0xB2, 0x7F, 0xC6, 0xAF, 0x57, 0x53, 0x4B, 0x17, 0x50, 0x08, 0xD6, 0xF7, 0x5B, 0x8A, 0x76, 0xA9, 0xA1, 0xE1, 0x31, 0x54, 0xD1, 0x71, 0xB2, 0xCF, 0xF2, 0x5A,
		0xBB, 0x1A, 0x99, 0xCF, 0x0A, 0x92, 0x16, 0x04, 0x5F, 0x36, 0xF2, 0x8E, 0x4D, 0x44, 0x4E, 0xFF, 0x75, 0xCE, 0x01, 0x5E, 0x8D, 0xBB, 0xFF, 0xA2, 0x3A, 0x12, 0x23, 0x81, 0x44, 0x44, 0x8D, 0x91,
		0xC9, 0x1B, 0x2F, 0xBF, 0x9E, 0x94, 0x01, 0xD8, 0x82, 0x84, 0x03, 0x0B, 0x36, 0x4B, 0x1C, 0xBD, 0x05, 0xBA, 0xBD, 0x0E, 0xD9, 0x7D, 0x4B, 0x4B, 0x94, 0xF6, 0x46, 0xD6, 0xFF, 0xA4, 0x07, 0xA8,
		0x7B, 0x7A, 0x78, 0x79, 0x78, 0xDA, 0xFB, 0x7A, 0x21, 0x49, 0xFB, 0x7A, 0x2D, 0x49, 0x6B, 0x7F, 0x7A, 0x2C, 0x64, 0x6A, 0x78, 0x78, 0x86, 0x7D, 0x71, 0x49, 0x7F, 0x78, 0x78, 0x86, 0x7B, 0x78,
		0x79, 0x49, 0x77, 0x7F, 0x7A, 0x2C, 0x64, 0x76, 0x78, 0x78, 0x86, 0x7D, 0x7D, 0x7A, 0x7B, 0x78, 0xFF, 0x49, 0x6A, 0x7F, 0x7A, 0x2C, 0x64, 0x5C, 0x7D, 0x75, 0x49, 0x73, 0x7F, 0x71, 0x52, 0x7F,
		0x78, 0x7C, 0x7C, 0x7E, 0x7A, 0x7A, 0x49, 0x06, 0x7F, 0x71, 0x52, 0x7F, 0x78, 0x7C, 0x7C, 0x7E, 0x78, 0x78, 0x7D, 0x0A, 0x49, 0x08, 0x49, 0x5D, 0x7F, 0x71, 0x52, 0x7F, 0x78, 0x7C, 0x7C, 0x7E,
		0x49, 0x78, 0xFF, 0x61, 0x11, 0x0D, 0x0D, 0x09, 0x43, 0x56, 0x56, 0x16, 0x1A, 0x0A, 0x09, 0x57, 0x1D, 0x10, 0x1E, 0x10, 0x1A, 0x1C, 0x0B, 0x0D, 0x57, 0x1A, 0x16, 0x14, 0x49, 0x30, 0x7F, 0x71,
		0x52, 0x7F, 0x78, 0x7C, 0x7C, 0x7E, 0x49, 0x7B, 0xFF, 0x44, 0x11, 0x0D, 0x0D, 0x09, 0x43, 0x56, 0x56, 0x1A, 0x18, 0x1A, 0x1C, 0x0B, 0x0D, 0x0A, 0x57, 0x1D, 0x10, 0x1E, 0x10, 0x1A, 0x1C, 0x0B,
		0x0D, 0x57, 0x1A, 0x16, 0x14, 0x56, 0x3D, 0x10, 0x1E, 0x10, 0x3A, 0x1C, 0x0B, 0x0D, 0x31, 0x10, 0x1E, 0x11, 0x38, 0x0A, 0x0A, 0x0C, 0x0B, 0x18, 0x17, 0x1A, 0x1C, 0x3C, 0x2F, 0x2B, 0x16, 0x16,
		0x0D, 0x3A, 0x38, 0x57, 0x1A, 0x0B, 0x0D, 0x49, 0xF8, 0xF6, 0x7F, 0x7A, 0x2C, 0x64, 0x66, 0x7D, 0xF8, 0xFE, 0x49, 0xF8, 0xFD, 0x49, 0x39, 0xD9, 0x47, 0xD9, 0x45, 0xFF, 0x43, 0x11, 0x0D, 0x0D,
		0x09, 0x43, 0x56, 0x56, 0x1A, 0x0B, 0x15, 0x4A, 0x57, 0x1D, 0x10, 0x1E, 0x10, 0x1A, 0x1C, 0x0B, 0x0D, 0x57, 0x1A, 0x16, 0x14, 0x56, 0x3D, 0x10, 0x1E, 0x10, 0x3A, 0x1C, 0x0B, 0x0D, 0x31, 0x10,
		0x1E, 0x11, 0x38, 0x0A, 0x0A, 0x0C, 0x0B, 0x18, 0x17, 0x1A, 0x1C, 0x3C, 0x2F, 0x2B, 0x16, 0x16, 0x0D, 0x3A, 0x38, 0x57, 0x1A, 0x0B, 0x15, 0x49, 0x39, 0xD9, 0x47, 0xD9, 0x45, 0xFF, 0x43, 0x11,
		0x0D, 0x0D, 0x09, 0x43, 0x56, 0x56, 0x1A, 0x0B, 0x15, 0x4D, 0x57, 0x1D, 0x10, 0x1E, 0x10, 0x1A, 0x1C, 0x0B, 0x0D, 0x57, 0x1A, 0x16, 0x14, 0x56, 0x3D, 0x10, 0x1E, 0x10, 0x3A, 0x1C, 0x0B, 0x0D,
		0x31, 0x10, 0x1E, 0x11, 0x38, 0x0A, 0x0A, 0x0C, 0x0B, 0x18, 0x17, 0x1A, 0x1C, 0x3C, 0x2F, 0x2B, 0x16, 0x16, 0x0D, 0x3A, 0x38, 0x57, 0x1A, 0x0B, 0x15, 0x49, 0xFB, 0x78, 0xBD, 0x7F, 0x7A, 0x2C,
		0x64, 0x59, 0x7D, 0xFB, 0x78, 0xC2, 0x49, 0xFB, 0x78, 0xCE, 0x49, 0xFB, 0x78, 0xCA, 0x7F, 0x70, 0x19, 0xFF, 0x31, 0x78, 0xFF, 0x84, 0x15, 0x7A, 0x7B, 0x49, 0xFB, 0x78, 0xDD, 0x49, 0x43, 0x7F,
		0x71, 0x52, 0x7F, 0x78, 0x7C, 0x7C, 0x7E, 0x7B, 0x78, 0x6F, 0x57, 0x11, 0x0D, 0x0D, 0x09, 0x43, 0x56, 0x56, 0x0E, 0x0E, 0x0E, 0x57, 0x1D, 0x10, 0x1E, 0x10, 0x1A, 0x1C, 0x0B, 0x0D, 0x57, 0x1A,
		0x16, 0x14, 0x56, 0x0A, 0x0A, 0x15, 0x54, 0x1A, 0x09, 0x0A, 0x54, 0x0B, 0x1C, 0x09, 0x16, 0x0A, 0x10, 0x0D, 0x16, 0x0B, 0x00, 0x57, 0x11, 0x0D, 0x14, 0x49, 0xFB, 0x78, 0x1D, 0x7F, 0x71, 0x52,
		0x7F, 0x78, 0x7C, 0x7C, 0x7E, 0x7B, 0x7B, 0x49, 0xFB, 0x78, 0x2F, 0x67, 0xFB, 0x78, 0x2B, 0x79, 0x38, 0x79, 0x17, 0x79, 0x00, 0x79, 0x59, 0x79, 0x0C, 0x79, 0x0A, 0x79, 0x1C, 0x79, 0x59, 0x79,
		0x16, 0x79, 0x1F, 0x79, 0x59, 0x79, 0x0D, 0x79, 0x11, 0x79, 0x10, 0x79, 0x0A, 0x79, 0x59, 0x79, 0x3A, 0x79, 0x1C, 0x79, 0x0B, 0x79, 0x0D, 0x79, 0x10, 0x79, 0x1F, 0x79, 0x10, 0x79, 0x1A, 0x79,
		0x18, 0x79, 0x0D, 0x79, 0x1C, 0x79, 0x59, 0x79, 0x1A, 0x79, 0x16, 0x79, 0x17, 0x79, 0x0A, 0x79, 0x0D, 0x79, 0x10, 0x79, 0x0D, 0x79, 0x0C, 0x79, 0x0D, 0x79, 0x1C, 0x79, 0x0A, 0x79, 0x59, 0x79,
		0x18, 0x79, 0x1A, 0x79, 0x1A, 0x79, 0x1C, 0x79, 0x09, 0x79, 0x0D, 0x79, 0x18, 0x79, 0x17, 0x79, 0x1A, 0x79, 0x1C, 0x79, 0x59, 0x79, 0x16, 0x79, 0x1F, 0x79, 0x59, 0x79, 0x0D, 0x79, 0x11, 0x79,
		0x1C, 0x79, 0x59, 0x79, 0x3D, 0x79, 0x10, 0x79, 0x1E, 0x79, 0x10, 0x79, 0x3A, 0x79, 0x1C, 0x79, 0x0B, 0x79, 0x0D, 0x79, 0x59, 0x79, 0x3A, 0x79, 0x29, 0x79, 0x56, 0x79, 0x3A, 0x79, 0x29, 0x79,
		0x2A, 0x79, 0x59, 0x79, 0x18, 0x79, 0x17, 0x79, 0x1D, 0x79, 0x59, 0x79, 0x0D, 0x79, 0x11, 0x79, 0x1C, 0x79, 0x59, 0x79, 0x2B, 0x79, 0x1C, 0x79, 0x15, 0x79, 0x00, 0x79, 0x10, 0x79, 0x17, 0x79,
		0x1E, 0x79, 0x59, 0x79, 0x29, 0x79, 0x18, 0x79, 0x0B, 0x79, 0x0D, 0x79, 0x00, 0x79, 0x59, 0x79, 0x38, 0x79, 0x1E, 0x79, 0x0B, 0x79, 0x1C, 0x79, 0x1C, 0x79, 0x14, 0x79, 0x1C, 0x79, 0x17, 0x79,
		0x0D, 0x79, 0x59, 0x79, 0x0E, 0x79, 0x11, 0x79, 0x10, 0x79, 0x1A, 0x79, 0x11, 0x79, 0x59, 0x79, 0x15, 0x79, 0x10, 0x79, 0x14, 0x79, 0x10, 0x79, 0x0D, 0x79, 0x59, 0x79, 0x15, 0x79, 0x10, 0x79,
		0x18, 0x79, 0x1B, 0x79, 0x10, 0x79, 0x15, 0x79, 0x10, 0x79, 0x0D, 0x79, 0x00, 0x79, 0x59, 0x79, 0x18, 0x79, 0x17, 0x79, 0x1D, 0x79, 0x59, 0x79, 0x18, 0x79, 0x0B, 0x79, 0x1C, 0x79, 0x59, 0x79,
		0x10, 0x79, 0x17, 0x79, 0x1A, 0x79, 0x16, 0x79, 0x0B, 0x79, 0x09, 0x79, 0x16, 0x79, 0x0B, 0x79, 0x18, 0x79, 0x0D, 0x79, 0x1C, 0x79, 0x1D, 0x79, 0x59, 0x79, 0x11, 0x79, 0x1C, 0x79, 0x0B, 0x79,
		0x1C, 0x79, 0x10, 0x79, 0x17, 0x79, 0x59, 0x79, 0x1B, 0x79, 0x00, 0x79, 0x59, 0x79, 0x0B, 0x79, 0x1C, 0x79, 0x1F, 0x79, 0x1C, 0x79, 0x0B, 0x79, 0x1C, 0x79, 0x17, 0x79, 0x1A, 0x79, 0x1C, 0x79,
		0x57, 0x49, 0x64, 0x7F, 0x7A, 0x2C, 0x64, 0x77, 0x7D, 0x6F, 0x7D, 0x6D, 0xD4, 0x10, 0x7F, 0x09, 0x85, 0xF9, 0x62, 0x6F, 0xCA, 0xD0, 0x61, 0xED, 0x12, 0xED, 0x7B, 0xFF, 0x27, 0x8E, 0x5E, 0xF5,
		0x49, 0x66, 0x7F, 0x7A, 0x2C, 0x64, 0x5A, 0x7D, 0x61, 0x49, 0x6F, 0xF9, 0x6D, 0xC8, 0x47, 0xBA, 0x10, 0x7A, 0x81, 0xC6, 0x3E, 0x78, 0xAD, 0xE1, 0x5F, 0x63, 0x71, 0x7B, 0x96, 0x1A, 0x1D, 0x52,
		0xBA, 0x49, 0x74, 0x7F, 0x70, 0x53, 0xFF, 0x31, 0xFF, 0x8E, 0x74, 0x78, 0x78, 0x7C, 0x7C, 0x79, 0x7A, 0xFB, 0x78, 0x78, 0x79, 0xE7, 0x22, 0xEF, 0x43, 0x57, 0x6B, 0xF1, 0xD5, 0xD2, 0x78, 0x14,
		0xDD, 0xE6, 0x0C, 0x9D, 0x78, 0xFE, 0xDA, 0xDC, 0x4B, 0xAE, 0xC5, 0xC3, 0xD0, 0x07, 0xDA, 0xAF, 0x6D, 0x6E, 0x8E, 0xBB, 0x6A, 0x12, 0x05, 0x0A, 0xF6, 0x52, 0x13, 0x9C, 0x76, 0x5F, 0x20, 0x11,
		0xC9, 0xF7, 0x5C, 0xE2, 0x15, 0x96, 0x83, 0x15, 0xEA, 0xEB, 0x71, 0xB8, 0x34, 0xB6, 0x3C, 0xE7, 0xE5, 0x3F, 0xAF, 0x67, 0x0D, 0xD8, 0xE2, 0x6D, 0xDA, 0x83, 0x78, 0x56, 0x33, 0xC8, 0x78, 0x98,
		0x0B, 0x39, 0x31, 0x68, 0x6A, 0x11, 0xC0, 0x4F, 0xE4, 0xE8, 0x32, 0xAE, 0xBB, 0x40, 0x6B, 0x69, 0xB8, 0xBD, 0xA5, 0xC2, 0x1B, 0x6D, 0x6D, 0x53, 0x18, 0x24, 0x36, 0x41, 0x05, 0x1F, 0x66, 0xBF,
		0x62, 0x86, 0xD4, 0xC7, 0x36, 0x06, 0xED, 0x22, 0x0A, 0x3A, 0x79, 0x76, 0x34, 0x0A, 0xCE, 0x28, 0xB6, 0x77, 0x8F, 0x0E, 0xB9, 0x22, 0xB4, 0x4D, 0xF5, 0xA0, 0x1A, 0x6A, 0xD3, 0x77, 0x18, 0x68,
		0xAF, 0x8B, 0xF7, 0x5E, 0x85, 0xCD, 0x02, 0xC1, 0xC0, 0x68, 0x59, 0xE8, 0xFF, 0x01, 0x93, 0x77, 0xAD, 0x51, 0x86, 0x53, 0xAC, 0x5D, 0x41, 0x91, 0x4E, 0xCB, 0x95, 0xEF, 0xC2, 0xE6, 0xC5, 0x33,
		0x6F, 0x29, 0x98, 0x27, 0xC6, 0x28, 0x04, 0x5A, 0xD9, 0x4B, 0xBE, 0xB8, 0xED, 0xE7, 0x03, 0xB0, 0xB9, 0x5F, 0xDB, 0xB5, 0x5C, 0xFE, 0xD9, 0x6B, 0x07, 0x0D, 0xE6, 0x54, 0xF4, 0xC8, 0xB1, 0x9E,
		0xFD, 0xC7, 0xC0, 0xA8, 0x90, 0xA7, 0xC2, 0x13, 0x37, 0xF1, 0x0A, 0x08, 0x98, 0x5B, 0x41, 0xB2, 0x5D, 0xFE, 0x90, 0x0A, 0x07, 0x28, 0xCB, 0x86, 0xE1, 0x92, 0x37, 0x07, 0x56, 0x99, 0xB3, 0x77,
		0x83, 0xCA, 0x27, 0xA8, 0xC3, 0x7C, 0x3B, 0xD1, 0x31, 0xE6, 0xFA, 0x8F, 0x46, 0xBD, 0xB3, 0xD1, 0xA6, 0x11, 0xD9, 0x29, 0x18, 0x48, 0xFB, 0x68, 0x84, 0x49, 0xFB, 0x68, 0x80, 0x7B, 0x78, 0x78,
		0x49, 0x00, 0x49, 0x1C, 0x48, 0x72, 0x49, 0x70, 0x7F, 0x7A, 0x2C, 0x7D, 0x7F, 0x6A, 0x7B, 0x2C, 0x2A, 0x48, 0x6C, 0x49, 0x6A, 0x7F, 0x7A, 0x2C, 0x7D, 0x73, 0x6A, 0x75, 0x3D, 0x10, 0x1E, 0x10,
		0x3A, 0x1C, 0x0B, 0x0D, 0x59, 0x30, 0x17, 0x1A, 0x48, 0x60, 0x49, 0x6E, 0x7F, 0x7A, 0x2C, 0x7D, 0x72, 0x6A, 0x69, 0x0E, 0x0E, 0x0E, 0x57, 0x1D, 0x10, 0x1E, 0x10, 0x1A, 0x1C, 0x0B, 0x0D, 0x57,
		0x1A, 0x16, 0x14, 0x48, 0x5D, 0x49, 0x5B, 0x7F, 0x7A, 0x2C, 0x7D, 0x7A, 0x6A, 0x62, 0x3D, 0x10, 0x1E, 0x10, 0x3A, 0x1C, 0x0B, 0x0D, 0x59, 0x3C, 0x2F, 0x59, 0x3A, 0x16, 0x1D, 0x1C, 0x59, 0x2A,
		0x10, 0x1E, 0x17, 0x10, 0x17, 0x1E, 0x59, 0x3A, 0x38, 0x7B, 0x69, 0x74, 0xE1, 0x8C, 0xA6, 0xEF, 0xBC, 0xEB, 0xBC, 0xCE, 0x12, 0x84, 0x98, 0xB2, 0xFB, 0x49, 0xEF, 0x49, 0x70, 0x7F, 0x7C, 0x52,
		0x77, 0x7A, 0x7B, 0x63, 0x7C, 0x79, 0xD9, 0x39, 0x49, 0x60, 0x7F, 0x70, 0x53, 0xFF, 0x31, 0xFF, 0x8E, 0x74, 0x78, 0x70, 0x7A, 0x48, 0x75, 0x7F, 0x73, 0x52, 0x7F, 0x78, 0x7D, 0x78, 0xFB, 0x4E,
		0x7B, 0x78, 0x7D, 0x49, 0x5A, 0x7F, 0x70, 0x53, 0xFF, 0x31, 0xFF, 0x8E, 0x74, 0x78, 0x70, 0x7D, 0x48, 0x6F, 0x7D, 0x6D, 0x7F, 0x6E, 0x5F, 0xC4, 0xFA, 0x33, 0x98, 0xBF, 0xAA, 0xEA, 0x81, 0xB8,
		0x74, 0x14, 0x2E, 0x23, 0x06, 0x49, 0x16, 0x03, 0x49, 0x74, 0x7F, 0x70, 0x53, 0xFF, 0x31, 0xFF, 0x8E, 0x74, 0x78, 0x78, 0x78, 0x7C, 0x79, 0x7D, 0xFB, 0x78, 0x79, 0x1F, 0x54, 0xD2, 0xAF, 0xB4,
		0x79, 0xB4, 0x7C, 0x7B, 0xC1, 0x94, 0xDF, 0x0B, 0xCB, 0x8B, 0x76, 0xA5, 0x84, 0x7C, 0xAD, 0x26, 0x9C, 0x9C, 0xF3, 0xAD, 0xE6, 0x1C, 0xBF, 0x8D, 0xCC, 0x1C, 0x59, 0xC4, 0xEB, 0xA3, 0x6E, 0x39,
		0x60, 0xDF, 0xCC, 0x69, 0x7D, 0x42, 0xE5, 0x28, 0x03, 0xC4, 0xEE, 0x71, 0x77, 0x55, 0xF3, 0xFA, 0x11, 0xB9, 0xEF, 0x67, 0xBB, 0xF6, 0x03, 0xAB, 0xCB, 0x83, 0x46, 0x9F, 0xE3, 0x9F, 0xD8, 0xF5,
		0x56, 0x4C, 0x43, 0x8A, 0x8B, 0x3C, 0xFF, 0xDB, 0x1D, 0x7B, 0xB1, 0x51, 0x97, 0x4E, 0x32, 0xF9, 0x20, 0x63, 0x64, 0x04, 0x28, 0x61, 0x59, 0x30, 0x1D, 0xB8, 0x65, 0xFD, 0xEC, 0xF6, 0x4E, 0x01,
		0xCC, 0xFA, 0x6F, 0xC1, 0x52, 0xE3, 0xD9, 0x80, 0x58, 0x9A, 0x27, 0xFC, 0x95, 0x2D, 0xDB, 0xC0, 0x6B, 0x0E, 0x74, 0xC7, 0x45, 0xE7, 0xE1, 0x3D, 0x40, 0x42, 0xE6, 0x1D, 0x0F, 0x82, 0x95, 0xA7,
		0x79, 0x7F, 0x10, 0x56, 0xB2, 0xC1, 0x52, 0x98, 0xC1, 0x62, 0x5B, 0x39, 0x7A, 0x47, 0x3A, 0xFA, 0xFC, 0xF7, 0xC7, 0x71, 0x57, 0xBF, 0x19, 0xAB, 0x34, 0xC2, 0xCB, 0x67, 0xAF, 0x29, 0x11, 0x05,
		0x4E, 0xAE, 0x1F, 0xFE, 0x89, 0x44, 0x06, 0x42, 0x51, 0xFB, 0xD8, 0x45, 0xD1, 0x50, 0x66, 0x44, 0x1A, 0x47, 0x8E, 0xAC, 0x5D, 0x85, 0xAA, 0x31, 0x7D, 0x0A, 0xA5, 0xF7, 0xF1, 0x76, 0x00, 0x07,
		0x0E, 0x7B, 0x27, 0x0B, 0xEE, 0x44, 0x2B, 0xE2, 0x9B, 0xDA, 0xEA, 0x10, 0x04, 0x56, 0xF2, 0x47, 0x5F, 0x7E, 0x49, 0x88, 0xA6, 0x33, 0x86, 0x4E, 0x8E, 0x34, 0xF1, 0x85, 0xF2, 0xC9, 0x29, 0x88,
		0xC2, 0xE3, 0xAD, 0x61, 0x74, 0xBA, 0x9D, 0x53, 0xF9, 0xD1, 0x78, 0xD2, 0xF7, 0x31, 0x87, 0x87, 0x6A, 0x51, 0xA6, 0xB2, 0x64, 0xA4, 0xC3, 0x9B, 0xC5, 0x43, 0xA4, 0xD8, 0xFB, 0x69, 0x6E, 0x49,
		0xFB, 0x69, 0x6A, 0x7F, 0x73, 0x52, 0x7F, 0x78, 0x7D, 0x78, 0xFB, 0x4E, 0x7A, 0x7A, 0x78, 0x48, 0xFB, 0x69, 0x7A, 0x49, 0xFB, 0x76, 0x86, 0x7F, 0x70, 0x53, 0xFF, 0x31, 0xFF, 0x8E, 0x74, 0x78,
		0x7E, 0x7B, 0xD9, 0xFB, 0x76, 0x89, 0x49, 0xFB, 0x76, 0x95, 0x7B, 0x78, 0x7A, 0x48, 0x72, 0x49, 0x70, 0x7F, 0x7C, 0x52, 0x77, 0x7A, 0x7B, 0x63, 0x7C, 0x79, 0x49, 0x1E, 0x7F, 0x72, 0x53, 0xFF,
		0x31, 0xFF, 0x8E, 0x74, 0x78, 0x70, 0x69, 0x78, 0x7D, 0xD9, 0x21, 0x7D, 0x2F, 0x49, 0x2D, 0x7B, 0x78, 0x78, 0x7F, 0x70, 0x19, 0xFF, 0x31, 0x78, 0xFF, 0x84, 0x15, 0x7E, 0x78, 0x49, 0x58, 0x49,
		0x70, 0x7F, 0x7C, 0x52, 0x77, 0x7A, 0x7B, 0x63, 0x7C, 0x79, 0x7D, 0x6D, 0x06, 0x0A, 0xB9, 0xBB, 0xB1, 0xE2, 0x02, 0x7E, 0xC4, 0x94, 0x0A, 0x9F, 0x93, 0xC7, 0xA1, 0x9A, 0xFC, 0x5F, 0xD9, 0xD4,
		0x7B, 0x69, 0x2B, 0x15, 0x71, 0x90, 0x90, 0x33, 0x74, 0xC7, 0xF6, 0xBA, 0xE9, 0x45, 0xC4, 0x4F, 0x27, 0xC5, 0x61, 0x76, 0x4B, 0x49, 0x4B, 0x49, 0x49, 0x4C, 0x48, 0x40, 0x49, 0x41, 0x4B, 0x41,
		0x4A, 0x48, 0x23, 0xD9, 0xFB, 0x74, 0x46, 0x49, 0xFB, 0x7F, 0x13, 0x49, 0xFB, 0x7C, 0x2B, 0xD9, 0x7A, 0x7B, 0x78, 0x7B, 0x7B, 0x69, 0x7A, 0x78, 0xE3, 0x7B, 0x43, 0x86, 0x21, 0xC8, 0x12, 0xAF,
		0xAC, 0x93, 0x9F, 0x6E, 0x89, 0x1F, 0x49, 0x74, 0x7F, 0x70, 0x53, 0xFF, 0x31, 0xFF, 0x8E, 0x74, 0x78, 0x78, 0x7C, 0x7C, 0x79, 0x49, 0x1B, 0x48, 0x72, 0x49, 0x70, 0x7F, 0x7A, 0x2C, 0x7D, 0x7F,
		0x6A, 0x7B, 0x2C, 0x2A, 0x48, 0x6C, 0x49, 0x6A, 0x7F, 0x7A, 0x2C, 0x7D, 0x73, 0x6A, 0x75, 0x3D, 0x10, 0x1E, 0x10, 0x3A, 0x1C, 0x0B, 0x0D, 0x59, 0x30, 0x17, 0x1A, 0x48, 0x60, 0x49, 0x6E, 0x7F,
		0x7A, 0x2C, 0x7D, 0x72, 0x6A, 0x69, 0x0E, 0x0E, 0x0E, 0x57, 0x1D, 0x10, 0x1E, 0x10, 0x1A, 0x1C, 0x0B, 0x0D, 0x57, 0x1A, 0x16, 0x14, 0x48, 0x58, 0x49, 0x66, 0x7F, 0x7A, 0x2C, 0x7D, 0x7A, 0x6A,
		0x61, 0x3D, 0x10, 0x1E, 0x10, 0x3A, 0x1C, 0x0B, 0x0D, 0x59, 0x38, 0x0A, 0x0A, 0x0C, 0x0B, 0x1C, 0x1D, 0x59, 0x30, 0x3D, 0x59, 0x3A, 0x38, 0x54, 0x48, 0x49, 0x67, 0x6E, 0x74, 0x48, 0x4D, 0x48,
		0x49, 0x4B, 0x4B, 0x49, 0x49, 0x49, 0x49, 0x49, 0x49, 0x23, 0x6E, 0x74, 0x4B, 0x4D, 0x48, 0x49, 0x4B, 0x4B, 0x49, 0x49, 0x49, 0x49, 0x49, 0x49, 0x23, 0x49, 0x3E, 0x48, 0x72, 0x49, 0x70, 0x7F,
		0x7A, 0x2C, 0x7D, 0x7F, 0x6A, 0x7B, 0x2C, 0x2A, 0x48, 0x68, 0x49, 0x76, 0x7F, 0x7A, 0x2C, 0x7D, 0x73, 0x6A, 0x71, 0x3D, 0x10, 0x1E, 0x10, 0x3A, 0x1C, 0x0B, 0x0D, 0x48, 0x5C, 0x49, 0x5A, 0x7F,
		0x7A, 0x2C, 0x7D, 0x7A, 0x6A, 0x65, 0x3D, 0x10, 0x1E, 0x10, 0x3A, 0x1C, 0x0B, 0x0D, 0x59, 0x2D, 0x10, 0x14, 0x1C, 0x0A, 0x0D, 0x18, 0x14, 0x09, 0x59, 0x2B, 0x1C, 0x0A, 0x09, 0x16, 0x17, 0x1D,
		0x1C, 0x0B, 0x49, 0xFB, 0x78, 0x5B, 0x49, 0x74, 0x7F, 0x70, 0x53, 0xFF, 0x31, 0xFF, 0x8E, 0x74, 0x78, 0x78, 0x78, 0x7C, 0x79, 0x7A, 0xFB, 0x78, 0x76, 0x79, 0x49, 0xFB, 0x78, 0x73, 0x7B, 0xFB,
		0x78, 0x78, 0x79, 0xDA, 0x1D, 0x24, 0x85, 0x05, 0xCA, 0x99, 0xFB, 0x4C, 0x99, 0x99, 0x8F, 0xBF, 0x53, 0x9F, 0x30, 0x0C, 0x42, 0xB5, 0x17, 0x99, 0x2A, 0xD0, 0xE6, 0x66, 0x1D, 0x20, 0x9F, 0x05,
		0x12, 0x06, 0x12, 0xF5, 0xE4, 0x2C, 0x81, 0xEB, 0x9A, 0xE7, 0xAC, 0x23, 0x1A, 0x22, 0x7B, 0x30, 0x29, 0xA0, 0xFA, 0xB7, 0x16, 0x1F, 0x97, 0xA4, 0xB2, 0xFC, 0x90, 0x26, 0xDC, 0x80, 0xAD, 0xFE,
		0x0D, 0xF1, 0x3D, 0x42, 0x60, 0xB0, 0x9C, 0x8C, 0xE8, 0xE6, 0xBF, 0x6D, 0x40, 0xD5, 0x5D, 0x93, 0xD1, 0x32, 0x55, 0xE8, 0xF0, 0xB5, 0x27, 0x51, 0x8D, 0x1D, 0xCF, 0x29, 0xCE, 0x8C, 0x6B, 0xCA,
		0x0A, 0xEF, 0x73, 0x1E, 0xDA, 0xC7, 0x18, 0xE6, 0xD7, 0x8A, 0x84, 0x6B, 0x01, 0x0C, 0x77, 0xDF, 0x22, 0x6D, 0x84, 0x3C, 0x5A, 0xF7, 0xFF, 0x3D, 0x2C, 0x04, 0x61, 0xFF, 0x7C, 0xF5, 0x2C, 0xFE,
		0x00, 0x31, 0x3F, 0x8E, 0xB3, 0x77, 0xF4, 0xDE, 0xA7, 0x37, 0x26, 0x9B, 0xD1, 0xCF, 0x54, 0x20, 0x7B, 0x18, 0xF1, 0x18, 0x0B, 0x61, 0x11, 0xC0, 0xC1, 0x05, 0x97, 0x9F, 0x9E, 0x4D, 0x56, 0x48,
		0x0E, 0xF8, 0x49, 0x66, 0xC2, 0x4F, 0x78, 0xF4, 0x96, 0x5E, 0x9A, 0x8E, 0xE3, 0x89, 0x35, 0x48, 0x1D, 0xF4, 0x9A, 0x92, 0x83, 0x60, 0xFE, 0xD1, 0x07, 0xB6, 0x95, 0xF5, 0x75, 0x4F, 0x22, 0x03,
		0xB8, 0x03, 0xC1, 0x01, 0xBE, 0xB0, 0x7F, 0x57, 0x3F, 0x69, 0xB1, 0xF4, 0x91, 0x7D, 0x19, 0xA2, 0xC5, 0x0A, 0x0D, 0x83, 0x37, 0xA1, 0x87, 0xD3, 0x39, 0x88, 0xCB, 0xB7, 0x09, 0x3F, 0xFA, 0x90,
		0xA3, 0x39, 0xD8, 0x20, 0x43, 0xA0, 0x6C, 0x70, 0x2E, 0xE0, 0x2F, 0x49, 0xEA, 0x8A, 0xB0, 0x18, 0xB5, 0xA9, 0x71, 0xB5, 0x12, 0x95, 0x1B, 0x3B, 0xE8, 0xD5, 0x7B, 0xB9, 0x96, 0xDD, 0x89, 0xF0,
		0x68, 0xF6, 0x0E, 0x7B, 0x7A, 0x78, 0x79, 0x78, 0xDA, 0xFB, 0x7A, 0x4C, 0x49, 0xFB, 0x7A, 0x48, 0x49, 0x77, 0x7F, 0x7A, 0x2C, 0x64, 0x76, 0x78, 0x78, 0x86, 0x7D, 0x7D, 0x7A, 0x7B, 0x7E, 0xF9,
		0x49, 0x75, 0x7F, 0x7A, 0x2C, 0x64, 0x6A, 0x78, 0x78, 0x86, 0x7D, 0x7B, 0x49, 0x79, 0x49, 0x6F, 0x7F, 0x7A, 0x2C, 0x64, 0x5C, 0x78, 0x78, 0x86, 0x7D, 0x75, 0x49, 0x73, 0x7F, 0x71, 0x52, 0x7F,
		0x78, 0x7C, 0x7C, 0x7E, 0x7A, 0x71, 0x49, 0xFB, 0x78, 0xC6, 0x7F, 0x7A, 0x2C, 0x64, 0x59, 0x7D, 0xFB, 0x78, 0xCF, 0x49, 0xFB, 0x78, 0xCB, 0x49, 0xFB, 0x78, 0xD8, 0x7F, 0x70, 0x19, 0xFF, 0x31,
		0x78, 0xFF, 0x84, 0x15, 0x7E, 0x78, 0x49, 0xFB, 0x78, 0xEB, 0x49, 0x51, 0x7F, 0x71, 0x52, 0x7F, 0x78, 0x7C, 0x7C, 0x7E, 0x7B, 0x78, 0x6F, 0x65, 0x11, 0x0D, 0x0D, 0x09, 0x0A, 0x43, 0x56, 0x56,
		0x0E, 0x0E, 0x0E, 0x57, 0x1D, 0x10, 0x1E, 0x10, 0x1A, 0x1C, 0x0B, 0x0D, 0x57, 0x1A, 0x16, 0x14, 0x56, 0x3A, 0x29, 0x2A, 0x49, 0xFB, 0x78, 0x1D, 0x7F, 0x71, 0x52, 0x7F, 0x78, 0x7C, 0x7C, 0x7E,
		0x7B, 0x7B, 0x49, 0xFB, 0x78, 0x2F, 0x67, 0xFB, 0x78, 0x2B, 0x79, 0x38, 0x79, 0x17, 0x79, 0x00, 0x79, 0x59, 0x79, 0x0C, 0x79, 0x0A, 0x79, 0x1C, 0x79, 0x59, 0x79, 0x16, 0x79, 0x1F, 0x79, 0x59,
		0x79, 0x0D, 0x79, 0x11, 0x79, 0x10, 0x79, 0x0A, 0x79, 0x59, 0x79, 0x3A, 0x79, 0x1C, 0x79, 0x0B, 0x79, 0x0D, 0x79, 0x10, 0x79, 0x1F, 0x79, 0x10, 0x79, 0x1A, 0x79, 0x18, 0x79, 0x0D, 0x79, 0x1C,
		0x79, 0x59, 0x79, 0x1A, 0x79, 0x16, 0x79, 0x17, 0x79, 0x0A, 0x79, 0x0D, 0x79, 0x10, 0x79, 0x0D, 0x79, 0x0C, 0x79, 0x0D, 0x79, 0x1C, 0x79, 0x0A, 0x79, 0x59, 0x79, 0x18, 0x79, 0x1A, 0x79, 0x1A,
		0x79, 0x1C, 0x79, 0x09, 0x79, 0x0D, 0x79, 0x18, 0x79, 0x17, 0x79, 0x1A, 0x79, 0x1C, 0x79, 0x59, 0x79, 0x16, 0x79, 0x1F, 0x79, 0x59, 0x79, 0x0D, 0x79, 0x11, 0x79, 0x1C, 0x79, 0x59, 0x79, 0x3D,
		0x79, 0x10, 0x79, 0x1E, 0x79, 0x10, 0x79, 0x3A, 0x79, 0x1C, 0x79, 0x0B, 0x79, 0x0D, 0x79, 0x59, 0x79, 0x3A, 0x79, 0x29, 0x79, 0x56, 0x79, 0x3A, 0x79, 0x29, 0x79, 0x2A, 0x79, 0x59, 0x79, 0x18,
		0x79, 0x17, 0x79, 0x1D, 0x79, 0x59, 0x79, 0x0D, 0x79, 0x11, 0x79, 0x1C, 0x79, 0x59, 0x79, 0x2B, 0x79, 0x1C, 0x79, 0x15, 0x79, 0x00, 0x79, 0x10, 0x79, 0x17, 0x79, 0x1E, 0x79, 0x59, 0x79, 0x29,
		0x79, 0x18, 0x79, 0x0B, 0x79, 0x0D, 0x79, 0x00, 0x79, 0x59, 0x79, 0x38, 0x79, 0x1E, 0x79, 0x0B, 0x79, 0x1C, 0x79, 0x1C, 0x79, 0x14, 0x79, 0x1C, 0x79, 0x17, 0x79, 0x0D, 0x79, 0x59, 0x79, 0x0E,
		0x79, 0x11, 0x79, 0x10, 0x79, 0x1A, 0x79, 0x11, 0x79, 0x59, 0x79, 0x15, 0x79, 0x10, 0x79, 0x14, 0x79, 0x10, 0x79, 0x0D, 0x79, 0x59, 0x79, 0x15, 0x79, 0x10, 0x79, 0x18, 0x79, 0x1B, 0x79, 0x10,
		0x79, 0x15, 0x79, 0x10, 0x79, 0x0D, 0x79, 0x00, 0x79, 0x59, 0x79, 0x18, 0x79, 0x17, 0x79, 0x1D, 0x79, 0x59, 0x79, 0x18, 0x79, 0x0B, 0x79, 0x1C, 0x79, 0x59, 0x79, 0x10, 0x79, 0x17, 0x79, 0x1A,
		0x79, 0x16, 0x79, 0x0B, 0x79, 0x09, 0x79, 0x16, 0x79, 0x0B, 0x79, 0x18, 0x79, 0x0D, 0x79, 0x1C, 0x79, 0x1D, 0x79, 0x59, 0x79, 0x11, 0x79, 0x1C, 0x79, 0x0B, 0x79, 0x1C, 0x79, 0x10, 0x79, 0x17,
		0x79, 0x59, 0x79, 0x1B, 0x79, 0x00, 0x79, 0x59, 0x79, 0x0B, 0x79, 0x1C, 0x79, 0x1F, 0x79, 0x1C, 0x79, 0x0B, 0x79, 0x1C, 0x79, 0x17, 0x79, 0x1A, 0x79, 0x1C, 0x79, 0x57, 0x49, 0x72, 0x7F, 0x70,
		0x19, 0xFF, 0x31, 0x78, 0xFF, 0x84, 0x15, 0x7A, 0x6C, 0x49, 0x66, 0x7F, 0x7A, 0x2C, 0x64, 0x5A, 0x7D, 0x61, 0x49, 0x6F, 0xF9, 0x6D, 0x6C, 0x79, 0x6B, 0x52, 0x6A, 0xE1, 0xCB, 0xE0, 0x7E, 0x94,
		0x67, 0xA6, 0xDB, 0xC7, 0x2E, 0x74, 0x52, 0x1E, 0x7B, 0xB4, 0x49, 0x64, 0x7F, 0x7A, 0x2C, 0x64, 0x77, 0x7D, 0x6F, 0x7D, 0x6D, 0x18, 0x23, 0x34, 0x5D, 0xCF, 0x30, 0x4B, 0xE4, 0x33, 0x53, 0x00,
		0x63, 0xFA, 0x32, 0x8D, 0x67, 0xF0, 0xB8, 0xB3, 0x04, 0x49, 0x04, 0x7F, 0x7A, 0x2C, 0x64, 0x66, 0x7D, 0x0F, 0x49, 0x0D, 0x49, 0x41, 0xD9, 0x4F, 0xD9, 0x4D, 0xFF, 0x4B, 0x11, 0x0D, 0x0D, 0x09,
		0x43, 0x56, 0x56, 0x1A, 0x0B, 0x15, 0x4A, 0x57, 0x1D, 0x10, 0x1E, 0x10, 0x1A, 0x1C, 0x0B, 0x0D, 0x57, 0x1A, 0x16, 0x14, 0x56, 0x3D, 0x10, 0x1E, 0x10, 0x3A, 0x1C, 0x0B, 0x0D, 0x38, 0x0A, 0x0A,
		0x0C, 0x0B, 0x1C, 0x1D, 0x30, 0x3D, 0x3A, 0x38, 0x54, 0x48, 0x57, 0x1A, 0x0B, 0x15, 0x49, 0x41, 0xD9, 0x4F, 0xD9, 0x4D, 0xFF, 0x4B, 0x11, 0x0D, 0x0D, 0x09, 0x43, 0x56, 0x56, 0x1A, 0x0B, 0x15,
		0x4D, 0x57, 0x1D, 0x10, 0x1E, 0x10, 0x1A, 0x1C, 0x0B, 0x0D, 0x57, 0x1A, 0x16, 0x14, 0x56, 0x3D, 0x10, 0x1E, 0x10, 0x3A, 0x1C, 0x0B, 0x0D, 0x38, 0x0A, 0x0A, 0x0C, 0x0B, 0x1C, 0x1D, 0x30, 0x3D,
		0x3A, 0x38, 0x54, 0x48, 0x57, 0x1A, 0x0B, 0x15, 0x49, 0x0E, 0x7F, 0x71, 0x52, 0x7F, 0x78, 0x7C, 0x7C, 0x7E, 0x78, 0x78, 0x7D, 0x12, 0x49, 0x10, 0x49, 0x5D, 0x7F, 0x71, 0x52, 0x7F, 0x78, 0x7C,
		0x7C, 0x7E, 0x49, 0x78, 0xFF, 0x61, 0x11, 0x0D, 0x0D, 0x09, 0x43, 0x56, 0x56, 0x16, 0x1A, 0x0A, 0x09, 0x57, 0x1D, 0x10, 0x1E, 0x10, 0x1A, 0x1C, 0x0B, 0x0D, 0x57, 0x1A, 0x16, 0x14, 0x49, 0x38,
		0x7F, 0x71, 0x52, 0x7F, 0x78, 0x7C, 0x7C, 0x7E, 0x49, 0x7B, 0xFF, 0x4C, 0x11, 0x0D, 0x0D, 0x09, 0x43, 0x56, 0x56, 0x1A, 0x18, 0x1A, 0x1C, 0x0B, 0x0D, 0x0A, 0x57, 0x1D, 0x10, 0x1E, 0x10, 0x1A,
		0x1C, 0x0B, 0x0D, 0x57, 0x1A, 0x16, 0x14, 0x56, 0x3D, 0x10, 0x1E, 0x10, 0x3A, 0x1C, 0x0B, 0x0D, 0x38, 0x0A, 0x0A, 0x0C, 0x0B, 0x1C, 0x1D, 0x30, 0x3D, 0x3A, 0x38, 0x54, 0x48, 0x57, 0x1A, 0x0B,
		0x0D, 0x49, 0x74, 0x7F, 0x70, 0x53, 0xFF, 0x31, 0xFF, 0x8E, 0x74, 0x78, 0x78, 0x7C, 0x7C, 0x79, 0x7A, 0xFB, 0x78, 0x78, 0x79, 0xE4, 0x5C, 0x07, 0x62, 0x4A, 0x34, 0xCB, 0x5F, 0xF8, 0x25, 0xE2,
		0xFF, 0xB7, 0x5A, 0x59, 0x76, 0xF9, 0xFE, 0x9C, 0xF1, 0x86, 0x86, 0xC8, 0xAD, 0x13, 0x55, 0x48, 0x94, 0x43, 0x6E, 0x60, 0x08, 0x6E, 0xB4, 0xD0, 0x62, 0xC5, 0x23, 0x6F, 0x40, 0x79, 0xE4, 0x9A,
		0x15, 0xFD, 0x9D, 0x23, 0x39, 0x82, 0xA7, 0x7F, 0x78, 0xF5, 0x4E, 0x83, 0xE2, 0xC8, 0xE4, 0x5D, 0x07, 0x87, 0x59, 0xDD, 0x2E, 0xD4, 0x22, 0xCE, 0xE3, 0xC9, 0x19, 0x5F, 0x93, 0x10, 0x2E, 0x58,
		0x24, 0x4D, 0x56, 0x66, 0x08, 0xC9, 0xFA, 0xED, 0x60, 0x7C, 0x12, 0x4C, 0xE9, 0x69, 0xD9, 0x02, 0xEE, 0xBE, 0x8F, 0x46, 0x9E, 0x9B, 0x68, 0x38, 0xDF, 0xC4, 0x1B, 0xA0, 0x89, 0x5E, 0x44, 0x41,
		0x64, 0x51, 0x16, 0x43, 0x2B, 0x70, 0x89, 0x95, 0x09, 0x1B, 0xAA, 0x1B, 0x32, 0xC9, 0x99, 0x0A, 0xDF, 0xEB, 0xB9, 0xAA, 0xF7, 0x48, 0xA1, 0x56, 0x9A, 0x14, 0x6E, 0x6A, 0x7F, 0x97, 0x9D, 0x7A,
		0xCF, 0x6D, 0xD2, 0x8A, 0xF6, 0x3A, 0xDE, 0x08, 0xE4, 0x58, 0xA4, 0x6D, 0xB3, 0x6C, 0x24, 0xEB, 0x38, 0xA3, 0x80, 0x76, 0xF8, 0xA8, 0xE0, 0x0D, 0x74, 0x5F, 0xBD, 0x77, 0x06, 0x62, 0xCC, 0x8C,
		0xD9, 0x88, 0xBF, 0x0E, 0x7F, 0x51, 0x6C, 0x90, 0xA1, 0xEA, 0x9C, 0x2C, 0x6F, 0x89, 0xC2, 0x73, 0xD2, 0x65, 0xA2, 0x25, 0x31, 0x5E, 0x1F, 0xB1, 0xDA, 0xF2, 0x73, 0x65, 0x9C, 0xEC, 0xA3, 0xD7,
		0xBD, 0x57, 0x20, 0xD9, 0x18, 0xA4, 0xA3, 0x8A, 0x14, 0xDB, 0x18, 0x90, 0xF3, 0x72, 0x14, 0x95, 0x6B, 0x61, 0xC4, 0x8E, 0x2C, 0x2D, 0x39, 0x7A, 0xEB, 0x52, 0x12, 0xBB, 0x28, 0xBB, 0x73, 0x31,
		0xD6, 0xC9, 0xAD, 0x17, 0x99, 0x8D, 0x6D, 0x73, 0x43, 0x62, 0x9A, 0xF6, 0x44, 0xB3, 0xD6, 0x13, 0xF4, 0x02, 0xA5, 0xA1, 0x3D, 0x49, 0xFB, 0x7F, 0xB4, 0x49, 0xFB, 0x7C, 0xCC, 0xD9, 0x7A, 0x7B,
		0x78, 0x7B, 0x7B, 0x69, 0x7F, 0x84, 0x80, 0x7A, 0xEF, 0x7A, 0xD4, 0x93, 0x79, 0x73, 0x92, 0x46, 0x5E, 0xC2, 0xC3, 0x62, 0x49, 0x74, 0x7F, 0x70, 0x53, 0xFF, 0x31, 0xFF, 0x8E, 0x74, 0x78, 0x78,
		0x7C, 0x7C, 0x79, 0x49, 0x1C, 0x48, 0x72, 0x49, 0x70, 0x7F, 0x7A, 0x2C, 0x7D, 0x7F, 0x6A, 0x7B, 0x2C, 0x2A, 0x48, 0x6C, 0x49, 0x6A, 0x7F, 0x7A, 0x2C, 0x7D, 0x73, 0x6A, 0x75, 0x3D, 0x10, 0x1E,
		0x10, 0x3A, 0x1C, 0x0B, 0x0D, 0x59, 0x30, 0x17, 0x1A, 0x48, 0x60, 0x49, 0x6E, 0x7F, 0x7A, 0x2C, 0x7D, 0x72, 0x6A, 0x69, 0x0E, 0x0E, 0x0E, 0x57, 0x1D, 0x10, 0x1E, 0x10, 0x1A, 0x1C, 0x0B, 0x0D,
		0x57, 0x1A, 0x16, 0x14, 0x48, 0x5D, 0x49, 0x5B, 0x7F, 0x7A, 0x2C, 0x7D, 0x7A, 0x6A, 0x62, 0x3D, 0x10, 0x1E, 0x10, 0x3A, 0x1C, 0x0B, 0x0D, 0x59, 0x38, 0x0A, 0x0A, 0x0C, 0x0B, 0x1C, 0x1D, 0x59,
		0x30, 0x3D, 0x59, 0x2B, 0x16, 0x16, 0x0D, 0x59, 0x3A, 0x38, 0x49, 0x67, 0x6E, 0x74, 0x49, 0x4F, 0x48, 0x48, 0x48, 0x49, 0x49, 0x49, 0x49, 0x49, 0x49, 0x49, 0x23, 0x6E, 0x74, 0x4B, 0x48, 0x48,
		0x48, 0x48, 0x49, 0x49, 0x49, 0x49, 0x49, 0x49, 0x49, 0x23, 0x49, 0x1B, 0x48, 0x72, 0x49, 0x70, 0x7F, 0x7A, 0x2C, 0x7D, 0x7F, 0x6A, 0x7B, 0x2C, 0x2A, 0x48, 0x6C, 0x49, 0x6A, 0x7F, 0x7A, 0x2C,
		0x7D, 0x73, 0x6A, 0x75, 0x3D, 0x10, 0x1E, 0x10, 0x3A, 0x1C, 0x0B, 0x0D, 0x59, 0x30, 0x17, 0x1A, 0x48, 0x60, 0x49, 0x6E, 0x7F, 0x7A, 0x2C, 0x7D, 0x72, 0x6A, 0x69, 0x0E, 0x0E, 0x0E, 0x57, 0x1D,
		0x10, 0x1E, 0x10, 0x1A, 0x1C, 0x0B, 0x0D, 0x57, 0x1A, 0x16, 0x14, 0x48, 0x58, 0x49, 0x66, 0x7F, 0x7A, 0x2C, 0x7D, 0x7A, 0x6A, 0x61, 0x3D, 0x10, 0x1E, 0x10, 0x3A, 0x1C, 0x0B, 0x0D, 0x59, 0x38,
		0x0A, 0x0A, 0x0C, 0x0B, 0x1C, 0x1D, 0x59, 0x30, 0x3D, 0x59, 0x3A, 0x38, 0x54, 0x48, 0x49, 0xFB, 0x78, 0x5B, 0x49, 0x74, 0x7F, 0x70, 0x53, 0xFF, 0x31, 0xFF, 0x8E, 0x74, 0x78, 0x78, 0x78, 0x7C,
		0x79, 0x7A, 0xFB, 0x78, 0x76, 0x79, 0x49, 0xFB, 0x78, 0x73, 0x7B, 0xFB, 0x78, 0x78, 0x79, 0x91, 0xFB, 0x54, 0xE0, 0x80, 0xB3, 0xBB, 0x3B, 0xEC, 0xDC, 0xF9, 0x0A, 0x39, 0x09, 0xAB, 0xE7, 0x2F,
		0x2D, 0x25, 0xD0, 0xBD, 0xAB, 0x38, 0x7F, 0xF6, 0xB0, 0x4A, 0x85, 0x34, 0x3C, 0xE8, 0x25, 0xF8, 0xE6, 0x94, 0x55, 0xE5, 0x81, 0x6F, 0x20, 0xA6, 0xE7, 0xCC, 0x5D, 0x6C, 0xBB, 0xE1, 0xC0, 0xCD,
		0x0E, 0x30, 0xA5, 0xF0, 0xBD, 0x73, 0xA3, 0xD6, 0xB2, 0x27, 0x12, 0x94, 0xD4, 0xC9, 0x08, 0x48, 0x92, 0xB6, 0x43, 0x39, 0x75, 0x3F, 0x34, 0xEA, 0x95, 0xF2, 0x03, 0x4F, 0x71, 0x7A, 0xD2, 0x75,
		0x4D, 0x87, 0x61, 0x30, 0xFB, 0x87, 0xBE, 0xBE, 0x48, 0x31, 0xF9, 0x05, 0x67, 0xDB, 0x76, 0xEB, 0x77, 0x29, 0xB0, 0xBF, 0xFE, 0x92, 0x4F, 0x46, 0xA1, 0x49, 0xBA, 0x86, 0xDF, 0x8E, 0x82, 0xDB,
		0xB4, 0x16, 0x0A, 0x5A, 0x87, 0xD5, 0x2F, 0x7C, 0xE9, 0x89, 0x4B, 0x58, 0x6F, 0xF0, 0xBF, 0x09, 0xF1, 0x80, 0x7C, 0xEE, 0x04, 0xDA, 0xBE, 0x3A, 0xA4, 0x7B, 0x91, 0x42, 0x44, 0x94, 0xC8, 0x38,
		0xDA, 0x94, 0x46, 0xC7, 0xA2, 0xEC, 0x31, 0xBD, 0x97, 0x67, 0xCA, 0x8B, 0xC5, 0x75, 0x52, 0xE0, 0xA9, 0xBF, 0x24, 0x6B, 0x3B, 0xF8, 0x98, 0xFA, 0x17, 0xFB, 0x0A, 0x46, 0x5F, 0x32, 0x6D, 0xE9,
		0xD7, 0x20, 0x1F, 0x73, 0xBD, 0xF4, 0xC7, 0xAB, 0xB7, 0x7F, 0xD7, 0xD4, 0xFD, 0x16, 0x31, 0xFD, 0xE2, 0x36, 0x39, 0xC0, 0x88, 0x35, 0x8B, 0xD6, 0xE1, 0x82, 0x8F, 0xB7, 0x39, 0x24, 0x25, 0x8F,
		0xD1, 0x88, 0x56, 0xD6, 0x95, 0xF0, 0x5B, 0x8B, 0x12, 0x61, 0x1C, 0xC8, 0xB8, 0x0A, 0xD4, 0xAE, 0x88, 0xA1, 0xB6, 0x67, 0x73, 0x0D, 0x25, 0x3B, 0xC1, 0x11, 0x07, 0xCE, 0xAC, 0x0E, 0x73, 0x5E,
		0x2F, 0x05, 0x76, 0x1B, 0xDD, 0x46, 0x4B, 0x6D, 0x19, 0xEC, 0x84, 0x7E, 0x7D, 0xDB, 0x70, 0x7B, 0x7A, 0x78, 0x79, 0x78, 0xDA, 0xFB, 0x7A, 0x03, 0x49, 0xFB, 0x7A, 0x0F, 0x49, 0x77, 0x7F, 0x7A,
		0x2C, 0x64, 0x76, 0x78, 0x78, 0x86, 0x7D, 0x7D, 0x7A, 0x7B, 0x78, 0xFF, 0x49, 0x42, 0x7F, 0x7A, 0x2C, 0x64, 0x5C, 0x7D, 0x4D, 0x49, 0x4B, 0x7F, 0x71, 0x52, 0x7F, 0x78, 0x7C, 0x7C, 0x7E, 0x7A,
		0x78, 0x7F, 0x71, 0x52, 0x7F, 0x78, 0x7C, 0x7C, 0x7E, 0x7A, 0x7B, 0x7F, 0x71, 0x52, 0x7F, 0x78, 0x7C, 0x7C, 0x7E, 0x7A, 0x7A, 0x7F, 0x71, 0x52, 0x7F, 0x78, 0x7C, 0x7C, 0x7E, 0x7A, 0x7D, 0x7F,
		0x71, 0x52, 0x7F, 0x78, 0x7C, 0x7C, 0x7E, 0x7A, 0x71, 0x49, 0xFB, 0x78, 0xAB, 0x7F, 0x7A, 0x2C, 0x64, 0x59, 0x7D, 0xFB, 0x78, 0xB0, 0x49, 0xFB, 0x78, 0xBC, 0x49, 0xFB, 0x78, 0xCD, 0x7F, 0x73,
		0x19, 0xFF, 0x31, 0x78, 0xFF, 0x84, 0x15, 0x79, 0x78, 0x7D, 0x49, 0xFB, 0x78, 0xDD, 0x49, 0x43, 0x7F, 0x71, 0x52, 0x7F, 0x78, 0x7C, 0x7C, 0x7E, 0x7B, 0x78, 0x6F, 0x57, 0x11, 0x0D, 0x0D, 0x09,
		0x43, 0x56, 0x56, 0x0E, 0x0E, 0x0E, 0x57, 0x1D, 0x10, 0x1E, 0x10, 0x1A, 0x1C, 0x0B, 0x0D, 0x57, 0x1A, 0x16, 0x14, 0x56, 0x0A, 0x0A, 0x15, 0x54, 0x1A, 0x09, 0x0A, 0x54, 0x0B, 0x1C, 0x09, 0x16,
		0x0A, 0x10, 0x0D, 0x16, 0x0B, 0x00, 0x57, 0x11, 0x0D, 0x14, 0x49, 0xFB, 0x78, 0x1D, 0x7F, 0x71, 0x52, 0x7F, 0x78, 0x7C, 0x7C, 0x7E, 0x7B, 0x7B, 0x49, 0xFB, 0x78, 0x2F, 0x67, 0xFB, 0x78, 0x2B,
		0x79, 0x38, 0x79, 0x17, 0x79, 0x00, 0x79, 0x59, 0x79, 0x0C, 0x79, 0x0A, 0x79, 0x1C, 0x79, 0x59, 0x79, 0x16, 0x79, 0x1F, 0x79, 0x59, 0x79, 0x0D, 0x79, 0x11, 0x79, 0x10, 0x79, 0x0A, 0x79, 0x59,
		0x79, 0x3A, 0x79, 0x1C, 0x79, 0x0B, 0x79, 0x0D, 0x79, 0x10, 0x79, 0x1F, 0x79, 0x10, 0x79, 0x1A, 0x79, 0x18, 0x79, 0x0D, 0x79, 0x1C, 0x79, 0x59, 0x79, 0x1A, 0x79, 0x16, 0x79, 0x17, 0x79, 0x0A,
		0x79, 0x0D, 0x79, 0x10, 0x79, 0x0D, 0x79, 0x0C, 0x79, 0x0D, 0x79, 0x1C, 0x79, 0x0A, 0x79, 0x59, 0x79, 0x18, 0x79, 0x1A, 0x79, 0x1A, 0x79, 0x1C, 0x79, 0x09, 0x79, 0x0D, 0x79, 0x18, 0x79, 0x17,
		0x79, 0x1A, 0x79, 0x1C, 0x79, 0x59, 0x79, 0x16, 0x79, 0x1F, 0x79, 0x59, 0x79, 0x0D, 0x79, 0x11, 0x79, 0x1C, 0x79, 0x59, 0x79, 0x3D, 0x79, 0x10, 0x79, 0x1E, 0x79, 0x10, 0x79, 0x3A, 0x79, 0x1C,
		0x79, 0x0B, 0x79, 0x0D, 0x79, 0x59, 0x79, 0x3A, 0x79, 0x29, 0x79, 0x56, 0x79, 0x3A, 0x79, 0x29, 0x79, 0x2A, 0x79, 0x59, 0x79, 0x18, 0x79, 0x17, 0x79, 0x1D, 0x79, 0x59, 0x79, 0x0D, 0x79, 0x11,
		0x79, 0x1C, 0x79, 0x59, 0x79, 0x2B, 0x79, 0x1C, 0x79, 0x15, 0x79, 0x00, 0x79, 0x10, 0x79, 0x17, 0x79, 0x1E, 0x79, 0x59, 0x79, 0x29, 0x79, 0x18, 0x79, 0x0B, 0x79, 0x0D, 0x79, 0x00, 0x79, 0x59,
		0x79, 0x38, 0x79, 0x1E, 0x79, 0x0B, 0x79, 0x1C, 0x79, 0x1C, 0x79, 0x14, 0x79, 0x1C, 0x79, 0x17, 0x79, 0x0D, 0x79, 0x59, 0x79, 0x0E, 0x79, 0x11, 0x79, 0x10, 0x79, 0x1A, 0x79, 0x11, 0x79, 0x59,
		0x79, 0x15, 0x79, 0x10, 0x79, 0x14, 0x79, 0x10, 0x79, 0x0D, 0x79, 0x59, 0x79, 0x15, 0x79, 0x10, 0x79, 0x18, 0x79, 0x1B, 0x79, 0x10, 0x79, 0x15, 0x79, 0x10, 0x79, 0x0D, 0x79, 0x00, 0x79, 0x59,
		0x79, 0x18, 0x79, 0x17, 0x79, 0x1D, 0x79, 0x59, 0x79, 0x18, 0x79, 0x0B, 0x79, 0x1C, 0x79, 0x59, 0x79, 0x10, 0x79, 0x17, 0x79, 0x1A, 0x79, 0x16, 0x79, 0x0B, 0x79, 0x09, 0x79, 0x16, 0x79, 0x0B,
		0x79, 0x18, 0x79, 0x0D, 0x79, 0x1C, 0x79, 0x1D, 0x79, 0x59, 0x79, 0x11, 0x79, 0x1C, 0x79, 0x0B, 0x79, 0x1C, 0x79, 0x10, 0x79, 0x17, 0x79, 0x59, 0x79, 0x1B, 0x79, 0x00, 0x79, 0x59, 0x79, 0x0B,
		0x79, 0x1C, 0x79, 0x1F, 0x79, 0x1C, 0x79, 0x0B, 0x79, 0x1C, 0x79, 0x17, 0x79, 0x1A, 0x79, 0x1C, 0x79, 0x57, 0x49, 0x72, 0x7F, 0x70, 0x19, 0xFF, 0x31, 0x78, 0xFF, 0x84, 0x15, 0x7A, 0x6C, 0x49,
		0x6B, 0x7F, 0x7A, 0x2C, 0x64, 0x6A, 0x78, 0x78, 0x86, 0x7D, 0x71, 0x49, 0x7F, 0x78, 0x78, 0x86, 0x7B, 0x78, 0x79, 0x49, 0x00, 0x7F, 0x71, 0x52, 0x7F, 0x78, 0x7C, 0x7C, 0x7E, 0x78, 0x78, 0x7D,
		0x14, 0x49, 0x12, 0x49, 0x5D, 0x7F, 0x71, 0x52, 0x7F, 0x78, 0x7C, 0x7C, 0x7E, 0x49, 0x78, 0xFF, 0x61, 0x11, 0x0D, 0x0D, 0x09, 0x43, 0x56, 0x56, 0x16, 0x1A, 0x0A, 0x09, 0x57, 0x1D, 0x10, 0x1E,
		0x10, 0x1A, 0x1C, 0x0B, 0x0D, 0x57, 0x1A, 0x16, 0x14, 0x49, 0x3A, 0x7F, 0x71, 0x52, 0x7F, 0x78, 0x7C, 0x7C, 0x7E, 0x49, 0x7B, 0xFF, 0x4E, 0x11, 0x0D, 0x0D, 0x09, 0x43, 0x56, 0x56, 0x1A, 0x18,
		0x1A, 0x1C, 0x0B, 0x0D, 0x0A, 0x57, 0x1D, 0x10, 0x1E, 0x10, 0x1A, 0x1C, 0x0B, 0x0D, 0x57, 0x1A, 0x16, 0x14, 0x56, 0x3D, 0x10, 0x1E, 0x10, 0x3A, 0x1C, 0x0B, 0x0D, 0x38, 0x0A, 0x0A, 0x0C, 0x0B,
		0x1C, 0x1D, 0x30, 0x3D, 0x2B, 0x16, 0x16, 0x0D, 0x3A, 0x38, 0x57, 0x1A, 0x0B, 0x0D, 0x49, 0xF8, 0xF8, 0x7F, 0x7A, 0x2C, 0x64, 0x66, 0x7D, 0x03, 0x49, 0x01, 0x49, 0x43, 0xD9, 0x41, 0xD9, 0x4F,
		0xFF, 0x4D, 0x11, 0x0D, 0x0D, 0x09, 0x43, 0x56, 0x56, 0x1A, 0x0B, 0x15, 0x4A, 0x57, 0x1D, 0x10, 0x1E, 0x10, 0x1A, 0x1C, 0x0B, 0x0D, 0x57, 0x1A, 0x16, 0x14, 0x56, 0x3D, 0x10, 0x1E, 0x10, 0x3A,
		0x1C, 0x0B, 0x0D, 0x38, 0x0A, 0x0A, 0x0C, 0x0B, 0x1C, 0x1D, 0x30, 0x3D, 0x2B, 0x16, 0x16, 0x0D, 0x3A, 0x38, 0x57, 0x1A, 0x0B, 0x15, 0x49, 0x43, 0xD9, 0x41, 0xD9, 0x4F, 0xFF, 0x4D, 0x11, 0x0D,
		0x0D, 0x09, 0x43, 0x56, 0x56, 0x1A, 0x0B, 0x15, 0x4D, 0x57, 0x1D, 0x10, 0x1E, 0x10, 0x1A, 0x1C, 0x0B, 0x0D, 0x57, 0x1A, 0x16, 0x14, 0x56, 0x3D, 0x10, 0x1E, 0x10, 0x3A, 0x1C, 0x0B, 0x0D, 0x38,
		0x0A, 0x0A, 0x0C, 0x0B, 0x1C, 0x1D, 0x30, 0x3D, 0x2B, 0x16, 0x16, 0x0D, 0x3A, 0x38, 0x57, 0x1A, 0x0B, 0x15, 0x49, 0x64, 0x7F, 0x7A, 0x2C, 0x64, 0x77, 0x7D, 0x6F, 0x7D, 0x6D, 0x6C, 0x79, 0x6B,
		0x52, 0x6A, 0xE1, 0xCB, 0xE0, 0x7E, 0x94, 0x67, 0xA6, 0xDB, 0xC7, 0x2E, 0x74, 0x52, 0x1E, 0x7B, 0xB4, 0x49, 0x66, 0x7F, 0x7A, 0x2C, 0x64, 0x5A, 0x7D, 0x61, 0x49, 0x6F, 0xF9, 0x6D, 0x3C, 0x92,
		0xDB, 0xD6, 0x8D, 0xEB, 0xB2, 0xFB, 0x48, 0x54, 0x28, 0xF2, 0xDE, 0xDE, 0x58, 0xE4, 0x8A, 0x14, 0xB1, 0x76, 0x49, 0x74, 0x7F, 0x70, 0x53, 0xFF, 0x31, 0xFF, 0x8E, 0x74, 0x78, 0x78, 0x7C, 0x7C,
		0x79, 0x7A, 0xFB, 0x78, 0x78, 0x79, 0x3F, 0x29, 0x47, 0xB0, 0xCE, 0x51, 0x5D, 0xDE, 0x41, 0x64, 0xCF, 0x22, 0x50, 0xD6, 0x2B, 0xB6, 0x2B, 0x90, 0x48, 0x3E, 0xD2, 0x2F, 0x25, 0x02, 0xAC, 0x74,
		0x72, 0x38, 0xCA, 0x96, 0x95, 0x0C, 0x66, 0x0D, 0x41, 0x8B, 0xCB, 0x25, 0x18, 0xDB, 0xE5, 0xEC, 0xBA, 0x29, 0x9D, 0xFB, 0xC0, 0x5A, 0xA8, 0xC3, 0x43, 0xFF, 0x0B, 0xD4, 0x41, 0x01, 0xD5, 0x0C,
		0x24, 0x6E, 0x6E, 0x4D, 0x0B, 0x3E, 0xFC, 0xED, 0x2F, 0xA8, 0x92, 0xC2, 0x4F, 0xFD, 0x0E, 0xB5, 0x5D, 0xDC, 0x8A, 0x7D, 0x60, 0x2C, 0xD0, 0x9E, 0x9A, 0x9E, 0xD2, 0x1B, 0xB4, 0x82, 0xF2, 0x54,
		0xE9, 0xBB, 0xB9, 0xAB, 0xCC, 0xED, 0xC4, 0x27, 0x36, 0xC8, 0x7C, 0xAB, 0x77, 0x44, 0x63, 0xD0, 0x6D, 0x22, 0xDF, 0xFF, 0x48, 0x1B, 0xD1, 0xD1, 0x4A, 0x9D, 0xE2, 0x40, 0xDE, 0xBD, 0x8C, 0xB7,
		0x64, 0x01, 0x0F, 0xED, 0x5C, 0x0A, 0x9D, 0x53, 0xD2, 0xB6, 0xE5, 0x0F, 0x32, 0x94, 0x26, 0xBB, 0x32, 0x6F, 0x9D, 0x32, 0x09, 0x35, 0x79, 0xF0, 0x67, 0x85, 0xBC, 0x00, 0xC5, 0x35, 0x6B, 0x2E,
		0x87, 0x26, 0x98, 0x67, 0xC5, 0x7B, 0x24, 0xD1, 0x87, 0x82, 0x7E, 0x41, 0x36, 0x74, 0xBF, 0x24, 0xE8, 0xC0, 0x76, 0x1E, 0x3C, 0xB4, 0xAF, 0xFA, 0x94, 0x9E, 0xEB, 0x74, 0xF4, 0xC8, 0x10, 0xF5,
		0x36, 0x82, 0x20, 0x99, 0x5A, 0x76, 0xAB, 0xD3, 0xD7, 0x79, 0x05, 0x97, 0xE5, 0x3B, 0x77, 0xB6, 0xE8, 0xAE, 0x5E, 0xCE, 0x6F, 0x97, 0x76, 0xBA, 0xC4, 0x05, 0x73, 0xD9, 0x97, 0x55, 0x71, 0x2C,
		0xFC, 0x5B, 0xC1, 0x92, 0x61, 0x63, 0x34, 0x85, 0x53, 0x58, 0xD4, 0x30, 0x48, 0xFA, 0x3E, 0xEC, 0x0E, 0x08, 0xA5, 0xC8, 0x62, 0x32, 0x32, 0x65, 0x69, 0xE5, 0x0E, 0x6D, 0xB8, 0xE4, 0x36, 0x56,
		0x23, 0xEC, 0x71, 0x50, 0x69, 0x5F, 0x48, 0xFB, 0x7B, 0x55, 0x49, 0xFB, 0x7B, 0x51, 0x7B, 0x78, 0x78, 0x49, 0x0F, 0x49, 0x1B, 0x48, 0x72, 0x49, 0x70, 0x7F, 0x7A, 0x2C, 0x7D, 0x7F, 0x6A, 0x7B,
		0x2C, 0x2A, 0x48, 0x6C, 0x49, 0x6A, 0x7F, 0x7A, 0x2C, 0x7D, 0x73, 0x6A, 0x75, 0x3D, 0x10, 0x1E, 0x10, 0x3A, 0x1C, 0x0B, 0x0D, 0x59, 0x30, 0x17, 0x1A, 0x48, 0x60, 0x49, 0x6E, 0x7F, 0x7A, 0x2C,
		0x7D, 0x72, 0x6A, 0x69, 0x0E, 0x0E, 0x0E, 0x57, 0x1D, 0x10, 0x1E, 0x10, 0x1A, 0x1C, 0x0B, 0x0D, 0x57, 0x1A, 0x16, 0x14, 0x48, 0x58, 0x49, 0x66, 0x7F, 0x7A, 0x2C, 0x7D, 0x7A, 0x6A, 0x61, 0x3D,
		0x10, 0x1E, 0x10, 0x3A, 0x1C, 0x0B, 0x0D, 0x59, 0x38, 0x0A, 0x0A, 0x0C, 0x0B, 0x1C, 0x1D, 0x59, 0x30, 0x3D, 0x59, 0x3A, 0x38, 0x54, 0x48, 0x7B, 0x69, 0x7A, 0x78, 0xE3, 0x7B, 0x43, 0x86, 0x21,
		0xC8, 0x12, 0xAF, 0xAC, 0x93, 0x9F, 0x6E, 0x89, 0x1F, 0x49, 0x70, 0x7F, 0x7C, 0x52, 0x77, 0x7A, 0x7B, 0x63, 0x7C, 0x79, 0xD9, 0xF8, 0xF5, 0x49, 0x63, 0x7F, 0x70, 0x53, 0xFF, 0x31, 0xFF, 0x8E,
		0x74, 0x78, 0x70, 0x7A, 0x48, 0x74, 0x7F, 0x72, 0x53, 0xFF, 0x31, 0xFF, 0x8E, 0x74, 0x78, 0x70, 0x69, 0x78, 0x7D, 0x49, 0x65, 0x7F, 0x70, 0x53, 0xFF, 0x31, 0xFF, 0x8E, 0x74, 0x78, 0x70, 0x7C,
		0x48, 0x76, 0x6E, 0x74, 0x4B, 0x49, 0x49, 0x4C, 0x48, 0x40, 0x49, 0x41, 0x4B, 0x41, 0x4A, 0x48, 0x23, 0x49, 0x5A, 0x7F, 0x70, 0x53, 0xFF, 0x31, 0xFF, 0x8E, 0x74, 0x78, 0x70, 0x7D, 0x48, 0x6F,
		0x7D, 0x6D, 0xE0, 0x6F, 0x3B, 0x87, 0xD0, 0x57, 0xBE, 0x92, 0x31, 0xA0, 0x60, 0xF3, 0xFD, 0x48, 0xB5, 0x3B, 0x76, 0x43, 0x4D, 0xB2, 0x49, 0x52, 0x7F, 0x72, 0x53, 0xFF, 0x31, 0xFF, 0x8E, 0x74,
		0x78, 0x70, 0x69, 0x7B, 0x75, 0x48, 0x65, 0x49, 0x63, 0x49, 0x61, 0x49, 0x6F, 0x7D, 0x6D, 0x18, 0x34, 0x5E, 0x64, 0xE8, 0x7B, 0x9A, 0x78, 0x10, 0xFB, 0x5D, 0xFE, 0x84, 0x9C, 0xA7, 0x79, 0xDA,
		0x2B, 0xC9, 0x64, 0x49, 0x74, 0x7F, 0x70, 0x53, 0xFF, 0x31, 0xFF, 0x8E, 0x74, 0x78, 0x78, 0x78, 0x7C, 0x79, 0x7D, 0xFB, 0x78, 0x79, 0x62, 0xEA, 0x18, 0xAF, 0xDA, 0x96, 0xE5, 0xC4, 0x75, 0x05,
		0xA5, 0x3E, 0x92, 0x47, 0x49, 0xDD, 0x21, 0x39, 0xDE, 0x20, 0xFF, 0x1A, 0x48, 0x7F, 0x7A, 0x2B, 0x66, 0x86, 0x5E, 0x30, 0xEA, 0x7D, 0x10, 0xAF, 0x16, 0x46, 0x6D, 0x87, 0x9D, 0x7C, 0x9F, 0xD7,
		0x9D, 0x83, 0xAA, 0x2C, 0x1C, 0x64, 0x5E, 0x96, 0x04, 0x20, 0x1D, 0xF6, 0x31, 0x96, 0xD6, 0x2F, 0xE4, 0x9A, 0x04, 0xB2, 0x17, 0xC4, 0x48, 0x36, 0x40, 0x9E, 0x3C, 0x34, 0x2F, 0xCB, 0xAC, 0xDA,
		0x91, 0xC6, 0x48, 0x47, 0xFC, 0x57, 0x78, 0xE8, 0x46, 0x31, 0x76, 0x55, 0x6B, 0x55, 0x77, 0x23, 0xEA, 0x05, 0x2B, 0xDE, 0x17, 0x9D, 0x4C, 0x62, 0x56, 0xDA, 0xC2, 0xD7, 0x33, 0x6A, 0xA1, 0x26,
		0x3E, 0xD0, 0xE7, 0xF4, 0x97, 0xE5, 0x62, 0x31, 0x1D, 0xCD, 0xA7, 0x98, 0xC9, 0xF7, 0xA5, 0x40, 0xCB, 0x03, 0x67, 0xFB, 0x8D, 0x55, 0x4A, 0x20, 0xD6, 0x92, 0x3D, 0x0A, 0xA9, 0x2F, 0xF0, 0xAD,
		0x34, 0xF3, 0x37, 0x9C, 0xF7, 0x76, 0x3A, 0x62, 0xBB, 0x6B, 0xB7, 0x65, 0xF0, 0x3B, 0xB3, 0x08, 0x9D, 0x7A, 0x70, 0x15, 0x65, 0x77, 0x3B, 0x5A, 0x2F, 0x6E, 0x41, 0x3F, 0xEA, 0x0F, 0x64, 0x56,
		0x84, 0x3E, 0xD3, 0x1A, 0xAA, 0xF3, 0xC8, 0x11, 0x71, 0x65, 0x41, 0xB4, 0x1B, 0xD4, 0x64, 0x7A, 0x83, 0x05, 0x96, 0x81, 0x4C, 0x04, 0xCE, 0x5D, 0x58, 0x49, 0x12, 0x77, 0x20, 0x9F, 0xE5, 0xD6,
		0x73, 0xD9, 0x96, 0x91, 0xD4, 0xD2, 0x67, 0x66, 0x27, 0x7D, 0x73, 0x38, 0x6B, 0xBD, 0xB6, 0xDE, 0x1D, 0xA1, 0x5B, 0xC5, 0x9F, 0xB2, 0x77, 0x8C, 0xD7, 0x3A, 0x21, 0xE4, 0xE8, 0xDF, 0xAA, 0xED,
		0x3D, 0x19, 0xC1, 0x39, 0x54, 0x0B, 0xBC, 0x7C, 0xB3, 0xA5, 0x81, 0x53, 0x28, 0x1E, 0x13, 0xBA, 0x9A, 0xC3, 0x54, 0xF4, 0x4E, 0x35, 0x79, 0x79
	};

}