namespace ShdrvBin
{
	constexpr unsigned char Key = 0x7C;

	// shdrv
	constexpr unsigned char service[] = {
		0x0F, 0x14, 0x18, 0x0E, 0x0A
	};

	constexpr size_t serviceSize = sizeof(service);

	constexpr size_t hexSize = 41648;


	constexpr unsigned char hexData[hexSize] = {
		0x31, 0x26, 0xEC, 0x7C, 0x7F, 0x7C, 0x7C, 0x7C, 0x78, 0x7C, 0x7C, 0x7C, 0x83, 0x83, 0x7C, 0x7C, 0xC4, 0x7C, 0x7C, 0x7C, 0x7C, 0x7C, 0x7C, 0x7C, 0x3C, 0x7C, 0x7C, 0x7C, 0x7C, 0x7C, 0x7C, 0x7C,
		0x7C, 0x7C, 0x7C, 0x7C, 0x7C, 0x7C, 0x7C, 0x7C, 0x7C, 0x7C, 0x7C, 0x7C, 0x7C, 0x7C, 0x7C, 0x7C, 0x7C, 0x7C, 0x7C, 0x7C, 0x7C, 0x7C, 0x7C, 0x7C, 0x7C, 0x7C, 0x7C, 0x7C, 0xB4, 0x7C, 0x7C, 0x7C,
		0x72, 0x63, 0xC6, 0x72, 0x7C, 0xC8, 0x75, 0xB1, 0x5D, 0xC4, 0x7D, 0x30, 0xB1, 0x5D, 0x28, 0x14, 0x15, 0x0F, 0x5C, 0x0C, 0x0E, 0x13, 0x1B, 0x0E, 0x1D, 0x11, 0x5C, 0x1F, 0x1D, 0x12, 0x12, 0x13,
		0x08, 0x5C, 0x1E, 0x19, 0x5C, 0x0E, 0x09, 0x12, 0x5C, 0x15, 0x12, 0x5C, 0x38, 0x33, 0x2F, 0x5C, 0x11, 0x13, 0x18, 0x19, 0x52, 0x71, 0x71, 0x76, 0x58, 0x7C, 0x7C, 0x7C, 0x7C, 0x7C, 0x7C, 0x7C,
		0xE7, 0x85, 0x16, 0x5A, 0xA3, 0xE4, 0x78, 0x09, 0xA3, 0xE4, 0x78, 0x09, 0xA3, 0xE4, 0x78, 0x09, 0xA3, 0xE4, 0x79, 0x09, 0xC8, 0xE4, 0x78, 0x09, 0xAA, 0x9C, 0xEB, 0x09, 0xA4, 0xE4, 0x78, 0x09,
		0xAA, 0x9C, 0xED, 0x09, 0xA1, 0xE4, 0x78, 0x09, 0xAA, 0x9C, 0xF1, 0x09, 0xAF, 0xE4, 0x78, 0x09, 0xAA, 0x9C, 0xE9, 0x09, 0xA2, 0xE4, 0x78, 0x09, 0x2E, 0x15, 0x1F, 0x14, 0xA3, 0xE4, 0x78, 0x09,
		0x7C, 0x7C, 0x7C, 0x7C, 0x7C, 0x7C, 0x7C, 0x7C, 0x2C, 0x39, 0x7C, 0x7C, 0x18, 0xFA, 0x7A, 0x7C, 0x76, 0x96, 0x46, 0x1B, 0x7C, 0x7C, 0x7C, 0x7C, 0x7C, 0x7C, 0x7C, 0x7C, 0x8C, 0x7C, 0x5E, 0x5C,
		0x77, 0x7E, 0x75, 0x7C, 0x7C, 0x2A, 0x7C, 0x7C, 0x7C, 0x3C, 0x7C, 0x7C, 0x7C, 0x7C, 0x7C, 0x7C, 0x7C, 0x3A, 0x7C, 0x7C, 0x7C, 0x6C, 0x7C, 0x7C, 0x7C, 0x7C, 0x7C, 0xFC, 0x7D, 0x7C, 0x7C, 0x7C,
		0x7C, 0x6C, 0x7C, 0x7C, 0x7C, 0x7E, 0x7C, 0x7C, 0x79, 0x7C, 0x7E, 0x7C, 0x7C, 0x7C, 0x7C, 0x7C, 0x79, 0x7C, 0x7E, 0x7C, 0x7C, 0x7C, 0x7C, 0x7C, 0x7C, 0x9C, 0x7C, 0x7C, 0x7C, 0x78, 0x7C, 0x7C,
		0xC7, 0x05, 0x7D, 0x7C, 0x7D, 0x7C, 0x7C, 0x7C, 0x7C, 0x7C, 0x6C, 0x7C, 0x7C, 0x7C, 0x7C, 0x7C, 0x7C, 0x6C, 0x7C, 0x7C, 0x7C, 0x7C, 0x7C, 0x7C, 0x7C, 0x7C, 0x6C, 0x7C, 0x7C, 0x7C, 0x7C, 0x7C,
		0x7C, 0x6C, 0x7C, 0x7C, 0x7C, 0x7C, 0x7C, 0x7C, 0x7C, 0x7C, 0x7C, 0x7C, 0x6C, 0x7C, 0x7C, 0x7C, 0x7C, 0x7C, 0x7C, 0x7C, 0x7C, 0x7C, 0x7C, 0x7C, 0x7C, 0xBC, 0x7C, 0x7C, 0x40, 0x7C, 0x7C, 0x7C,
		0x7C, 0x7C, 0x7C, 0x7C, 0x7C, 0x7C, 0x7C, 0x7C, 0x7C, 0xCC, 0x7C, 0x7C, 0xCC, 0x78, 0x7C, 0x7C, 0x7C, 0x06, 0x7C, 0x7C, 0xCC, 0x54, 0x7C, 0x7C, 0x7C, 0xAC, 0x7C, 0x7C, 0x70, 0x7C, 0x7C, 0x7C,
		0x3C, 0x1E, 0x7C, 0x7C, 0x60, 0x7C, 0x7C, 0x7C, 0x7C, 0x7C, 0x7C, 0x7C, 0x7C, 0x7C, 0x7C, 0x7C, 0x7C, 0x7C, 0x7C, 0x7C, 0x7C, 0x7C, 0x7C, 0x7C, 0x7C, 0x7C, 0x7C, 0x7C, 0x7C, 0x7C, 0x7C, 0x7C,
		0x7C, 0x7C, 0x7C, 0x7C, 0x7C, 0x7C, 0x7C, 0x7C, 0x7C, 0x7C, 0x7C, 0x7C, 0x7C, 0x7C, 0x7C, 0x7C, 0x7C, 0x1C, 0x7C, 0x7C, 0x3C, 0x7E, 0x7C, 0x7C, 0x7C, 0x7C, 0x7C, 0x7C, 0x7C, 0x7C, 0x7C, 0x7C,
		0x7C, 0x7C, 0x7C, 0x7C, 0x7C, 0x7C, 0x7C, 0x7C, 0x7C, 0x7C, 0x7C, 0x7C, 0x7C, 0x7C, 0x7C, 0x7C, 0x52, 0x08, 0x19, 0x04, 0x08, 0x7C, 0x7C, 0x7C, 0x66, 0x37, 0x7C, 0x7C, 0x7C, 0x6C, 0x7C, 0x7C,
		0x7C, 0x30, 0x7C, 0x7C, 0x7C, 0x78, 0x7C, 0x7C, 0x7C, 0x7C, 0x7C, 0x7C, 0x7C, 0x7C, 0x7C, 0x7C, 0x7C, 0x7C, 0x7C, 0x7C, 0x5C, 0x7C, 0x7C, 0x14, 0x52, 0x0E, 0x18, 0x1D, 0x08, 0x1D, 0x7C, 0x7C,
		0x68, 0x68, 0x7C, 0x7C, 0x7C, 0x1C, 0x7C, 0x7C, 0x7C, 0x6A, 0x7C, 0x7C, 0x7C, 0x2C, 0x7C, 0x7C, 0x7C, 0x7C, 0x7C, 0x7C, 0x7C, 0x7C, 0x7C, 0x7C, 0x7C, 0x7C, 0x7C, 0x7C, 0x3C, 0x7C, 0x7C, 0x34,
		0x52, 0x18, 0x1D, 0x08, 0x1D, 0x7C, 0x7C, 0x7C, 0x94, 0x5C, 0x7C, 0x7C, 0x7C, 0xFC, 0x7C, 0x7C, 0x7C, 0x7E, 0x7C, 0x7C, 0x7C, 0x1A, 0x7C, 0x7C, 0x7C, 0x7C, 0x7C, 0x7C, 0x7C, 0x7C, 0x7C, 0x7C,
		0x7C, 0x7C, 0x7C, 0x7C, 0x3C, 0x7C, 0x7C, 0xB4, 0x52, 0x0C, 0x18, 0x1D, 0x08, 0x1D, 0x7C, 0x7C, 0xCC, 0x78, 0x7C, 0x7C, 0x7C, 0xCC, 0x7C, 0x7C, 0x7C, 0x7A, 0x7C, 0x7C, 0x7C, 0x14, 0x7C, 0x7C,
		0x7C, 0x7C, 0x7C, 0x7C, 0x7C, 0x7C, 0x7C, 0x7C, 0x7C, 0x7C, 0x7C, 0x7C, 0x3C, 0x7C, 0x7C, 0x34, 0x35, 0x32, 0x35, 0x28, 0x7C, 0x7C, 0x7C, 0x7C, 0xE6, 0x74, 0x7C, 0x7C, 0x7C, 0xBC, 0x7C, 0x7C,
		0x7C, 0x76, 0x7C, 0x7C, 0x7C, 0x12, 0x7C, 0x7C, 0x7C, 0x7C, 0x7C, 0x7C, 0x7C, 0x7C, 0x7C, 0x7C, 0x7C, 0x7C, 0x7C, 0x7C, 0x5C, 0x7C, 0x7C, 0x9E, 0x52, 0x0E, 0x19, 0x10, 0x13, 0x1F, 0x7C, 0x7C,
		0x70, 0x7C, 0x7C, 0x7C, 0x7C, 0xAC, 0x7C, 0x7C, 0x7C, 0x7E, 0x7C, 0x7C, 0x7C, 0x04, 0x7C, 0x7C, 0x7C, 0x7C, 0x7C, 0x7C, 0x7C, 0x7C, 0x7C, 0x7C, 0x7C, 0x7C, 0x7C, 0x7C, 0x3C, 0x7C, 0x7C, 0x3E,
		0x7C, 0x7C, 0x7C, 0x7C, 0x7C, 0x7C, 0x7C, 0x7C, 0x7C, 0x7C, 0x7C, 0x7C, 0x7C, 0x7C, 0x7C, 0x7C, 0x7C, 0x7C, 0x7C, 0x7C, 0x7C, 0x7C, 0x7C, 0x7C, 0x7C, 0x7C, 0x7C, 0x7C, 0x7C, 0x7C, 0x7C, 0x7C,
		0x7C, 0x7C, 0x7C, 0x7C, 0x7C, 0x7C, 0x7C, 0x7C, 0x7C, 0x7C, 0x7C, 0x7C, 0x7C, 0x7C, 0x7C, 0x7C, 0x7C, 0x7C, 0x7C, 0x7C, 0x7C, 0x7C, 0x7C, 0x7C, 0x7C, 0x7C, 0x7C, 0x7C, 0x7C, 0x7C, 0x7C, 0x7C,
		0x7C, 0x7C, 0x7C, 0x7C, 0x7C, 0x7C, 0x7C, 0x7C, 0x7C, 0x7C, 0x7C, 0x7C, 0x7C, 0x7C, 0x7C, 0x7C, 0x7C, 0x7C, 0x7C, 0x7C, 0x7C, 0x7C, 0x7C, 0x7C, 0x7C, 0x7C, 0x7C, 0x7C, 0x7C, 0x7C, 0x7C, 0x7C,
		0x7C, 0x7C, 0x7C, 0x7C, 0x7C, 0x7C, 0x7C, 0x7C, 0x7C, 0x7C, 0x7C, 0x7C, 0x7C, 0x7C, 0x7C, 0x7C, 0x7C, 0x7C, 0x7C, 0x7C, 0x7C, 0x7C, 0x7C, 0x7C, 0x7C, 0x7C, 0x7C, 0x7C, 0x7C, 0x7C, 0x7C, 0x7C,
		0x7C, 0x7C, 0x7C, 0x7C, 0x7C, 0x7C, 0x7C, 0x7C, 0x7C, 0x7C, 0x7C, 0x7C, 0x7C, 0x7C, 0x7C, 0x7C, 0x7C, 0x7C, 0x7C, 0x7C, 0x7C, 0x7C, 0x7C, 0x7C, 0x7C, 0x7C, 0x7C, 0x7C, 0x7C, 0x7C, 0x7C, 0x7C,
		0x7C, 0x7C, 0x7C, 0x7C, 0x7C, 0x7C, 0x7C, 0x7C, 0x7C, 0x7C, 0x7C, 0x7C, 0x7C, 0x7C, 0x7C, 0x7C, 0x7C, 0x7C, 0x7C, 0x7C, 0x7C, 0x7C, 0x7C, 0x7C, 0x7C, 0x7C, 0x7C, 0x7C, 0x7C, 0x7C, 0x7C, 0x7C,
		0x7C, 0x7C, 0x7C, 0x7C, 0x7C, 0x7C, 0x7C, 0x7C, 0x7C, 0x7C, 0x7C, 0x7C, 0x7C, 0x7C, 0x7C, 0x7C, 0x7C, 0x7C, 0x7C, 0x7C, 0x7C, 0x7C, 0x7C, 0x7C, 0x7C, 0x7C, 0x7C, 0x7C, 0x7C, 0x7C, 0x7C, 0x7C,
		0x7C, 0x7C, 0x7C, 0x7C, 0x7C, 0x7C, 0x7C, 0x7C, 0x7C, 0x7C, 0x7C, 0x7C, 0x7C, 0x7C, 0x7C, 0x7C, 0x7C, 0x7C, 0x7C, 0x7C, 0x7C, 0x7C, 0x7C, 0x7C, 0x7C, 0x7C, 0x7C, 0x7C, 0x7C, 0x7C, 0x7C, 0x7C,
		0x7C, 0x7C, 0x7C, 0x7C, 0x7C, 0x7C, 0x7C, 0x7C, 0x7C, 0x7C, 0x7C, 0x7C, 0x7C, 0x7C, 0x7C, 0x7C, 0x7C, 0x7C, 0x7C, 0x7C, 0x7C, 0x7C, 0x7C, 0x7C, 0x7C, 0x7C, 0x7C, 0x7C, 0x7C, 0x7C, 0x7C, 0x7C,
		0x7C, 0x7C, 0x7C, 0x7C, 0x7C, 0x7C, 0x7C, 0x7C, 0x7C, 0x7C, 0x7C, 0x7C, 0x7C, 0x7C, 0x7C, 0x7C, 0x7C, 0x7C, 0x7C, 0x7C, 0x7C, 0x7C, 0x7C, 0x7C, 0x7C, 0x7C, 0x7C, 0x7C, 0x7C, 0x7C, 0x7C, 0x7C,
		0x3C, 0x2F, 0x34, 0xFF, 0x90, 0x5C, 0xF7, 0x3E, 0x04, 0x34, 0xF7, 0xA6, 0xF9, 0xBC, 0x73, 0xF9, 0xEC, 0x7C, 0x7C, 0x7C, 0xF7, 0x2E, 0x78, 0x38, 0xF7, 0x3F, 0x74, 0x4F, 0xB5, 0x34, 0xF5, 0x00,
		0x58, 0x3C, 0x83, 0x69, 0x7C, 0x2E, 0x7C, 0x7C, 0x34, 0xF7, 0x84, 0x34, 0xF9, 0xBC, 0x09, 0x70, 0xB0, 0x34, 0xF7, 0x00, 0x58, 0x3C, 0x34, 0xFF, 0xB8, 0x5C, 0x27, 0xBF, 0x34, 0xF1, 0x37, 0x6C,
		0x34, 0xF7, 0xAC, 0x34, 0xF5, 0x08, 0x58, 0x44, 0x83, 0x69, 0x3E, 0x2C, 0x7C, 0x7C, 0x8C, 0xFF, 0x3F, 0x4C, 0x7D, 0xF7, 0x77, 0xF7, 0x3F, 0x78, 0x34, 0xF1, 0x0B, 0x6C, 0x34, 0x7F, 0xB2, 0x34,
		0x7F, 0xBB, 0x34, 0x47, 0xB4, 0x0B, 0x4F, 0x34, 0xF5, 0x10, 0x58, 0x4C, 0x73, 0x63, 0x3C, 0x7C, 0x34, 0xF1, 0x37, 0x5C, 0x34, 0xF7, 0xAA, 0x83, 0x69, 0x6F, 0x2C, 0x7C, 0x7C, 0x8C, 0xFF, 0x3F,
		0x48, 0x7D, 0xF7, 0x7F, 0xF7, 0x37, 0x78, 0x34, 0x7F, 0x8C, 0x34, 0x7F, 0xB3, 0x34, 0x7F, 0xBA, 0x34, 0x47, 0xBD, 0x0A, 0xA7, 0x34, 0xF7, 0x10, 0x58, 0x4C, 0x34, 0xF7, 0x08, 0x58, 0x44, 0x34,
		0xF7, 0x00, 0x58, 0x3C, 0x34, 0xFF, 0xB8, 0x5C, 0x27, 0xBF, 0xB0, 0xB0, 0xB0, 0xB0, 0xB0, 0xB0, 0x3C, 0x2F, 0x34, 0xFF, 0x90, 0x5C, 0xF7, 0xFD, 0x64, 0x7D, 0x7C, 0x7C, 0x34, 0xF7, 0xA5, 0xF9,
		0xBC, 0x08, 0x74, 0x4F, 0xBC, 0x34, 0xFF, 0xB8, 0x5C, 0x27, 0xBF, 0x34, 0xFD, 0xBD, 0xBC, 0x7C, 0x7C, 0x7C, 0x34, 0xF5, 0x00, 0x58, 0x4C, 0x83, 0x69, 0xB7, 0x33, 0x7C, 0x7C, 0x34, 0xF7, 0x84,
		0x34, 0xF9, 0xBC, 0x09, 0x70, 0xB0, 0x34, 0xF7, 0x00, 0x58, 0x4C, 0x34, 0xFF, 0xB8, 0x5C, 0x27, 0xBF, 0xFF, 0xB5, 0x83, 0x8C, 0x73, 0xBD, 0xF7, 0xA8, 0x7C, 0x7C, 0x7C, 0x83, 0xB5, 0x47, 0xF7,
		0xD0, 0x7C, 0x7C, 0x7C, 0x01, 0x60, 0xF7, 0xF7, 0x64, 0x7D, 0x7C, 0x7C, 0xF9, 0xB5, 0x09, 0x6E, 0x34, 0xF1, 0xF7, 0xA4, 0x7C, 0x7C, 0x7C, 0x39, 0x4F, 0xBC, 0x4F, 0xAE, 0x83, 0x69, 0xCA, 0x33,
		0x7C, 0x7C, 0x34, 0xF7, 0xBB, 0x34, 0xF7, 0x00, 0x58, 0x4C, 0x34, 0xFF, 0xB8, 0x5C, 0x27, 0xBF, 0x34, 0xF1, 0x36, 0x34, 0x39, 0x4F, 0xBC, 0x4F, 0xAE, 0x34, 0x83, 0x59, 0xAC, 0x2C, 0x7C, 0x7C,
		0x34, 0xF5, 0x20, 0x58, 0x6C, 0x34, 0xF5, 0x10, 0x58, 0x64, 0x34, 0xF5, 0x00, 0x58, 0x5C, 0x3D, 0x28, 0x34, 0xFF, 0x90, 0x5C, 0x34, 0xF1, 0x3D, 0x4C, 0x4F, 0x83, 0x34, 0xF7, 0xA5, 0x34, 0xF5,
		0x3C, 0x74, 0x34, 0xF5, 0x7C, 0x34, 0xF1, 0x3D, 0x5C, 0x34, 0xF5, 0x3C, 0x74, 0x34, 0xF5, 0x7C, 0x34, 0xF5, 0x05, 0x3C, 0xF1, 0x2B, 0x7D, 0x34, 0xFF, 0xBD, 0x34, 0x39, 0x4F, 0xBC, 0x83, 0x69,
		0xF8, 0x2C, 0x7C, 0x7C, 0x34, 0xF1, 0x37, 0x1C, 0x34, 0xF1, 0x69, 0xDD, 0x83, 0x83, 0x83, 0x30, 0xF7, 0xBF, 0x83, 0x69, 0x7C, 0x33, 0x7C, 0x7C, 0x34, 0xF1, 0xF7, 0xDC, 0x7C, 0x7C, 0x7C, 0x4F,
		0xAE, 0x3D, 0xC4, 0xFC, 0x7C, 0x7C, 0x7C, 0x94, 0xF8, 0x34, 0x7C, 0x7C, 0xBB, 0xFF, 0xD8, 0x7C, 0x7C, 0x7C, 0x7C, 0xFC, 0x7E, 0x7C, 0xBB, 0xFF, 0xD4, 0x7C, 0x7C, 0x7C, 0x1B, 0x13, 0x30, 0x17,
		0xF5, 0xC7, 0xA8, 0x7C, 0x7C, 0x7C, 0x34, 0xF1, 0xF7, 0xCC, 0x7C, 0x7C, 0x7C, 0xBB, 0xFF, 0xD0, 0x7C, 0x7C, 0x7C, 0xB4, 0x7C, 0x7C, 0x7C, 0xBB, 0xFF, 0xDC, 0x7C, 0x7C, 0x7C, 0x6C, 0x7E, 0x7C,
		0x7C, 0x83, 0x69, 0xDD, 0x32, 0x7C, 0x7C, 0x34, 0xF1, 0xF7, 0xBC, 0x7C, 0x7C, 0x7C, 0x83, 0x69, 0xE8, 0x32, 0x7C, 0x7C, 0x34, 0xF1, 0xF7, 0xA4, 0x7C, 0x7C, 0x7C, 0x30, 0xF1, 0xFF, 0xDC, 0x7C,
		0x7C, 0x7C, 0x34, 0xF1, 0x69, 0x8B, 0x81, 0x83, 0x83, 0x83, 0x69, 0xF5, 0x32, 0x7C, 0x7C, 0x38, 0xF7, 0xE7, 0xA8, 0x7C, 0x7C, 0x7C, 0x38, 0x47, 0xE7, 0xD0, 0x7C, 0x7C, 0x7C, 0x73, 0xF1, 0xC0,
		0x7C, 0x7C, 0x7C, 0x34, 0xF5, 0x08, 0x58, 0x4C, 0x73, 0x63, 0xF8, 0x7C, 0x7C, 0x7C, 0x7C, 0x7C, 0xF7, 0xEF, 0xD8, 0x7C, 0x7C, 0x7C, 0x38, 0xF7, 0xFF, 0xD4, 0x7C, 0x7C, 0x7C, 0x4F, 0xB5, 0x83,
		0x69, 0x9F, 0x33, 0x7C, 0x7C, 0x34, 0xF7, 0x8C, 0x34, 0xF9, 0xBC, 0x09, 0x7F, 0xB0, 0x97, 0x04, 0x34, 0xF1, 0xF7, 0xCC, 0x7C, 0x7C, 0x7C, 0x34, 0xF7, 0xAC, 0x83, 0x69, 0x4C, 0x32, 0x7C, 0x7C,
		0x8C, 0xFF, 0xFF, 0xAC, 0x7C, 0x7C, 0x7C, 0x7D, 0xF7, 0xF7, 0xD8, 0x7C, 0x7C, 0x7C, 0xF7, 0xFF, 0xDC, 0x7C, 0x7C, 0x7C, 0x34, 0xF1, 0x02, 0x6C, 0x34, 0x7F, 0xB2, 0x34, 0x7F, 0xBB, 0x34, 0x47,
		0xBD, 0x0B, 0x39, 0x1A, 0x1A, 0x1A, 0x1A, 0x1A, 0x73, 0x63, 0xF8, 0x7C, 0x7C, 0x7C, 0x7C, 0x7C, 0x34, 0xF1, 0xF7, 0xBC, 0x7C, 0x7C, 0x7C, 0x34, 0xF7, 0xAB, 0x83, 0x69, 0x8C, 0x31, 0x7C, 0x7C,
		0x8C, 0xFF, 0xFF, 0xA8, 0x7C, 0x7C, 0x7C, 0x7D, 0xF7, 0xFF, 0xDC, 0x7C, 0x7C, 0x7C, 0xF7, 0xF7, 0xD8, 0x7C, 0x7C, 0x7C, 0x34, 0x7F, 0x84, 0xF7, 0xFF, 0xDC, 0x7C, 0x7C, 0x7C, 0x34, 0x7F, 0xB2,
		0x34, 0x7F, 0xBB, 0x34, 0x47, 0xBD, 0x0A, 0xB4, 0xF7, 0xFF, 0xA8, 0x7C, 0x7C, 0x7C, 0x47, 0xFF, 0xD0, 0x7C, 0x7C, 0x7C, 0x73, 0xF0, 0x2A, 0x83, 0x83, 0x83, 0x34, 0xF7, 0x08, 0x58, 0x4C, 0x34,
		0xF7, 0x20, 0x58, 0x44, 0x34, 0xF7, 0x10, 0x58, 0x3C, 0x34, 0xF7, 0x00, 0x58, 0x34, 0x34, 0xFF, 0xB8, 0x5C, 0x3D, 0x20, 0xBF, 0xB0, 0xB0, 0xB0, 0xB0, 0xB0, 0xB0, 0xB0, 0xB0, 0xB0, 0xB0, 0xB0,
		0x3C, 0x2F, 0x34, 0xFF, 0x90, 0x4C, 0x34, 0xF7, 0xA5, 0x39, 0x4F, 0xBC, 0x4F, 0xAE, 0x34, 0xFF, 0xBD, 0x34, 0x83, 0x69, 0x84, 0x32, 0x7C, 0x7C, 0x34, 0xF7, 0x37, 0x74, 0x34, 0xF9, 0xB5, 0x08,
		0x61, 0x39, 0x4F, 0xBC, 0x4F, 0xAE, 0x83, 0x69, 0xF8, 0x31, 0x7C, 0x7C, 0x34, 0xF7, 0x37, 0x74, 0x83, 0x69, 0x5E, 0x31, 0x7C, 0x7C, 0x34, 0xBB, 0x3F, 0x74, 0x7C, 0x7C, 0x7C, 0x7C, 0x34, 0xF7,
		0x37, 0x6C, 0x34, 0xF9, 0xB5, 0x08, 0x55, 0x39, 0x4F, 0xB5, 0x39, 0x4F, 0xBC, 0x4F, 0xAE, 0x34, 0xBB, 0x38, 0x58, 0x5C, 0x7C, 0x7C, 0x7C, 0x7C, 0x83, 0x69, 0x76, 0x31, 0x7C, 0x7C, 0x34, 0xF7,
		0x37, 0x6C, 0x83, 0x69, 0x74, 0x31, 0x7C, 0x7C, 0x34, 0xBB, 0x3F, 0x6C, 0x7C, 0x7C, 0x7C, 0x7C, 0x34, 0xFF, 0xB8, 0x4C, 0x27, 0xBF, 0xB0, 0xB0, 0xB0, 0xB0, 0xB0, 0xB0, 0xB0, 0xB0, 0xB0, 0xB0,
		0x30, 0xF7, 0xA0, 0x35, 0xF5, 0x27, 0x6C, 0x35, 0xF5, 0x17, 0x64, 0x2B, 0x34, 0xFF, 0x90, 0x0C, 0x4F, 0x91, 0xBB, 0x38, 0x58, 0x3C, 0x4C, 0x7C, 0x7C, 0x7C, 0x35, 0xF5, 0x37, 0xC4, 0x34, 0xF1,
		0x79, 0x97, 0x79, 0x7C, 0x7C, 0x34, 0xF7, 0x85, 0x35, 0xF5, 0x17, 0xAC, 0xBB, 0x38, 0x58, 0x24, 0x7C, 0x7E, 0x7C, 0x7C, 0x35, 0xF5, 0x3F, 0xCC, 0x31, 0xF1, 0x3F, 0xB4, 0x39, 0x4F, 0xB5, 0xC6,
		0x83, 0x83, 0x63, 0x7C, 0x34, 0xFF, 0xBD, 0x74, 0x35, 0xF5, 0x17, 0xD4, 0x35, 0xF5, 0x17, 0xA4, 0x35, 0xF5, 0x17, 0x94, 0x35, 0xF5, 0x17, 0x8C, 0x83, 0x69, 0x9E, 0x30, 0x7C, 0x7C, 0xF9, 0xBC,
		0x04, 0x20, 0x30, 0xF7, 0x79, 0x83, 0x30, 0x7C, 0x7C, 0x34, 0xF7, 0x33, 0x74, 0x34, 0xF1, 0x3B, 0x6C, 0x31, 0xF7, 0x7C, 0x39, 0x4F, 0xB5, 0xC6, 0x83, 0x83, 0x63, 0x7C, 0x34, 0xF5, 0x10, 0x58,
		0x54, 0x34, 0xF5, 0xC8, 0x58, 0xFC, 0x7C, 0x7C, 0x7C, 0x34, 0xF5, 0x38, 0x58, 0x5C, 0x83, 0x69, 0x30, 0x30, 0x7C, 0x7C, 0xF7, 0x8C, 0xF9, 0xBC, 0x05, 0x70, 0x34, 0xF7, 0xB3, 0x94, 0xA2, 0x82,
		0x83, 0x83, 0xF7, 0xBA, 0x97, 0x6C, 0x34, 0xF7, 0x33, 0x74, 0x83, 0x69, 0x54, 0x30, 0x7C, 0x7C, 0x34, 0xF5, 0x13, 0x74, 0x4F, 0xBC, 0x34, 0xF7, 0xC8, 0x58, 0xFC, 0x7C, 0x7C, 0x7C, 0x30, 0xF1,
		0x20, 0x58, 0x0C, 0x35, 0xF7, 0x27, 0x64, 0x35, 0xF7, 0x17, 0x5C, 0x35, 0xF7, 0x9F, 0x23, 0xBF, 0x34, 0xF5, 0x20, 0x58, 0x74, 0x34, 0xF5, 0x08, 0x58, 0x6C, 0x2B, 0x34, 0xFF, 0x90, 0x4C, 0x34,
		0xF7, 0x61, 0x86, 0x17, 0x7C, 0x7C, 0xBA, 0x7F, 0x7D, 0x83, 0x69, 0x35, 0x30, 0x7C, 0x7C, 0x34, 0xF1, 0x37, 0x34, 0x39, 0x4F, 0xBC, 0x4F, 0xAE, 0x83, 0x69, 0xEE, 0x31, 0x7C, 0x7C, 0x34, 0xF7,
		0x37, 0x74, 0x4F, 0x8A, 0x34, 0xF9, 0xB5, 0x08, 0x65, 0x39, 0x4F, 0xBC, 0x4F, 0xAE, 0x83, 0x69, 0x60, 0x30, 0x7C, 0x7C, 0x34, 0xF7, 0x37, 0x74, 0x83, 0x69, 0xC6, 0x37, 0x7C, 0x7C, 0x34, 0xF5,
		0x0F, 0x74, 0x34, 0xF7, 0x37, 0x6C, 0x34, 0xF9, 0xB5, 0x08, 0x5D, 0x39, 0x4F, 0xB5, 0x39, 0x4F, 0xBC, 0x4F, 0xAE, 0x34, 0xF5, 0x08, 0x58, 0x5C, 0x83, 0x69, 0xD6, 0x37, 0x7C, 0x7C, 0x34, 0xF7,
		0x37, 0x6C, 0x83, 0x69, 0xD4, 0x37, 0x7C, 0x7C, 0x34, 0xF5, 0x0F, 0x6C, 0xBB, 0xFF, 0x64, 0x7D, 0x7C, 0x7C, 0x7D, 0x7C, 0x7C, 0x7C, 0x83, 0x69, 0xA0, 0x37, 0x7C, 0x7C, 0x34, 0xF1, 0xF7, 0xCC,
		0x7C, 0x7C, 0x7C, 0x83, 0x69, 0xC3, 0x37, 0x7C, 0x7C, 0x34, 0xF9, 0xBC, 0x08, 0x5F, 0x1A, 0xEC, 0xF7, 0xEF, 0xD4, 0x7C, 0x7C, 0x7C, 0x34, 0xF7, 0xB4, 0x83, 0x69, 0x5D, 0x31, 0x7C, 0x7C, 0x34,
		0xF1, 0xF7, 0xCC, 0x7C, 0x7C, 0x7C, 0x83, 0x69, 0xE0, 0x37, 0x7C, 0x7C, 0x34, 0xF9, 0xBC, 0x09, 0xA3, 0x34, 0xF7, 0x37, 0x64, 0x34, 0xF9, 0xB5, 0x08, 0x7A, 0x83, 0x69, 0x44, 0x37, 0x7C, 0x7C,
		0x4F, 0xAE, 0x34, 0xF7, 0xB7, 0x34, 0xF5, 0x0F, 0x64, 0x34, 0xF7, 0x20, 0x58, 0x3C, 0x34, 0xF7, 0x08, 0x58, 0x34, 0x34, 0xFF, 0xB8, 0x4C, 0x23, 0x34, 0x83, 0x59, 0x9D, 0x30, 0x7C, 0x7C, 0xB0,
		0x34, 0xF5, 0x20, 0x58, 0x74, 0x34, 0xF5, 0x08, 0x58, 0x6C, 0x2B, 0x34, 0xFD, 0x90, 0xDC, 0x7C, 0x7C, 0x7C, 0x34, 0xF7, 0x86, 0x34, 0xF7, 0xA5, 0x3D, 0xC4, 0x5C, 0x7D, 0x7C, 0x7C, 0x34, 0xF7,
		0xB3, 0x4F, 0xAE, 0x94, 0xB4, 0x38, 0x7C, 0x7C, 0x34, 0xF7, 0xB3, 0x94, 0xAC, 0x87, 0x83, 0x83, 0x4F, 0x8A, 0x30, 0xF1, 0x30, 0x58, 0x1C, 0xF5, 0x08, 0x58, 0x2C, 0x34, 0xF5, 0x08, 0x58, 0x34,
		0xBB, 0x38, 0x58, 0x3C, 0x5C, 0x7C, 0x7C, 0x7C, 0xBB, 0x38, 0x58, 0x44, 0x7F, 0x7C, 0x7C, 0x7C, 0xBB, 0x38, 0x58, 0x4C, 0x7D, 0x7C, 0x7C, 0x7C, 0x30, 0xF1, 0x38, 0x58, 0x0C, 0x34, 0xF1, 0x33,
		0x64, 0xC6, 0x78, 0x7C, 0x6C, 0x7C, 0xBB, 0x38, 0x58, 0x54, 0xFC, 0x7C, 0x7C, 0x7C, 0x34, 0xF5, 0x08, 0x58, 0x5C, 0xBB, 0x38, 0x58, 0x0C, 0x4C, 0x7C, 0x7C, 0x7C, 0x34, 0xF5, 0x08, 0x58, 0x04,
		0xBB, 0xF8, 0x58, 0xF4, 0x7C, 0x7C, 0x7C, 0x3C, 0x7E, 0x7C, 0x7C, 0x34, 0xF5, 0xE0, 0x58, 0xFC, 0x7C, 0x7C, 0x7C, 0x34, 0xF5, 0xC8, 0x58, 0xEC, 0x7C, 0x7C, 0x7C, 0x34, 0xF5, 0xC8, 0x58, 0xE4,
		0x7C, 0x7C, 0x7C, 0x83, 0x69, 0x6B, 0x30, 0x7C, 0x7C, 0x34, 0xF7, 0xB3, 0xF9, 0xBC, 0x05, 0x73, 0xC6, 0x1B, 0x13, 0x30, 0x17, 0x83, 0x69, 0x59, 0x30, 0x7C, 0x7C, 0x4F, 0xBC, 0x97, 0x4D, 0x94,
		0x00, 0x81, 0x83, 0x83, 0xF9, 0xBC, 0x05, 0x59, 0x34, 0xF7, 0x33, 0x64, 0x34, 0xF9, 0xB5, 0x08, 0x7A, 0x83, 0x69, 0x3D, 0x36, 0x7C, 0x7C, 0xC6, 0x1B, 0x13, 0x30, 0x17, 0x34, 0xF7, 0xB3, 0x34,
		0xF5, 0x0B, 0x64, 0x83, 0x69, 0x8B, 0x37, 0x7C, 0x7C, 0x4F, 0xBC, 0x97, 0x7F, 0x34, 0xF7, 0xBB, 0x30, 0xF1, 0xE0, 0x58, 0xDC, 0x7C, 0x7C, 0x7C, 0x35, 0xF7, 0x27, 0x6C, 0x35, 0xF7, 0x0F, 0x64,
		0x35, 0xF7, 0x9F, 0x23, 0xBF, 0xB0, 0xB0, 0xB0, 0xB0, 0xB0, 0xB0, 0xB0, 0xB0, 0xB0, 0xB0, 0xB0, 0x30, 0xF5, 0x38, 0x58, 0x64, 0x30, 0xF5, 0x30, 0x58, 0x5C, 0x2F, 0x2B, 0x34, 0xFF, 0x90, 0x54,
		0x34, 0x1F, 0x7E, 0x34, 0xF7, 0xA6, 0x34, 0xF7, 0x85, 0x30, 0xF1, 0x30, 0x58, 0x24, 0xF9, 0xBC, 0x04, 0x6B, 0x34, 0xF7, 0x75, 0x34, 0xF7, 0xAC, 0x94, 0x8B, 0x43, 0x7C, 0x7C, 0xF9, 0xBC, 0x04,
		0x74, 0x34, 0x1F, 0xB4, 0x34, 0x7D, 0x73, 0x55, 0x7F, 0x34, 0xFF, 0xB8, 0x54, 0x23, 0x27, 0xBF, 0x34, 0xF5, 0x30, 0x58, 0x74, 0x2F, 0x2A, 0x34, 0xFF, 0x90, 0x14, 0x34, 0xF7, 0x49, 0xC2, 0x15,
		0x7C, 0x7C, 0xF7, 0xA6, 0x73, 0xCA, 0x7A, 0xF8, 0xBC, 0x73, 0xF9, 0xB7, 0x7E, 0x7C, 0x7C, 0x34, 0xF7, 0xB2, 0x34, 0xF5, 0xC0, 0x58, 0xEC, 0x7C, 0x7C, 0x7C, 0x94, 0x8D, 0x85, 0x83, 0x83, 0x34,
		0xF7, 0x84, 0x34, 0xF9, 0xBC, 0x09, 0x6C, 0xB0, 0x34, 0xF7, 0xC0, 0x58, 0xEC, 0x7C, 0x7C, 0x7C, 0x34, 0xFF, 0xB8, 0x14, 0x22, 0x27, 0xBF, 0x30, 0xF5, 0xD8, 0x58, 0xE4, 0x7C, 0x7C, 0x7C, 0x30,
		0xF5, 0x08, 0x58, 0x1C, 0x30, 0xF1, 0x0C, 0x6C, 0x34, 0xC4, 0x68, 0x7C, 0x7C, 0x7C, 0xFC, 0x8B, 0x83, 0x83, 0x34, 0xF1, 0x28, 0x58, 0x34, 0x34, 0xF1, 0x30, 0x58, 0x34, 0x34, 0xF7, 0x7C, 0x3D,
		0xC0, 0x94, 0x7D, 0x7C, 0x7C, 0x30, 0xF5, 0x08, 0x58, 0x3C, 0x34, 0xF5, 0x38, 0x58, 0x34, 0x38, 0xF5, 0xD8, 0x58, 0xFC, 0x7C, 0x7C, 0x7C, 0x83, 0x69, 0xD7, 0x35, 0x7C, 0x7C, 0x34, 0xF1, 0x28,
		0x58, 0x2C, 0x34, 0xF1, 0x30, 0x58, 0x34, 0x83, 0x69, 0xCF, 0x35, 0x7C, 0x7C, 0x73, 0xC3, 0x30, 0x58, 0x24, 0x38, 0x73, 0xC3, 0x20, 0x58, 0x20, 0x73, 0xC3, 0x38, 0x58, 0x26, 0x38, 0x73, 0xC3,
		0x30, 0x58, 0x2A, 0x38, 0xF5, 0x20, 0x58, 0x4C, 0xF5, 0x38, 0x58, 0x54, 0xF5, 0x30, 0x58, 0x5C, 0x30, 0xF1, 0x79, 0x75, 0x37, 0x7C, 0x7C, 0x34, 0xF1, 0x30, 0x58, 0x3C, 0x34, 0xF1, 0xE8, 0x58,
		0xFC, 0x7C, 0x7C, 0x7C, 0x94, 0x9B, 0x82, 0x83, 0x83, 0xF9, 0xA7, 0x08, 0x07, 0xFF, 0x97, 0x7D, 0x08, 0x27, 0xFF, 0x97, 0x7D, 0x08, 0x47, 0xFF, 0x87, 0x7D, 0x08, 0x67, 0x30, 0xF1, 0x79, 0x61,
		0x37, 0x7C, 0x7C, 0x34, 0xF1, 0xE8, 0x58, 0xFC, 0x7C, 0x7C, 0x7C, 0x34, 0xF1, 0x30, 0x58, 0x3C, 0x94, 0xC7, 0x82, 0x83, 0x83, 0x97, 0x16, 0x30, 0xF1, 0x79, 0x9E, 0x36, 0x7C, 0x7C, 0x34, 0xF1,
		0xE8, 0x58, 0xFC, 0x7C, 0x7C, 0x7C, 0x34, 0xF1, 0x30, 0x58, 0x3C, 0x94, 0xDC, 0x82, 0x83, 0x83, 0x97, 0x33, 0x30, 0xF1, 0x79, 0xAB, 0x36, 0x7C, 0x7C, 0x34, 0xF1, 0xE8, 0x58, 0xFC, 0x7C, 0x7C,
		0x7C, 0x34, 0xF1, 0x30, 0x58, 0x3C, 0x94, 0xF9, 0x82, 0x83, 0x83, 0x97, 0x48, 0x30, 0xF1, 0x79, 0xD8, 0x36, 0x7C, 0x7C, 0x34, 0xF1, 0xE8, 0x58, 0xFC, 0x7C, 0x7C, 0x7C, 0x34, 0xF1, 0x30, 0x58,
		0x3C, 0x94, 0x16, 0x82, 0x83, 0x83, 0x97, 0x65, 0x30, 0xF1, 0x79, 0xE5, 0x36, 0x7C, 0x7C, 0x34, 0xF1, 0xE8, 0x58, 0xFC, 0x7C, 0x7C, 0x7C, 0x34, 0xF1, 0x30, 0x58, 0x3C, 0x94, 0x33, 0x82, 0x83,
		0x83, 0x34, 0xF5, 0xD0, 0x58, 0xF4, 0x7C, 0x7C, 0x7C, 0x83, 0x69, 0x9D, 0x34, 0x7C, 0x7C, 0x30, 0xF1, 0x79, 0xE6, 0x36, 0x7C, 0x7C, 0x34, 0xF1, 0xE8, 0x58, 0xFC, 0x7C, 0x7C, 0x7C, 0x34, 0xF1,
		0x30, 0x58, 0x3C, 0x30, 0xF7, 0xB4, 0x94, 0x59, 0x82, 0x83, 0x83, 0x39, 0x73, 0x5C, 0xBF, 0x30, 0xF1, 0x79, 0x06, 0x36, 0x7C, 0x7C, 0x34, 0xF1, 0xE8, 0x58, 0xFC, 0x7C, 0x7C, 0x7C, 0x34, 0xF1,
		0x30, 0x58, 0x3C, 0x39, 0x73, 0xCA, 0xB7, 0x94, 0x78, 0x82, 0x83, 0x83, 0x34, 0x1F, 0xE0, 0x58, 0xFC, 0x7C, 0x7C, 0x7C, 0xF9, 0xA7, 0x04, 0x44, 0x34, 0xF7, 0x10, 0x58, 0x3C, 0x30, 0xF7, 0xF0,
		0x58, 0xCC, 0x7C, 0x7C, 0x7C, 0x30, 0xF7, 0xF8, 0x58, 0xD4, 0x7C, 0x7C, 0x7C, 0x34, 0xF7, 0xB1, 0x34, 0xF7, 0xAF, 0x94, 0x80, 0x41, 0x7C, 0x7C, 0xF9, 0xBC, 0x04, 0x2C, 0x34, 0x1F, 0xB4, 0x34,
		0x7F, 0x95, 0x57, 0xA4, 0xF5, 0xE0, 0x58, 0xFC, 0x7C, 0x7C, 0x7C, 0x34, 0xF5, 0x10, 0x58, 0x3C, 0x30, 0xF1, 0x79, 0x35, 0x36, 0x7C, 0x7C, 0x34, 0xF1, 0xE8, 0x58, 0xFC, 0x7C, 0x7C, 0x7C, 0x34,
		0xF1, 0x30, 0x58, 0x3C, 0x94, 0xDB, 0x81, 0x83, 0x83, 0xF7, 0xF8, 0x58, 0xFC, 0x7C, 0x7C, 0x7C, 0x34, 0xF7, 0xD0, 0x58, 0xF4, 0x7C, 0x7C, 0x7C, 0xF9, 0xBC, 0x03, 0x4F, 0x38, 0xF5, 0xDB, 0x84,
		0x7D, 0x7C, 0x7C, 0xBA, 0xFB, 0x8B, 0x7D, 0x7C, 0x7C, 0x76, 0x97, 0x51, 0x30, 0xF7, 0xF0, 0x58, 0xD4, 0x7C, 0x7C, 0x7C, 0x30, 0xF1, 0x79, 0x99, 0x35, 0x7C, 0x7C, 0x34, 0xF1, 0xE8, 0x58, 0xFC,
		0x7C, 0x7C, 0x7C, 0x34, 0xF1, 0x30, 0x58, 0x3C, 0x94, 0x1F, 0x81, 0x83, 0x83, 0x97, 0xC6, 0x38, 0x57, 0x9C, 0x38, 0xF5, 0xDB, 0x84, 0x7D, 0x7C, 0x7C, 0x35, 0xF7, 0xB2, 0x94, 0x11, 0x41, 0x7C,
		0x7C, 0x34, 0xF1, 0x32, 0x3C, 0x83, 0x69, 0x91, 0x3B, 0x7C, 0x7C, 0x34, 0xF7, 0x2A, 0x54, 0x30, 0xF1, 0x3A, 0x5C, 0x34, 0xF5, 0x2B, 0x74, 0x30, 0xF5, 0x7B, 0x34, 0xF5, 0x46, 0x34, 0xF1, 0x32,
		0x3C, 0x73, 0xCA, 0xAC, 0x35, 0xF5, 0x04, 0x74, 0x83, 0x69, 0x0E, 0x3B, 0x7C, 0x7C, 0x39, 0x73, 0x5C, 0xBF, 0x30, 0xF7, 0x08, 0x58, 0x1C, 0x30, 0xF7, 0xD8, 0x58, 0xE4, 0x7C, 0x7C, 0x7C, 0x3D,
		0xFC, 0x87, 0x7E, 0x0A, 0x62, 0x34, 0xF1, 0x32, 0x1C, 0x39, 0x4F, 0xBC, 0x4F, 0xAE, 0x83, 0x69, 0xF8, 0x3B, 0x7C, 0x7C, 0x34, 0xF7, 0xC0, 0x58, 0xEC, 0x7C, 0x7C, 0x7C, 0x34, 0xFF, 0xB8, 0x14,
		0x22, 0x27, 0xBF, 0x34, 0xF1, 0x32, 0x34, 0x39, 0x4F, 0xBC, 0x4F, 0xAE, 0x83, 0x69, 0xE2, 0x34, 0x7C, 0x7C, 0x34, 0xF7, 0xC0, 0x58, 0xEC, 0x7C, 0x7C, 0x7C, 0x34, 0xFF, 0xB8, 0x14, 0x22, 0x27,
		0xBF, 0xB0, 0xB0, 0xB0, 0xB0, 0xB0, 0xB0, 0xB0, 0xB0, 0xB0, 0xB0, 0xB0, 0xB0, 0xB0, 0xB0, 0xB0, 0x30, 0xF7, 0xA0, 0x2A, 0x34, 0xFD, 0x90, 0xFC, 0x7C, 0x7C, 0x7C, 0x73, 0xCA, 0x7D, 0x34, 0xF7,
		0x8D, 0x35, 0xBB, 0x3F, 0x74, 0xBC, 0x8E, 0x80, 0x83, 0xF8, 0xBC, 0x73, 0xF9, 0x25, 0x7D, 0x7C, 0x7C, 0x35, 0xF5, 0x27, 0x6C, 0x35, 0xF5, 0x17, 0x64, 0x35, 0xF5, 0x07, 0x5C, 0x31, 0xF5, 0x1F,
		0x8C, 0x31, 0xF5, 0x17, 0x94, 0x34, 0xF1, 0x25, 0x5C, 0x39, 0x4F, 0x91, 0x73, 0x63, 0x3C, 0x7C, 0x34, 0xF1, 0xF8, 0x58, 0xEC, 0x7C, 0x7C, 0x7C, 0x34, 0xF1, 0x32, 0x34, 0x39, 0x4F, 0xB5, 0x39,
		0x4F, 0xBC, 0x4F, 0xAE, 0x34, 0xF5, 0x38, 0x58, 0x5C, 0x83, 0x69, 0x05, 0x3A, 0x7C, 0x7C, 0x30, 0xF1, 0x20, 0x58, 0x2C, 0x34, 0xF1, 0x38, 0x58, 0x2C, 0x34, 0xF1, 0x32, 0x3C, 0x30, 0xF5, 0x20,
		0x58, 0x24, 0x34, 0xF5, 0x38, 0x58, 0x2C, 0x83, 0x69, 0x97, 0x3A, 0x7C, 0x7C, 0x34, 0x45, 0x67, 0x08, 0x57, 0x34, 0xF7, 0x6F, 0x30, 0xF1, 0x38, 0x58, 0x2C, 0x34, 0xF7, 0x76, 0x34, 0xF5, 0x77,
		0x34, 0xF5, 0x25, 0x74, 0x34, 0xF7, 0x30, 0x58, 0x24, 0x30, 0xF5, 0x7E, 0x34, 0xF5, 0x36, 0x74, 0x34, 0xF5, 0x6D, 0x34, 0xF5, 0x28, 0x58, 0x24, 0x34, 0x45, 0x67, 0x09, 0xA9, 0x34, 0xF1, 0x32,
		0x3C, 0x73, 0xCA, 0xAC, 0x83, 0x69, 0x2A, 0x3A, 0x7C, 0x7C, 0x34, 0xF7, 0x00, 0x58, 0x2C, 0x30, 0xF1, 0x20, 0x58, 0x2C, 0x35, 0x47, 0x87, 0x73, 0xF8, 0xFC, 0x7C, 0x7C, 0x7C, 0x73, 0x63, 0x7C,
		0x34, 0xF7, 0x7B, 0x30, 0xF5, 0x10, 0x58, 0x3C, 0x30, 0xF5, 0x10, 0x58, 0x44, 0x34, 0xF5, 0x38, 0x58, 0x2C, 0x34, 0xF1, 0x30, 0x58, 0x2C, 0x39, 0x4F, 0xB5, 0x34, 0xF5, 0x34, 0x74, 0xF7, 0xFB,
		0x84, 0x7D, 0x7C, 0x7C, 0x34, 0xF1, 0x33, 0x6C, 0xF5, 0x38, 0x58, 0x4C, 0x34, 0xF5, 0x30, 0x58, 0x54, 0x34, 0xF7, 0x32, 0x64, 0x34, 0xF1, 0x38, 0x58, 0x1C, 0x39, 0x4F, 0xBC, 0x4F, 0xAE, 0x34,
		0xF5, 0x38, 0x58, 0x5C, 0x83, 0x69, 0xB2, 0x39, 0x7C, 0x7C, 0x38, 0xF7, 0xE2, 0x64, 0x7D, 0x7C, 0x7C, 0x39, 0xF9, 0xA7, 0x09, 0x64, 0x34, 0xF1, 0xF2, 0xBC, 0x7C, 0x7C, 0x7C, 0x34, 0xF7, 0xAB,
		0x83, 0x69, 0xB6, 0x39, 0x7C, 0x7C, 0x8C, 0xFF, 0xFA, 0xA8, 0x7C, 0x7C, 0x7C, 0x7D, 0x34, 0xF7, 0x00, 0x58, 0x2C, 0x34, 0xF1, 0x38, 0x58, 0x2C, 0x34, 0x47, 0x84, 0x09, 0xFF, 0x73, 0xCA, 0x7A,
		0xF8, 0xBC, 0x73, 0xF8, 0x94, 0x82, 0x83, 0x83, 0x30, 0xF7, 0x10, 0x58, 0x0C, 0x30, 0xF7, 0x18, 0x58, 0x04, 0x34, 0xF7, 0xC0, 0x58, 0xD4, 0x7C, 0x7C, 0x7C, 0x34, 0xF7, 0xD0, 0x58, 0xDC, 0x7C,
		0x7C, 0x7C, 0x34, 0xF7, 0xE0, 0x58, 0xE4, 0x7C, 0x7C, 0x7C, 0x34, 0xFD, 0xB8, 0xFC, 0x7C, 0x7C, 0x7C, 0x22, 0xBF, 0xB0, 0xB0, 0xB0, 0xB0, 0xB0, 0xB0, 0xB0, 0xB0, 0xB0, 0xB0, 0xB0, 0xB0, 0xB0,
		0x34, 0xFF, 0x90, 0x34, 0x34, 0xF1, 0x38, 0x58, 0x04, 0x34, 0xF5, 0x38, 0x58, 0x4C, 0x34, 0xF7, 0x38, 0x58, 0x0C, 0x34, 0xF5, 0x38, 0x58, 0x54, 0x30, 0xF5, 0x30, 0x58, 0x5C, 0x39, 0xF7, 0xB4,
		0x30, 0xF7, 0xBE, 0xF7, 0xAD, 0x34, 0xF7, 0x71, 0x68, 0x19, 0x7C, 0x7C, 0x94, 0x43, 0x87, 0x83, 0x83, 0x34, 0xFF, 0xB8, 0x34, 0xBF, 0xB0, 0xB0, 0xB0, 0xB0, 0xB0, 0xB0, 0xB0, 0xB0, 0xB0, 0xB0,
		0x34, 0xF5, 0x30, 0x58, 0x74, 0x2F, 0x29, 0x2A, 0x2B, 0x3D, 0x28, 0x3D, 0x29, 0x3D, 0x2A, 0x3D, 0x2B, 0x34, 0xFF, 0x90, 0x54, 0x30, 0xF7, 0x95, 0x73, 0xCA, 0x3E, 0x7E, 0x38, 0x73, 0xCA, 0x36,
		0x7F, 0x73, 0xCA, 0x36, 0x7B, 0x38, 0x73, 0xCA, 0x2E, 0x6B, 0x73, 0xCA, 0x16, 0x63, 0xBD, 0x9D, 0x74, 0x3D, 0xBD, 0x9D, 0x74, 0x3D, 0xBD, 0x9E, 0x74, 0x38, 0x77, 0xB4, 0x73, 0xCA, 0x3E, 0x7D,
		0x3D, 0xBD, 0x9D, 0x74, 0x38, 0x77, 0xB4, 0x73, 0xCA, 0x7E, 0x3D, 0xBD, 0x9D, 0x74, 0x38, 0x77, 0xB4, 0x73, 0xCA, 0x3E, 0x7A, 0x77, 0xB4, 0x73, 0xCA, 0x3E, 0x79, 0x38, 0xF5, 0x30, 0x58, 0x6C,
		0xBD, 0x9D, 0x74, 0x77, 0xB4, 0x73, 0xCA, 0x3E, 0x78, 0xBD, 0x9D, 0x74, 0x77, 0xB4, 0x73, 0xCA, 0x3E, 0x76, 0xF5, 0xF0, 0x58, 0xFC, 0x7C, 0x7C, 0x7C, 0x73, 0xCA, 0x36, 0x77, 0xBD, 0x9D, 0x74,
		0x77, 0xB4, 0x73, 0xCA, 0x3E, 0x75, 0xBD, 0x9D, 0x74, 0x77, 0xB4, 0x73, 0xCA, 0x3E, 0x74, 0xBD, 0x9D, 0x74, 0x77, 0xB4, 0x73, 0xCA, 0x3E, 0x72, 0xF5, 0x30, 0x58, 0x74, 0x73, 0xCA, 0x36, 0x73,
		0xBD, 0x9D, 0x74, 0x77, 0xB4, 0x73, 0xCA, 0x3E, 0x71, 0xBD, 0x9D, 0x74, 0x77, 0xB4, 0x73, 0xCA, 0x3E, 0x70, 0xBD, 0x9D, 0x74, 0x77, 0xB4, 0x73, 0xCA, 0x3E, 0x6E, 0xF5, 0x30, 0x58, 0x04, 0x73,
		0xCA, 0x36, 0x6F, 0xBD, 0x9D, 0x74, 0x77, 0xB4, 0x73, 0xCA, 0x3E, 0x6D, 0xBD, 0x9D, 0x74, 0x77, 0xB4, 0x73, 0xCA, 0x3E, 0x6C, 0xBD, 0x9D, 0x74, 0x77, 0xB4, 0x73, 0xCA, 0x3E, 0x6A, 0x38, 0x77,
		0xAC, 0x73, 0xCA, 0x3E, 0x69, 0xF5, 0x70, 0x58, 0x73, 0xCA, 0x36, 0x67, 0x3D, 0xBD, 0x9E, 0x74, 0x38, 0x77, 0xAC, 0x73, 0xCA, 0x3E, 0x68, 0xBD, 0x9D, 0x74, 0x3D, 0xBD, 0x9E, 0x74, 0x38, 0x77,
		0xAC, 0x73, 0xCA, 0x3E, 0x66, 0x77, 0xB4, 0x73, 0xCA, 0x3E, 0x65, 0x38, 0xF5, 0x28, 0x58, 0x64, 0xBD, 0x9D, 0x74, 0x77, 0xB4, 0x73, 0xCA, 0x3E, 0x64, 0xBD, 0x9D, 0x74, 0x77, 0xB4, 0x73, 0xCA,
		0x3E, 0x62, 0xBD, 0x99, 0x74, 0xF5, 0xF0, 0x58, 0xF4, 0x7C, 0x7C, 0x7C, 0x38, 0x73, 0xCA, 0x26, 0x5F, 0x73, 0xCA, 0x36, 0x5B, 0x38, 0x73, 0xCA, 0x1E, 0x57, 0x73, 0xCA, 0x06, 0x4F, 0x38, 0x73,
		0xCA, 0x0E, 0x4B, 0x73, 0xCA, 0x26, 0x47, 0x77, 0x94, 0x73, 0xCA, 0x3E, 0x61, 0x73, 0xCA, 0x0E, 0x43, 0xBD, 0x9D, 0x74, 0x3D, 0xBD, 0x9F, 0x74, 0x3D, 0xBD, 0x98, 0x74, 0xBD, 0x99, 0x74, 0xBD,
		0x9B, 0x74, 0x3D, 0xBD, 0x9A, 0x74, 0x77, 0x94, 0x73, 0xCA, 0x3E, 0x60, 0xBD, 0x9F, 0x74, 0xBD, 0x99, 0x74, 0x77, 0x94, 0x73, 0xCA, 0x3E, 0x5E, 0x38, 0x77, 0xA4, 0x73, 0xCA, 0x3E, 0x5D, 0x3D,
		0xBD, 0x9F, 0x74, 0x38, 0x77, 0xA4, 0x73, 0xCA, 0x3E, 0x5C, 0x3D, 0xBD, 0x9F, 0x74, 0x38, 0x77, 0xA4, 0x73, 0xCA, 0x3E, 0x5A, 0x77, 0xB4, 0x73, 0xCA, 0x3E, 0x59, 0x38, 0xF5, 0x20, 0x58, 0x68,
		0xBD, 0x9D, 0x74, 0x77, 0xB4, 0x73, 0xCA, 0x3E, 0x58, 0xBD, 0x9D, 0x74, 0x77, 0xB4, 0x73, 0xCA, 0x3E, 0x56, 0x38, 0x77, 0x9C, 0x73, 0xCA, 0x3E, 0x55, 0xF5, 0x30, 0x58, 0x70, 0x73, 0xCA, 0x36,
		0x53, 0x3D, 0xBD, 0x98, 0x74, 0x38, 0x77, 0x9C, 0x73, 0xCA, 0x3E, 0x54, 0xBD, 0x9D, 0x74, 0x3D, 0xBD, 0x98, 0x74, 0x38, 0x77, 0x9C, 0x73, 0xCA, 0x3E, 0x52, 0x77, 0xB4, 0x73, 0xCA, 0x3E, 0x51,
		0xBD, 0x9D, 0x74, 0x77, 0xB4, 0x73, 0xCA, 0x3E, 0x50, 0xBD, 0x9D, 0x74, 0x77, 0xB4, 0x73, 0xCA, 0x3E, 0x4E, 0x77, 0x84, 0x73, 0xCA, 0x3E, 0x4D, 0xF5, 0x30, 0x58, 0x78, 0xBD, 0x9B, 0x74, 0x77,
		0x84, 0x73, 0xCA, 0x3E, 0x4C, 0xBD, 0x9B, 0x74, 0x77, 0x84, 0x73, 0xCA, 0x3E, 0x4A, 0x38, 0x77, 0x8C, 0x73, 0xCA, 0x3E, 0x49, 0x3D, 0xBD, 0x9A, 0x74, 0x38, 0x77, 0x8C, 0x73, 0xCA, 0x3E, 0x48,
		0x3D, 0xBD, 0x9A, 0x74, 0x38, 0x77, 0x8C, 0x73, 0xCA, 0x3E, 0x46, 0x77, 0xA4, 0x73, 0xCA, 0x3E, 0x45, 0xBD, 0x9F, 0x74, 0x77, 0xA4, 0x73, 0xCA, 0x3E, 0x44, 0xBD, 0x9F, 0x74, 0x77, 0xA4, 0x73,
		0xCA, 0x3E, 0x42, 0x39, 0xF7, 0x01, 0x70, 0x39, 0xF7, 0x39, 0x6C, 0xBD, 0x9A, 0x74, 0x77, 0x8C, 0x73, 0xCA, 0x3E, 0x41, 0xBD, 0x9A, 0x74, 0x77, 0x8C, 0x73, 0xCA, 0x3E, 0x40, 0x3D, 0xF7, 0x29,
		0x68, 0x39, 0xF7, 0x11, 0x74, 0xBD, 0x9A, 0x74, 0x77, 0x8C, 0xF7, 0xBE, 0x3D, 0x4F, 0xBC, 0x3D, 0x5F, 0xBB, 0x4F, 0xBE, 0x3D, 0x7F, 0xB9, 0x3E, 0xF1, 0xF0, 0x74, 0x04, 0xD8, 0x16, 0xAB, 0x38,
		0xF7, 0x30, 0x58, 0x04, 0x3D, 0xF7, 0xBC, 0x3D, 0x4F, 0xBB, 0xBD, 0xBD, 0x7B, 0x3D, 0x7F, 0xB3, 0x5F, 0xBD, 0x3D, 0x4F, 0xBC, 0x7F, 0xBE, 0xF7, 0xE8, 0x58, 0xFC, 0x7C, 0x7C, 0x7C, 0xF1, 0xE8,
		0x6C, 0x2A, 0xCB, 0xBB, 0x94, 0x3D, 0xF7, 0xBB, 0x4F, 0xBD, 0xBD, 0xBE, 0x70, 0x7F, 0xAD, 0x5F, 0xBE, 0x3D, 0x4F, 0xBB, 0x3D, 0x7F, 0xBC, 0x38, 0xF7, 0x38, 0x58, 0x74, 0x3A, 0xF1, 0xF8, 0x7C,
		0xA7, 0x0C, 0x5C, 0x58, 0xF7, 0xBE, 0x4F, 0xBD, 0x3D, 0xBD, 0xB4, 0x73, 0x38, 0x7F, 0xBE, 0x3D, 0x5F, 0xBC, 0x4F, 0xBD, 0x3D, 0x7F, 0xBB, 0x3A, 0xF1, 0xF0, 0x74, 0x92, 0xB2, 0xC1, 0xBD, 0xF7,
		0xBE, 0x3D, 0x4F, 0xBC, 0x3D, 0xBD, 0xB5, 0x76, 0x39, 0x7F, 0xB4, 0x3D, 0x5F, 0xBD, 0x4F, 0xBE, 0x7F, 0xBD, 0xF7, 0x70, 0x58, 0xF1, 0xF0, 0x74, 0xD3, 0x73, 0x00, 0x89, 0x3D, 0xF7, 0xBC, 0x3D,
		0x4F, 0xBD, 0xBD, 0xBD, 0x7B, 0x3D, 0x7F, 0xB5, 0x5F, 0xBD, 0x3D, 0x4F, 0xBC, 0x7F, 0xBE, 0x3E, 0xF1, 0xE8, 0x6C, 0x56, 0xBA, 0xFB, 0x3B, 0x3D, 0xF7, 0xBD, 0x4F, 0xBD, 0xBD, 0xBE, 0x70, 0x7F,
		0xAD, 0x5F, 0xBE, 0x3D, 0x4F, 0xBD, 0x3D, 0x7F, 0xBC, 0x38, 0xF7, 0xF8, 0x58, 0xF4, 0x7C, 0x7C, 0x7C, 0x3A, 0xF1, 0xF8, 0x7C, 0x6F, 0x3A, 0x4C, 0xD4, 0xF7, 0xBE, 0x4F, 0xBD, 0x3D, 0xBD, 0xB4,
		0x73, 0x38, 0x7F, 0xBE, 0x3D, 0x5F, 0xBC, 0x4F, 0xBD, 0x3D, 0x7F, 0xBD, 0x38, 0xF1, 0xF0, 0x54, 0x7D, 0xE9, 0x3A, 0x81, 0x3D, 0xBD, 0xB5, 0x76, 0x39, 0x7F, 0xB4, 0xF7, 0xBE, 0x3D, 0x4F, 0xBC,
		0x3D, 0x5F, 0xBD, 0x4F, 0xBE, 0x7F, 0xBD, 0x3E, 0xF1, 0xF0, 0x64, 0xA4, 0xE4, 0xFC, 0x15, 0x3D, 0xF7, 0xBC, 0x3D, 0x4F, 0xBD, 0xBD, 0xBD, 0x7B, 0x3D, 0x7F, 0xB5, 0x5F, 0xBD, 0x3D, 0x4F, 0xBC,
		0x7F, 0xBE, 0xF7, 0x28, 0x58, 0x70, 0xF1, 0xE8, 0x6C, 0xD3, 0x8B, 0x38, 0xF7, 0x3D, 0xF7, 0xBD, 0x4F, 0xBD, 0xBD, 0xBE, 0x70, 0x7F, 0xAD, 0x5F, 0xBE, 0x3D, 0x4F, 0xBD, 0x3D, 0x7F, 0xBC, 0x3A,
		0xF1, 0xF8, 0x5C, 0xCD, 0x27, 0x83, 0x83, 0xF7, 0xBE, 0x4F, 0xBD, 0x3D, 0xBD, 0xB4, 0x73, 0x38, 0x7F, 0xBE, 0x3D, 0x5F, 0xBC, 0x4F, 0xBD, 0x3D, 0x7F, 0xBD, 0x38, 0xF7, 0x30, 0x58, 0x78, 0x3A,
		0xF1, 0xF0, 0x74, 0xC2, 0xAB, 0x20, 0xF5, 0xF7, 0xBE, 0x3D, 0x4F, 0xBC, 0x3D, 0xBD, 0xB5, 0x76, 0x39, 0x7F, 0xB4, 0x3D, 0x5F, 0xBD, 0x4F, 0xBE, 0x7F, 0xBD, 0xF1, 0xF0, 0x44, 0x5E, 0x6D, 0xEC,
		0x17, 0x3D, 0xF7, 0xBC, 0x3D, 0x4F, 0xBD, 0xBD, 0xBD, 0x7B, 0x3D, 0x7F, 0xB5, 0x5F, 0xBD, 0x3D, 0x4F, 0xBC, 0x7F, 0xBE, 0x3E, 0xF1, 0xE8, 0x4C, 0xEF, 0x0D, 0xE4, 0x81, 0x3D, 0xF7, 0xBD, 0x4F,
		0xBD, 0xBD, 0xBE, 0x70, 0x7F, 0xAD, 0x5F, 0xBE, 0x3D, 0x4F, 0xBD, 0x3D, 0x7F, 0xBC, 0x38, 0xF1, 0xF8, 0x64, 0xF2, 0x3F, 0x05, 0xDA, 0xF7, 0xBE, 0x4F, 0xBD, 0x3D, 0xBD, 0xB4, 0x73, 0x38, 0x7F,
		0xBE, 0x3D, 0x5F, 0xBC, 0x4F, 0xBD, 0x3D, 0x7F, 0xBD, 0x38, 0xF1, 0xF0, 0x4C, 0x5D, 0x74, 0xC8, 0x35, 0x3D, 0xF7, 0xBC, 0x3D, 0xBD, 0xB5, 0x76, 0x39, 0x7F, 0xB4, 0x3D, 0x4F, 0xBD, 0x5F, 0xBE,
		0x3D, 0x4F, 0xBC, 0x7F, 0xBD, 0xF7, 0xF0, 0x58, 0xFC, 0x7C, 0x7C, 0x7C, 0xF1, 0xF0, 0x74, 0x1E, 0x59, 0x62, 0x8A, 0x3D, 0xF7, 0xBD, 0xBD, 0xBD, 0x79, 0x3D, 0x7F, 0xB5, 0x4F, 0xBD, 0x3D, 0x5F,
		0xBC, 0x3D, 0x4F, 0xBD, 0x7F, 0xBE, 0xF7, 0xE8, 0x58, 0xF4, 0x7C, 0x7C, 0x7C, 0xF1, 0xE8, 0x6C, 0x3C, 0xCF, 0x3C, 0xBC, 0xBD, 0xBE, 0x75, 0x7F, 0xAD, 0xF7, 0xBE, 0x4F, 0xBD, 0x3D, 0x5F, 0xBD,
		0x4F, 0xBD, 0x3D, 0x7F, 0xBC, 0x38, 0xF7, 0x38, 0x58, 0x78, 0x3A, 0xF1, 0xF8, 0x7C, 0x2D, 0x26, 0x22, 0x5A, 0xF7, 0xBE, 0x3D, 0xBD, 0xBC, 0x72, 0x38, 0x7F, 0xBE, 0x3D, 0x4F, 0xBC, 0x5F, 0xBD,
		0x4F, 0xBE, 0x3D, 0x7F, 0xBD, 0x38, 0xF7, 0x30, 0x58, 0x6C, 0x3A, 0xF1, 0xF0, 0x74, 0xD6, 0xBB, 0xCA, 0x95, 0x3D, 0xF7, 0xBC, 0x3D, 0xBD, 0xB5, 0x70, 0x39, 0x7F, 0xB4, 0x3D, 0x4F, 0xBD, 0x5F,
		0xBE, 0x3D, 0x4F, 0xBC, 0x7F, 0xBD, 0x3E, 0xF1, 0xF0, 0x6C, 0x21, 0x6C, 0x53, 0xAA, 0x3D, 0xF7, 0xBD, 0xBD, 0xBD, 0x79, 0x3D, 0x7F, 0xB5, 0x4F, 0xBD, 0x3D, 0x5F, 0xBC, 0x3D, 0x4F, 0xBD, 0x7F,
		0xBE, 0x3E, 0xF1, 0xE8, 0x5C, 0x2F, 0x68, 0x38, 0x7E, 0xBD, 0xBE, 0x75, 0x7F, 0xAD, 0xF7, 0xBE, 0x4F, 0xBD, 0x3D, 0x5F, 0xBD, 0x4F, 0xBD, 0x3D, 0x7F, 0xBC, 0x38, 0xF1, 0xF8, 0x4C, 0xFD, 0x9A,
		0xDD, 0xA4, 0xF7, 0xBE, 0x3D, 0xBD, 0xBC, 0x72, 0x38, 0x7F, 0xBE, 0x3D, 0x4F, 0xBC, 0x5F, 0xBD, 0x4F, 0xBE, 0x3D, 0x7F, 0xBD, 0x38, 0xF7, 0x70, 0x58, 0x3A, 0xF1, 0xF0, 0x74, 0xB4, 0x87, 0xAF,
		0x9B, 0x3D, 0xF7, 0xBC, 0x3D, 0xBD, 0xB5, 0x70, 0x39, 0x7F, 0xB4, 0x3D, 0x4F, 0xBD, 0x5F, 0xBE, 0x3D, 0x4F, 0xBC, 0x7F, 0xBD, 0xF7, 0x30, 0x58, 0x70, 0xF1, 0xF0, 0x74, 0x9A, 0xB1, 0x9D, 0x5D,
		0x3D, 0xF7, 0xBD, 0xBD, 0xBD, 0x79, 0x3D, 0x7F, 0xB5, 0x4F, 0xBD, 0x3D, 0x5F, 0xBC, 0x3D, 0x4F, 0xBD, 0x7F, 0xBE, 0xF1, 0xE8, 0x64, 0xAA, 0x7B, 0x4B, 0xBF, 0xBD, 0xBE, 0x75, 0x7F, 0xAD, 0xF7,
		0xBE, 0x4F, 0xBD, 0x3D, 0x5F, 0xBD, 0x4F, 0xBD, 0x3D, 0x7F, 0xBC, 0x38, 0xF7, 0x38, 0x58, 0x04, 0x3A, 0xF1, 0xE8, 0x7C, 0xFB, 0x71, 0xA9, 0x88, 0x3D, 0xBD, 0xBE, 0x72, 0x38, 0x7F, 0xAE, 0xF7,
		0xBE, 0x3D, 0x4F, 0xBE, 0x5F, 0xBD, 0x4F, 0xBE, 0x3D, 0x7F, 0xBD, 0x3A, 0xF1, 0xE0, 0x64, 0x91, 0x68, 0x26, 0x39, 0x3D, 0xF7, 0xBE, 0x3D, 0xBD, 0xB7, 0x70, 0x39, 0x7F, 0xA6, 0x3D, 0x4F, 0xBF,
		0x5F, 0xBE, 0x3D, 0x4F, 0xBE, 0x7F, 0xBD, 0xF7, 0x30, 0x58, 0x74, 0x3A, 0xF1, 0xF8, 0x4C, 0x79, 0x95, 0x9F, 0xD5, 0x3D, 0xF7, 0xBF, 0x3D, 0xBD, 0xBC, 0x79, 0x39, 0x7F, 0xBF, 0x3D, 0x4F, 0xBC,
		0x3D, 0x5F, 0xBE, 0x3D, 0x4F, 0xBF, 0x7F, 0xBE, 0x38, 0xF1, 0xF0, 0x74, 0x84, 0xDF, 0x93, 0x80, 0x3D, 0xBD, 0xBD, 0x75, 0x39, 0x7F, 0xB4, 0x3D, 0xF7, 0xBD, 0x3D, 0xF7, 0xB5, 0x3D, 0x4F, 0xBC,
		0x3D, 0x5F, 0xBF, 0x3D, 0x4F, 0xBC, 0x3D, 0x7F, 0xBE, 0x38, 0xF1, 0xE8, 0x54, 0xA5, 0x7E, 0x13, 0x1B, 0x3D, 0xBD, 0xBE, 0x72, 0x39, 0x7F, 0xAD, 0x3D, 0x4F, 0xB6, 0xF7, 0xBD, 0x3D, 0x5F, 0xBC,
		0x3D, 0x4F, 0xBD, 0x3D, 0x7F, 0xBF, 0x38, 0xF7, 0x20, 0x58, 0x64, 0xF1, 0xE8, 0x44, 0xF6, 0x30, 0x56, 0xF1, 0x3D, 0xF7, 0xBE, 0xBD, 0xB6, 0x70, 0x3D, 0x7F, 0xAE, 0x4F, 0xBE, 0x4F, 0xB6, 0x3D,
		0x7F, 0xB4, 0x3A, 0xF1, 0xF8, 0x65, 0x3E, 0x45, 0x86, 0x83, 0xF7, 0x30, 0x58, 0x68, 0x3D, 0xBD, 0xBC, 0x78, 0x38, 0x7F, 0xBE, 0x3D, 0x4F, 0xBC, 0x3D, 0x7F, 0xBD, 0x38, 0xF1, 0xF0, 0x74, 0xFD,
		0x8A, 0x0D, 0xFB, 0xF7, 0x30, 0x58, 0x78, 0x3D, 0xBD, 0xBD, 0x77, 0x39, 0x7F, 0xB4, 0x3D, 0xF7, 0xBD, 0x4F, 0xBE, 0x3D, 0x4F, 0xBC, 0x3D, 0x7F, 0xBE, 0x38, 0xF1, 0xE8, 0x74, 0x5E, 0x1D, 0xE1,
		0x11, 0x3D, 0xF7, 0xB5, 0x3D, 0xBD, 0xBE, 0x6C, 0x39, 0x7F, 0xAD, 0x3D, 0x4F, 0xB6, 0xF7, 0xBD, 0x3D, 0x4F, 0xBC, 0x7F, 0xBE, 0xF1, 0xE8, 0x64, 0x70, 0x44, 0x99, 0x81, 0xF7, 0xF8, 0x58, 0xFC,
		0x7C, 0x7C, 0x7C, 0xBD, 0xB6, 0x75, 0x3D, 0x7F, 0xAE, 0x4F, 0xB6, 0x3D, 0x7F, 0xB4, 0x38, 0xF1, 0xF8, 0x7D, 0x38, 0x96, 0xC2, 0xD8, 0x3D, 0xF7, 0xBE, 0x3D, 0xBD, 0xBC, 0x78, 0x4F, 0xBE, 0x38,
		0x7F, 0xBE, 0x3D, 0x4F, 0xBC, 0x3D, 0x7F, 0xBD, 0xF7, 0x70, 0x58, 0x38, 0xF1, 0xF0, 0x74, 0xD5, 0xB3, 0xA2, 0x37, 0x3D, 0xBD, 0xBD, 0x77, 0x39, 0x7F, 0xB4, 0x3D, 0xF7, 0xBD, 0x3D, 0xF7, 0xB5,
		0x4F, 0xBE, 0x3D, 0x4F, 0xBC, 0x3D, 0x7F, 0xBE, 0x38, 0xF1, 0xE8, 0x54, 0x1C, 0x37, 0xC7, 0x8A, 0x3D, 0xBD, 0xBE, 0x6C, 0x39, 0x7F, 0xAD, 0x3D, 0x4F, 0xB6, 0xF7, 0xBD, 0x3D, 0x4F, 0xBC, 0x7F,
		0xBE, 0x3E, 0xF1, 0xE8, 0x5C, 0x0C, 0xC0, 0xC3, 0xC2, 0x3D, 0xF7, 0xBE, 0xBD, 0xB6, 0x75, 0x3D, 0x7F, 0xAE, 0x4F, 0xBE, 0x4F, 0xB6, 0x3D, 0x7F, 0xB4, 0x3A, 0xF1, 0xF8, 0x4D, 0xBA, 0x02, 0xE7,
		0x54, 0xF7, 0x30, 0x58, 0x6C, 0x3D, 0xBD, 0xBC, 0x78, 0x38, 0x7F, 0xBE, 0x3D, 0x4F, 0xBC, 0x3D, 0x7F, 0xBD, 0x38, 0xF1, 0xF0, 0x74, 0x86, 0x5B, 0xDD, 0x96, 0xF7, 0x30, 0x58, 0x04, 0x3D, 0xBD,
		0xBD, 0x77, 0x39, 0x7F, 0xB4, 0x3D, 0xF7, 0xBD, 0x4F, 0xBE, 0x3D, 0x4F, 0xBC, 0x3D, 0x7F, 0xBE, 0x38, 0xF1, 0xE8, 0x74, 0xF9, 0x4C, 0x93, 0xA8, 0x3D, 0xF7, 0xB5, 0x3D, 0xBD, 0xBE, 0x6C, 0x39,
		0x7F, 0xAD, 0x3D, 0x4F, 0xB6, 0xF7, 0xBD, 0x3D, 0x4F, 0xBC, 0x7F, 0xBE, 0xF7, 0xE8, 0x58, 0xF4, 0x7C, 0x7C, 0x7C, 0xF1, 0xE8, 0x6C, 0x79, 0x61, 0xF4, 0x78, 0xF7, 0x38, 0x58, 0x70, 0xBD, 0xB6,
		0x75, 0x3D, 0x7F, 0xAE, 0x4F, 0xB6, 0x3D, 0x7F, 0xB4, 0x38, 0xF1, 0xF8, 0x7D, 0x45, 0xAC, 0xA8, 0xA5, 0x3D, 0xF7, 0xBE, 0x4F, 0xBE, 0x3D, 0xBD, 0xBC, 0x78, 0x38, 0x7F, 0xBE, 0x3D, 0x4F, 0xBC,
		0x3D, 0x7F, 0xBD, 0xF1, 0xF0, 0x44, 0x99, 0xE5, 0xA7, 0x9A, 0xBD, 0xBD, 0x77, 0x3D, 0x7F, 0xB4, 0xF7, 0xBD, 0x4F, 0xBE, 0x3D, 0x4F, 0xBC, 0x3D, 0x7F, 0xBE, 0x38, 0xF1, 0xF0, 0x4C, 0x84, 0x00,
		0xDE, 0x63, 0xF7, 0xBD, 0x3D, 0xBD, 0xBD, 0x6C, 0x38, 0x7F, 0xB5, 0x3D, 0x4F, 0xBD, 0x3D, 0x4F, 0xBC, 0x7F, 0xBE, 0xF7, 0x28, 0x58, 0x74, 0xF1, 0xE8, 0x6C, 0x19, 0x2A, 0xD0, 0xB8, 0xF7, 0xBD,
		0xBD, 0xB6, 0x75, 0x8B, 0xAC, 0x3D, 0x7F, 0xAD, 0x77, 0xBE, 0x3D, 0x4F, 0xBD, 0x3D, 0x7F, 0xBC, 0x38, 0xF7, 0x38, 0x58, 0x6C, 0x3A, 0xF1, 0xF8, 0x7C, 0x38, 0x5E, 0x55, 0x88, 0x3D, 0xF7, 0xBD,
		0x8B, 0xAC, 0x3D, 0xBD, 0xBC, 0x7A, 0x38, 0x7F, 0xBE, 0x3D, 0x77, 0xBC, 0x4F, 0xBE, 0x7F, 0xBD, 0xF1, 0xF0, 0x54, 0xEB, 0x83, 0x56, 0x3F, 0xF7, 0xBE, 0x8B, 0xAC, 0xBD, 0xBD, 0x76, 0x3D, 0x7F,
		0xB4, 0x77, 0xBD, 0x3D, 0x4F, 0xBC, 0x3D, 0x7F, 0xBD, 0x38, 0xF1, 0xF0, 0x64, 0xDB, 0x5F, 0xE8, 0xD7, 0x3D, 0xF7, 0xBC, 0x8B, 0xAC, 0x3D, 0xBD, 0xBD, 0x73, 0x38, 0x7F, 0xB5, 0x3D, 0x77, 0xBD,
		0x4F, 0xBD, 0x7F, 0xBE, 0x3E, 0xF1, 0xE8, 0x64, 0x45, 0xDC, 0xEF, 0x80, 0xF7, 0xBD, 0x8B, 0xAC, 0xBD, 0xB6, 0x77, 0x3D, 0x7F, 0xAD, 0x77, 0xBE, 0x3D, 0x4F, 0xBD, 0x3D, 0x7F, 0xBC, 0x38, 0xF1,
		0xF8, 0x44, 0xBF, 0x25, 0x27, 0x19, 0x3D, 0xF7, 0xBD, 0x8B, 0xAC, 0x3D, 0xBD, 0xBC, 0x7A, 0x38, 0x7F, 0xBE, 0x3D, 0x77, 0xBC, 0x4F, 0xBE, 0x7F, 0xBD, 0xF7, 0x30, 0x58, 0x04, 0xF1, 0xF0, 0x74,
		0xEE, 0xB0, 0x70, 0xF3, 0xF7, 0xBE, 0x8B, 0xAC, 0xBD, 0xBD, 0x76, 0x3D, 0x7F, 0xB4, 0x77, 0xBD, 0x3D, 0x4F, 0xBC, 0x3D, 0x7F, 0xBD, 0x3A, 0xF1, 0xF0, 0x5C, 0x01, 0x88, 0x93, 0x83, 0x3D, 0xF7,
		0xBC, 0x8B, 0xAC, 0x3D, 0xBD, 0xBD, 0x73, 0x38, 0x7F, 0xB5, 0x3D, 0x77, 0xBD, 0x4F, 0xBD, 0x7F, 0xBE, 0xF7, 0xE8, 0x58, 0xFC, 0x7C, 0x7C, 0x7C, 0xF1, 0xE8, 0x6C, 0xAD, 0x21, 0xF8, 0xF9, 0xF7,
		0xBD, 0x8B, 0xAC, 0xBD, 0xB6, 0x77, 0x3D, 0x7F, 0xAD, 0x77, 0xBE, 0x3D, 0x4F, 0xBD, 0x3D, 0x7F, 0xBC, 0x38, 0xF7, 0x38, 0x58, 0x68, 0x3A, 0xF1, 0xF8, 0x7C, 0x33, 0x02, 0xD4, 0x13, 0x3D, 0xF7,
		0xBD, 0x3D, 0xBD, 0xBC, 0x7A, 0x8B, 0xAC, 0x38, 0x7F, 0xBE, 0x3D, 0x77, 0xBC, 0x4F, 0xBE, 0x7F, 0xBD, 0xF1, 0xF0, 0x4C, 0x9C, 0x9A, 0x50, 0x82, 0xBD, 0xBD, 0x76, 0x3D, 0x7F, 0xB4, 0xF7, 0xBE,
		0x8B, 0xAC, 0x77, 0xBD, 0x3D, 0x4F, 0xBC, 0x3D, 0x7F, 0xBD, 0x38, 0xF7, 0xF0, 0x58, 0xF4, 0x7C, 0x7C, 0x7C, 0x3A, 0xF1, 0xF0, 0x74, 0x68, 0x3F, 0x7D, 0xDF, 0x3D, 0xF7, 0xBC, 0x8B, 0xAC, 0x3D,
		0xBD, 0xBD, 0x73, 0x38, 0x7F, 0xB5, 0x3D, 0x77, 0xBD, 0x4F, 0xBD, 0x7F, 0xBE, 0xF7, 0x68, 0x58, 0x3A, 0xF1, 0xE8, 0x4C, 0xDD, 0x6D, 0x74, 0x32, 0xF7, 0xBD, 0x8B, 0xAC, 0x3D, 0xBD, 0xB6, 0x77,
		0x39, 0x7F, 0xAD, 0x3D, 0x77, 0xBE, 0x3D, 0x4F, 0xBD, 0x3D, 0x7F, 0xBC, 0x38, 0xF1, 0xF8, 0x6C, 0xFE, 0x02, 0x2F, 0x8B, 0x3D, 0xF7, 0xBD, 0x8B, 0xAC, 0x3D, 0xBD, 0xBC, 0x7A, 0x39, 0x7F, 0xBE,
		0x3D, 0x77, 0xBC, 0x3D, 0x4F, 0xBE, 0x7F, 0xBD, 0xF7, 0x30, 0x58, 0x78, 0xF1, 0xE8, 0x74, 0x49, 0x8E, 0x46, 0xC1, 0xF7, 0x30, 0x58, 0x74, 0x3D, 0xF7, 0xBE, 0x8B, 0xAC, 0xBD, 0xBE, 0x76, 0x3D,
		0x7F, 0xAC, 0x77, 0xBE, 0x3D, 0x4F, 0xBC, 0x3D, 0x7F, 0xBD, 0x30, 0xF7, 0x30, 0x58, 0x0C, 0xF1, 0xF0, 0x74, 0xC7, 0xAE, 0xAB, 0x56, 0x3F, 0xF1, 0x38, 0x79, 0x7C, 0x3D, 0x8B, 0xAC, 0x3D, 0xF5,
		0x3D, 0x74, 0xF7, 0x38, 0x58, 0x70, 0xBD, 0xBD, 0x73, 0x7F, 0xB6, 0x38, 0x77, 0xBD, 0x38, 0x4F, 0xBE, 0x39, 0x7F, 0xBE, 0x3D, 0xF1, 0xF8, 0x7C, 0xED, 0xAF, 0xFA, 0x97, 0xBD, 0xB4, 0x77, 0x3D,
		0x7F, 0xBB, 0x7F, 0xBD, 0x3D, 0xF5, 0x3D, 0x70, 0x3D, 0xF7, 0x3D, 0x6C, 0x7F, 0xBD, 0x3D, 0xF5, 0x3D, 0x6C, 0x3D, 0xF7, 0x3D, 0x68, 0x7F, 0xBE, 0x3D, 0xF5, 0x3D, 0x68, 0x34, 0xFF, 0xB8, 0x54,
		0x3D, 0x23, 0x3D, 0x22, 0x3D, 0x21, 0x3D, 0x20, 0x23, 0x22, 0x21, 0x27, 0xBF, 0xB0, 0xB0, 0xB0, 0x34, 0xF5, 0x20, 0x58, 0x74, 0x34, 0xF5, 0x10, 0x58, 0x6C, 0x34, 0xF5, 0x08, 0x58, 0x64, 0x34,
		0xF5, 0x00, 0x58, 0x5C, 0x3D, 0x28, 0x34, 0xFF, 0x90, 0x5C, 0x38, 0xF7, 0x75, 0xC3, 0x3C, 0x7C, 0x7C, 0x7C, 0x35, 0xF7, 0x8C, 0x3F, 0xF1, 0x78, 0x7D, 0x39, 0xF7, 0x9D, 0x34, 0xF7, 0xA6, 0x3D,
		0xFF, 0x98, 0x43, 0x34, 0xF7, 0x95, 0xF5, 0x7D, 0x3D, 0x57, 0x80, 0x3D, 0x47, 0xBC, 0x0F, 0x7F, 0x83, 0x3D, 0x78, 0x39, 0xF9, 0x98, 0x08, 0x5B, 0x30, 0x47, 0xBB, 0x0E, 0x5E, 0x35, 0xF1, 0x30,
		0x70, 0x64, 0x30, 0xF7, 0xBB, 0x94, 0x2A, 0x4D, 0x7C, 0x7C, 0x34, 0xF1, 0x29, 0x64, 0x34, 0xF7, 0xB1, 0x94, 0xB6, 0x89, 0x83, 0x83, 0x34, 0x7F, 0xA3, 0x34, 0x57, 0x8B, 0x39, 0x4F, 0x98, 0x34,
		0xFF, 0x82, 0x3C, 0x0E, 0x4C, 0x34, 0xF7, 0x82, 0x34, 0xBD, 0x93, 0x7A, 0x34, 0xF7, 0xBB, 0x34, 0x17, 0xBC, 0xBC, 0x34, 0x7F, 0x8C, 0x1A, 0x1A, 0x73, 0x63, 0xF8, 0x7C, 0x7C, 0x7C, 0x7C, 0x7C,
		0x34, 0xF7, 0xAF, 0x34, 0xF7, 0xB1, 0x94, 0xE9, 0x89, 0x83, 0x83, 0x34, 0xFF, 0xBF, 0x3C, 0x34, 0xFF, 0x93, 0x7D, 0x09, 0x97, 0x34, 0xF9, 0x8A, 0x08, 0x6C, 0x35, 0xF1, 0x30, 0x50, 0x64, 0x30,
		0xF7, 0xBA, 0x34, 0xF7, 0xAF, 0x94, 0x8A, 0x4C, 0x7C, 0x7C, 0x34, 0xF7, 0x20, 0x58, 0x4C, 0x34, 0xF7, 0x10, 0x58, 0x44, 0x34, 0xF7, 0x08, 0x58, 0x3C, 0x34, 0xF7, 0x00, 0x58, 0x34, 0x34, 0xFF,
		0xB8, 0x5C, 0x3D, 0x20, 0xBF, 0xB0, 0xB0, 0xB0, 0xB0, 0xB0, 0xB0, 0xB0, 0xB0, 0xB0, 0xB0, 0xB0, 0x30, 0xF7, 0xA0, 0x35, 0xF5, 0x27, 0x6C, 0x35, 0xF5, 0x17, 0x64, 0x35, 0xF5, 0x0F, 0x5C, 0x2B,
		0x3D, 0x28, 0x3D, 0x29, 0x34, 0xFF, 0x90, 0x5C, 0x34, 0xF7, 0x85, 0xF7, 0x75, 0x30, 0xF7, 0x96, 0xF7, 0x3B, 0x78, 0x38, 0xF1, 0x78, 0xB1, 0x7C, 0x7C, 0x7C, 0x7C, 0x38, 0xF7, 0xB5, 0xBD, 0x9C,
		0x7F, 0x39, 0xF4, 0x3F, 0x74, 0x3D, 0xBD, 0x95, 0x61, 0x38, 0x77, 0xB4, 0x3D, 0xF7, 0xBC, 0xFF, 0x9D, 0x43, 0xBD, 0x94, 0x74, 0xF4, 0x38, 0x58, 0x3D, 0x3D, 0xF7, 0xBC, 0x3D, 0xBD, 0x94, 0x64,
		0xBD, 0x94, 0x6C, 0xF4, 0x38, 0x58, 0x3E, 0x39, 0xF4, 0x37, 0x70, 0x3D, 0xF7, 0xBD, 0xBD, 0x94, 0x74, 0x39, 0xF4, 0x3F, 0x77, 0xF4, 0x38, 0x58, 0x39, 0x3D, 0xF7, 0xBD, 0x3D, 0xBD, 0x95, 0x64,
		0xBD, 0x94, 0x6C, 0xF4, 0x38, 0x58, 0x3A, 0x39, 0xF4, 0x37, 0x73, 0xC4, 0x44, 0x7C, 0x7C, 0x7C, 0xFF, 0x85, 0x44, 0x0E, 0x79, 0xC4, 0x04, 0x7C, 0x7C, 0x7C, 0x57, 0xBD, 0x38, 0xF7, 0xBC, 0xF9,
		0xBC, 0x08, 0x73, 0x34, 0xF1, 0x69, 0x1A, 0x40, 0x7C, 0x7C, 0x34, 0xF7, 0xB3, 0x94, 0x02, 0x82, 0x83, 0x83, 0xF7, 0x73, 0xC2, 0x3C, 0x7C, 0x7C, 0x7C, 0xC1, 0x74, 0x7C, 0x7C, 0x7C, 0xF1, 0x3D,
		0x74, 0x38, 0xF7, 0x9D, 0x34, 0xF1, 0x20, 0x58, 0x3C, 0x3D, 0xFF, 0x98, 0x43, 0xF5, 0x7B, 0x3D, 0x57, 0x88, 0x47, 0xB9, 0x0F, 0x7F, 0x83, 0x3B, 0x78, 0x39, 0xF9, 0x98, 0x08, 0x23, 0x34, 0x47,
		0x89, 0x0B, 0x26, 0x35, 0xF1, 0x30, 0x40, 0x64, 0x34, 0xF1, 0x28, 0x58, 0x3C, 0x30, 0xF7, 0xBA, 0x94, 0x97, 0x53, 0x7C, 0x7C, 0x34, 0xF1, 0x2B, 0x64, 0x34, 0xF7, 0xB3, 0x94, 0x23, 0x88, 0x83,
		0x83, 0x34, 0x57, 0x92, 0x39, 0x4F, 0x98, 0x34, 0xF1, 0x20, 0x48, 0x3C, 0x34, 0xFF, 0x81, 0x3C, 0x0E, 0x5A, 0x34, 0xF7, 0x89, 0x34, 0xBD, 0x92, 0x7A, 0x34, 0xF7, 0xBA, 0x34, 0x17, 0xBC, 0xBC,
		0x34, 0x7F, 0x94, 0x34, 0xF7, 0xAF, 0x34, 0xF7, 0xB3, 0x94, 0x4E, 0x88, 0x83, 0x83, 0x34, 0xFF, 0xBF, 0x3C, 0x34, 0xFF, 0x92, 0x7D, 0x09, 0x97, 0x34, 0xF9, 0x91, 0x08, 0x6C, 0x35, 0xF1, 0x30,
		0x40, 0x64, 0x30, 0xF7, 0xB9, 0x34, 0xF7, 0xAF, 0x94, 0xEF, 0x53, 0x7C, 0x7C, 0x73, 0xCA, 0x3B, 0x74, 0x34, 0xF7, 0x20, 0x58, 0x34, 0x34, 0xF7, 0x10, 0x58, 0x2C, 0x34, 0xF7, 0x08, 0x58, 0x24,
		0x3D, 0xF4, 0x39, 0x7C, 0xF7, 0x3B, 0x74, 0xBD, 0x94, 0x74, 0x3D, 0xF4, 0x39, 0x7D, 0x73, 0xCA, 0x3B, 0x76, 0x3D, 0xF4, 0x39, 0x7E, 0x73, 0xCA, 0x3B, 0x77, 0x3D, 0xF4, 0x39, 0x7F, 0x73, 0xCA,
		0x3B, 0x70, 0x3D, 0xF4, 0x39, 0x78, 0xF7, 0x3B, 0x70, 0xBD, 0x94, 0x74, 0x3D, 0xF4, 0x39, 0x79, 0x73, 0xCA, 0x3B, 0x72, 0x3D, 0xF4, 0x39, 0x7A, 0x73, 0xCA, 0x3B, 0x73, 0x3D, 0xF4, 0x39, 0x7B,
		0x73, 0xCA, 0x3B, 0x6C, 0x3D, 0xF4, 0x39, 0x74, 0xF7, 0x3B, 0x6C, 0xBD, 0x94, 0x74, 0x3D, 0xF4, 0x39, 0x75, 0x73, 0xCA, 0x3B, 0x6E, 0x3D, 0xF4, 0x39, 0x76, 0x73, 0xCA, 0x3B, 0x6F, 0x3D, 0xF4,
		0x39, 0x77, 0x73, 0xCA, 0x3B, 0x68, 0x3D, 0xF4, 0x39, 0x70, 0xF7, 0x3B, 0x68, 0xBD, 0x94, 0x74, 0x3D, 0xF4, 0x39, 0x71, 0x73, 0xCA, 0x3B, 0x6A, 0x3D, 0xF4, 0x39, 0x72, 0x73, 0xCA, 0x3B, 0x6B,
		0x3D, 0xF4, 0x39, 0x73, 0x34, 0xFF, 0xB8, 0x5C, 0x3D, 0x21, 0x3D, 0x20, 0x23, 0xBF, 0xB0, 0xB0, 0x34, 0xFF, 0x90, 0x34, 0x4F, 0xAE, 0xBB, 0x38, 0x58, 0x2C, 0x5C, 0x7C, 0x7C, 0x7C, 0x34, 0xF5,
		0x28, 0x58, 0x1C, 0x34, 0xF9, 0xB5, 0x09, 0x7B, 0x4F, 0xBC, 0x34, 0xFF, 0xB8, 0x34, 0xBF, 0x34, 0xF1, 0x38, 0x58, 0x1C, 0x39, 0x4F, 0xB5, 0x39, 0x4F, 0xBC, 0x34, 0xF5, 0x38, 0x58, 0x4C, 0xF4,
		0x28, 0x58, 0x54, 0x34, 0xF5, 0x28, 0x58, 0x5C, 0xC6, 0x7C, 0x7E, 0x7C, 0x7C, 0x83, 0x69, 0x69, 0x45, 0x7C, 0x7C, 0xF9, 0xBC, 0x04, 0xAD, 0xF7, 0x28, 0x58, 0x2C, 0x4F, 0xB5, 0x3D, 0xC4, 0x31,
		0x31, 0x17, 0x7C, 0x34, 0xF5, 0x20, 0x58, 0x24, 0x34, 0xF5, 0x00, 0x58, 0x3C, 0x83, 0x69, 0xA9, 0x45, 0x7C, 0x7C, 0x34, 0xF7, 0xA4, 0x34, 0xF9, 0xBC, 0x08, 0x29, 0x73, 0x63, 0x38, 0x7C, 0x7C,
		0x38, 0xF7, 0x30, 0x58, 0x2C, 0x34, 0xF7, 0x30, 0x58, 0x1C, 0x34, 0xF1, 0x38, 0x58, 0x2C, 0x30, 0xF7, 0xBF, 0xC6, 0x67, 0x7C, 0x7C, 0x7C, 0x34, 0xF5, 0x38, 0x58, 0x5C, 0x83, 0x69, 0xDA, 0x44,
		0x7C, 0x7C, 0xF7, 0x84, 0x41, 0x78, 0x7C, 0x7C, 0xBC, 0x09, 0x3D, 0x4F, 0xAE, 0x34, 0xF7, 0xB7, 0x83, 0x69, 0xF6, 0x45, 0x7C, 0x7C, 0xF7, 0x28, 0x58, 0x2C, 0x4F, 0xB5, 0x3D, 0xC4, 0x31, 0x31,
		0x17, 0x7C, 0x83, 0x69, 0xFC, 0x45, 0x7C, 0x7C, 0x34, 0xF7, 0xA4, 0x34, 0xF9, 0xBC, 0x09, 0xCC, 0x34, 0xF7, 0x30, 0x58, 0x1C, 0x83, 0x69, 0xE1, 0x4B, 0x7C, 0x7C, 0x34, 0xF7, 0x20, 0x58, 0x24,
		0x34, 0xF7, 0x00, 0x58, 0x3C, 0x4F, 0xBC, 0x34, 0xFF, 0xB8, 0x34, 0xBF, 0x34, 0xF7, 0x30, 0x58, 0x1C, 0x83, 0x69, 0xFD, 0x4B, 0x7C, 0x7C, 0xF9, 0x83, 0x05, 0x60, 0x4F, 0xAE, 0x34, 0xF7, 0xB7,
		0x83, 0x69, 0x46, 0x45, 0x7C, 0x7C, 0x34, 0xF7, 0x20, 0x58, 0x24, 0x34, 0xF7, 0x00, 0x58, 0x3C, 0x4F, 0xBC, 0x34, 0xFF, 0xB8, 0x34, 0xBF, 0x34, 0xF7, 0x00, 0x58, 0x3C, 0x34, 0xF7, 0xBF, 0x34,
		0xF7, 0x20, 0x58, 0x24, 0x34, 0xFF, 0xB8, 0x34, 0xBF, 0xB0, 0xB0, 0xB0, 0xB0, 0xB0, 0xB0, 0xB0, 0x3C, 0x2B, 0x34, 0xFF, 0x90, 0x3C, 0x30, 0xF7, 0xAE, 0x34, 0xF1, 0x38, 0x58, 0x14, 0x34, 0xF7,
		0x85, 0x35, 0xF7, 0x76, 0x34, 0xF5, 0x38, 0x58, 0x4C, 0x34, 0xF7, 0x79, 0xAC, 0x4B, 0x7C, 0x7C, 0x30, 0xF7, 0x7C, 0xBA, 0x38, 0x58, 0x54, 0x7C, 0x3D, 0xC5, 0x7C, 0x7C, 0x7C, 0xFC, 0x30, 0xF5,
		0x38, 0x58, 0x5C, 0x39, 0x4F, 0xBC, 0xC6, 0x7C, 0x7E, 0x7C, 0x7C, 0x83, 0x69, 0x8B, 0x4B, 0x7C, 0x7C, 0xF9, 0xBC, 0x73, 0xF4, 0xAC, 0x7C, 0x7C, 0x7C, 0x34, 0xF7, 0x30, 0x58, 0x14, 0x39, 0x4F,
		0xB5, 0x34, 0xF1, 0x38, 0x58, 0x1C, 0x3D, 0xF1, 0x2D, 0x67, 0x39, 0x4F, 0xBC, 0x34, 0xF5, 0x38, 0x58, 0x5C, 0x83, 0x69, 0xCC, 0x4B, 0x7C, 0x7C, 0x41, 0x78, 0x7C, 0x7C, 0xBC, 0x73, 0xF9, 0xDA,
		0x7C, 0x7C, 0x7C, 0xF7, 0x28, 0x58, 0x1C, 0x73, 0xCB, 0x3B, 0x7E, 0xF1, 0x36, 0x8C, 0x47, 0xBD, 0x0F, 0x72, 0x1A, 0xF5, 0x73, 0xC4, 0x79, 0x7C, 0x7C, 0xFC, 0x34, 0xFF, 0xB8, 0x3C, 0x23, 0xBF,
		0xC5, 0x7D, 0x7C, 0x7C, 0x7C, 0x3D, 0xC4, 0x11, 0x11, 0x17, 0x7C, 0x34, 0xF5, 0x20, 0x58, 0x2C, 0x83, 0x69, 0x0E, 0x44, 0x7C, 0x7C, 0x34, 0xF7, 0xA4, 0x34, 0xF9, 0xBC, 0x09, 0x6C, 0xC4, 0xE6,
		0x7C, 0x7C, 0xBC, 0x34, 0xF7, 0x20, 0x58, 0x2C, 0x34, 0xFF, 0xB8, 0x3C, 0x23, 0xBF, 0x38, 0xF7, 0x30, 0x58, 0x1C, 0x34, 0xF7, 0x30, 0x58, 0x14, 0x34, 0xF1, 0x38, 0x58, 0x1C, 0x30, 0xF7, 0xBF,
		0xC6, 0x67, 0x7C, 0x7C, 0x7C, 0x34, 0xF5, 0x38, 0x58, 0x5C, 0x34, 0xF5, 0x08, 0x58, 0x24, 0x83, 0x69, 0x4F, 0x4B, 0x7C, 0x7C, 0xF7, 0x8C, 0xF9, 0xBC, 0x04, 0x70, 0x34, 0xF7, 0xAF, 0x34, 0xF7,
		0xB3, 0x83, 0x69, 0x55, 0x4B, 0x7C, 0x7C, 0x34, 0xF7, 0x30, 0x58, 0x14, 0x83, 0x69, 0x3A, 0x4A, 0x7C, 0x7C, 0x4F, 0xAE, 0x34, 0xF7, 0xB7, 0x83, 0x69, 0x7F, 0x44, 0x7C, 0x7C, 0x34, 0xF7, 0x20,
		0x58, 0x2C, 0xF7, 0xBA, 0x34, 0xF7, 0x08, 0x58, 0x24, 0x34, 0xFF, 0xB8, 0x3C, 0x23, 0xBF, 0xB0, 0x30, 0xF7, 0xA0, 0x2F, 0x34, 0xFF, 0x90, 0x1C, 0x4F, 0xBC, 0xBB, 0x38, 0x58, 0x4C, 0x4C, 0x7C,
		0x7C, 0x7C, 0xF7, 0xA5, 0x35, 0xF5, 0x3F, 0xAC, 0x35, 0xF5, 0x3F, 0xA4, 0xF5, 0x38, 0x58, 0x34, 0x35, 0xF1, 0x2F, 0x64, 0xF7, 0xB5, 0x35, 0xF5, 0x3F, 0x94, 0x35, 0xF5, 0x3F, 0x8C, 0x35, 0xF5,
		0x3F, 0x6C, 0x35, 0xF5, 0x27, 0xC4, 0x35, 0xF5, 0x3F, 0xBC, 0x35, 0xF5, 0x3F, 0x64, 0x83, 0x69, 0xE8, 0x4A, 0x7C, 0x7C, 0xF9, 0xBC, 0x04, 0x13, 0x34, 0xFF, 0xC0, 0x58, 0xFC, 0x7C, 0x7C, 0x7C,
		0x7C, 0x08, 0x18, 0x34, 0xF1, 0x28, 0x58, 0x0C, 0xF7, 0xB7, 0x94, 0x7D, 0x78, 0x7C, 0x7C, 0xF9, 0xBC, 0x04, 0x28, 0xFF, 0x00, 0x58, 0x0C, 0x7C, 0x08, 0x31, 0x30, 0xF1, 0x30, 0x58, 0x5C, 0x30,
		0xF1, 0x38, 0x58, 0x4C, 0x34, 0xF1, 0x30, 0x58, 0x04, 0xC6, 0x7D, 0x7C, 0x7C, 0x7C, 0x83, 0x69, 0x10, 0x4A, 0x7C, 0x7C, 0xF9, 0xBC, 0x04, 0x5D, 0x34, 0xF7, 0x30, 0x58, 0x04, 0x34, 0xF9, 0xB5,
		0x08, 0x6B, 0x4F, 0xAE, 0x83, 0x69, 0x0A, 0x4A, 0x7C, 0x7C, 0x34, 0xF7, 0x30, 0x58, 0x04, 0xF9, 0xBC, 0x05, 0x72, 0x83, 0x69, 0x03, 0x49, 0x7C, 0x7C, 0x4E, 0xBC, 0x34, 0xFF, 0xB8, 0x1C, 0x27,
		0xBF, 0x83, 0x69, 0x0D, 0x49, 0x7C, 0x7C, 0xCC, 0x7D, 0x34, 0xFF, 0xB8, 0x1C, 0x27, 0xBF, 0xB0, 0x3C, 0x2A, 0x2B, 0x3D, 0x29, 0x3D, 0x2B, 0x34, 0xFF, 0x90, 0x44, 0x39, 0x4F, 0x83, 0x30, 0xF7,
		0x95, 0x3C, 0xCB, 0x7D, 0x35, 0xF7, 0x8B, 0x34, 0xF9, 0xB5, 0x09, 0x72, 0x3C, 0xF6, 0xBB, 0x34, 0xFF, 0xB8, 0x44, 0x3D, 0x23, 0x3D, 0x21, 0x23, 0x22, 0xBF, 0x34, 0xF5, 0x20, 0x58, 0x14, 0x30,
		0xF5, 0x18, 0x58, 0x04, 0x34, 0xF5, 0x10, 0x58, 0x0C, 0x30, 0xF5, 0x08, 0x58, 0x4C, 0xC7, 0x78, 0x7C, 0x7C, 0x7C, 0x3D, 0xC0, 0xDB, 0x1D, 0x7C, 0x7C, 0x73, 0x63, 0xFC, 0x7C, 0x7C, 0x7C, 0x7C,
		0x34, 0xF1, 0x28, 0x58, 0x1C, 0x34, 0xF7, 0xB7, 0x30, 0xF5, 0x00, 0x58, 0x1C, 0x83, 0x69, 0xC9, 0x49, 0x7C, 0x7C, 0xF9, 0xBC, 0x73, 0xF4, 0xE4, 0x7C, 0x7C, 0x7C, 0x34, 0xF7, 0x10, 0x58, 0x1C,
		0x34, 0xF9, 0x91, 0x73, 0xF8, 0xF6, 0x7C, 0x7C, 0x7C, 0x34, 0xF7, 0xB1, 0x83, 0x69, 0x82, 0x48, 0x7C, 0x7C, 0x34, 0xF7, 0xB1, 0x83, 0x69, 0xA9, 0x49, 0x7C, 0x7C, 0x4F, 0xAE, 0x34, 0xF7, 0xB1,
		0x30, 0xF7, 0x8C, 0x94, 0x14, 0x80, 0x83, 0x83, 0x34, 0xF7, 0xB1, 0x34, 0xF7, 0x8C, 0x83, 0x69, 0xF8, 0x49, 0x7C, 0x7C, 0x34, 0xF1, 0x71, 0xC9, 0x4B, 0x7C, 0x7C, 0x39, 0xF7, 0xBA, 0x34, 0xF7,
		0xA9, 0x30, 0xF7, 0xB4, 0x30, 0xF5, 0x10, 0x58, 0x54, 0x34, 0xF5, 0x08, 0x58, 0x5C, 0x94, 0xC7, 0x56, 0x7C, 0x7C, 0x34, 0xF7, 0xB2, 0x94, 0x09, 0x7B, 0x7C, 0x7C, 0xF8, 0xBC, 0x08, 0x48, 0x35,
		0xF7, 0xA9, 0x34, 0xF7, 0xB2, 0x94, 0xAA, 0x7B, 0x7C, 0x7C, 0xF8, 0xBC, 0x08, 0x59, 0x34, 0xF7, 0x2A, 0x74, 0x34, 0xF1, 0x71, 0xAB, 0x4B, 0x7C, 0x7C, 0x39, 0xF7, 0xBA, 0x94, 0xF1, 0x56, 0x7C,
		0x7C, 0x3D, 0xF7, 0xB2, 0x94, 0x3B, 0x82, 0x83, 0x83, 0x3C, 0x73, 0xCA, 0x83, 0xF8, 0xBC, 0x3D, 0x73, 0x38, 0x83, 0x34, 0xFF, 0xBF, 0x78, 0x35, 0xFF, 0x90, 0x7D, 0x73, 0xF9, 0x43, 0x83, 0x83,
		0x83, 0x30, 0xF7, 0x08, 0x58, 0x4C, 0x30, 0xF7, 0x18, 0x58, 0x04, 0x34, 0xF7, 0x10, 0x58, 0x0C, 0x34, 0xF7, 0x20, 0x58, 0x14, 0x34, 0xF9, 0x8A, 0x08, 0x77, 0x4F, 0xAE, 0x34, 0xF7, 0xB2, 0x83,
		0x69, 0x87, 0x49, 0x7C, 0x7C, 0x3C, 0xF6, 0xBB, 0x34, 0xFF, 0xB8, 0x44, 0x3D, 0x23, 0x3D, 0x21, 0x23, 0x22, 0xBF, 0xB0, 0xB0, 0xB0, 0xB0, 0xB0, 0xB0, 0xB0, 0xB0, 0xB0, 0xB0, 0xB0, 0xB0, 0xB0,
		0x3D, 0x29, 0x3D, 0x2A, 0x3D, 0x2B, 0x34, 0xFD, 0x90, 0x0C, 0x7E, 0x7C, 0x7C, 0x4F, 0xBC, 0x30, 0xF7, 0x8D, 0x39, 0x4F, 0x83, 0x34, 0xF1, 0x30, 0x58, 0x3E, 0x4F, 0xAE, 0x3D, 0xC4, 0x7A, 0x7E,
		0x7C, 0x7C, 0x1A, 0x38, 0xF5, 0x00, 0x58, 0x4C, 0x34, 0xF5, 0x38, 0x58, 0x4E, 0xF5, 0x38, 0x58, 0x46, 0x1A, 0xF5, 0x38, 0x58, 0x42, 0x3D, 0xC9, 0x7D, 0x1A, 0x38, 0xF5, 0x00, 0x58, 0x3C, 0x94,
		0xD0, 0x51, 0x7C, 0x7C, 0x31, 0xF9, 0x8A, 0x09, 0x6D, 0x3D, 0xF6, 0xB9, 0x34, 0xFD, 0xB8, 0x0C, 0x7E, 0x7C, 0x7C, 0x3D, 0x23, 0x3D, 0x22, 0x3D, 0x21, 0xBF, 0x34, 0xF5, 0xE0, 0x58, 0xD4, 0x7E,
		0x7C, 0x7C, 0x34, 0xF5, 0xD0, 0x58, 0x14, 0x7E, 0x7C, 0x7C, 0x34, 0xF5, 0xC8, 0x58, 0x1C, 0x7E, 0x7C, 0x7C, 0x34, 0xF5, 0xC0, 0x58, 0x24, 0x7E, 0x7C, 0x7C, 0xC7, 0x78, 0x7C, 0x7C, 0x7C, 0xC1,
		0xDB, 0x1D, 0x7C, 0x7C, 0x30, 0xF5, 0xD8, 0x58, 0x2C, 0x7E, 0x7C, 0x7C, 0x73, 0x63, 0x3C, 0x7C, 0x34, 0xF1, 0xE8, 0x58, 0xEC, 0x7E, 0x7C, 0x7C, 0x34, 0xF7, 0xB7, 0x30, 0xF5, 0xC0, 0x58, 0xEC,
		0x7E, 0x7C, 0x7C, 0x83, 0x69, 0x63, 0x48, 0x7C, 0x7C, 0xF9, 0xBC, 0x73, 0xF4, 0x35, 0x7D, 0x7C, 0x7C, 0x34, 0xF7, 0xC0, 0x58, 0xEC, 0x7E, 0x7C, 0x7C, 0x34, 0xF9, 0x83, 0x73, 0xF8, 0x44, 0x7D,
		0x7C, 0x7C, 0x34, 0xF7, 0xB3, 0x83, 0x69, 0x19, 0x4F, 0x7C, 0x7C, 0x34, 0xF7, 0xB3, 0x83, 0x69, 0x40, 0x48, 0x7C, 0x7C, 0x34, 0xF1, 0xE8, 0x58, 0xE4, 0x7E, 0x7C, 0x7C, 0xF7, 0xB4, 0x30, 0xF7,
		0x9C, 0xF7, 0x8C, 0x83, 0x69, 0xA3, 0x4F, 0x7C, 0x7C, 0xF9, 0xBC, 0x04, 0x6E, 0x34, 0xF1, 0xE8, 0x58, 0xE4, 0x7E, 0x7C, 0x7C, 0x34, 0xF1, 0x30, 0x58, 0x4C, 0x94, 0xAD, 0x87, 0x83, 0x83, 0x41,
		0x79, 0x7C, 0x7C, 0xFC, 0x09, 0x35, 0xC6, 0x7C, 0x78, 0x7C, 0x7C, 0x4F, 0xB5, 0x3D, 0xC4, 0x31, 0x31, 0x17, 0x7C, 0x83, 0x69, 0xB3, 0x48, 0x7C, 0x7C, 0x34, 0xF1, 0xE8, 0x58, 0xDC, 0x7E, 0x7C,
		0x7C, 0x34, 0xF7, 0xB2, 0x34, 0xF5, 0x38, 0x58, 0x44, 0xC4, 0x7C, 0x78, 0x7C, 0x7C, 0x1A, 0xF5, 0x38, 0x58, 0x4E, 0x83, 0x69, 0xF3, 0x4F, 0x7C, 0x7C, 0xF9, 0xBC, 0x04, 0x6E, 0x34, 0xF1, 0xE8,
		0x58, 0xDC, 0x7E, 0x7C, 0x7C, 0x34, 0xF1, 0x30, 0x58, 0x4C, 0x94, 0xFD, 0x87, 0x83, 0x83, 0xF9, 0xBC, 0x73, 0xF4, 0xDF, 0x7C, 0x7C, 0x7C, 0x34, 0xF1, 0x30, 0x58, 0x4C, 0x94, 0xF3, 0x79, 0x7C,
		0x7C, 0xF8, 0xBC, 0x73, 0xF8, 0xED, 0x7C, 0x7C, 0x7C, 0x34, 0xF7, 0xB3, 0x83, 0x69, 0x1A, 0x4F, 0x7C, 0x7C, 0x34, 0xF1, 0x71, 0x5B, 0x4A, 0x7C, 0x7C, 0x39, 0xF7, 0xB8, 0x30, 0xF7, 0xB4, 0x34,
		0xF1, 0x38, 0x58, 0x4C, 0x34, 0xF7, 0xAB, 0x30, 0xF5, 0x08, 0x58, 0x54, 0x34, 0xF5, 0x38, 0x58, 0x5C, 0x94, 0xE4, 0x54, 0x7C, 0x7C, 0x34, 0xF1, 0x28, 0x58, 0x3C, 0x35, 0xF7, 0xB2, 0x94, 0xC1,
		0x7F, 0x7C, 0x7C, 0xF8, 0xBC, 0x08, 0x2F, 0x34, 0xFF, 0xB5, 0x83, 0x4F, 0xBC, 0x34, 0xF1, 0x00, 0x58, 0x3C, 0x1A, 0x8E, 0xD3, 0x34, 0xF1, 0x28, 0x58, 0x3C, 0x34, 0x8B, 0xAD, 0x30, 0xF1, 0x3D,
		0x83, 0x34, 0xF7, 0x30, 0x58, 0x44, 0x94, 0x13, 0x54, 0x7C, 0x7C, 0xF9, 0xBC, 0x09, 0x57, 0x30, 0xF7, 0x38, 0x58, 0x44, 0x30, 0xF1, 0x30, 0x58, 0x3C, 0x34, 0xF1, 0x71, 0x6C, 0x4A, 0x7C, 0x7C,
		0x3D, 0xF7, 0xA8, 0x94, 0x3A, 0x54, 0x7C, 0x7C, 0x3D, 0xF7, 0xB0, 0x94, 0x7C, 0x80, 0x83, 0x83, 0x39, 0x73, 0xCA, 0x91, 0xF8, 0xBC, 0x39, 0x73, 0x38, 0x93, 0x34, 0xFF, 0xBF, 0x78, 0x34, 0xFF,
		0x91, 0x7D, 0x73, 0xF9, 0xF4, 0x82, 0x83, 0x83, 0x34, 0xF7, 0x30, 0x58, 0x44, 0x4F, 0xAE, 0x83, 0x69, 0xB7, 0x4F, 0x7C, 0x7C, 0x30, 0xF7, 0xD8, 0x58, 0x2C, 0x7E, 0x7C, 0x7C, 0x34, 0xF7, 0xC0,
		0x58, 0x24, 0x7E, 0x7C, 0x7C, 0x34, 0xF7, 0xC8, 0x58, 0x1C, 0x7E, 0x7C, 0x7C, 0x34, 0xF7, 0xD0, 0x58, 0x14, 0x7E, 0x7C, 0x7C, 0x34, 0xF7, 0xE0, 0x58, 0xD4, 0x7E, 0x7C, 0x7C, 0x3D, 0xF6, 0xB9,
		0x34, 0xFD, 0xB8, 0x0C, 0x7E, 0x7C, 0x7C, 0x3D, 0x23, 0x3D, 0x22, 0x3D, 0x21, 0xBF, 0xB0, 0xB0, 0x30, 0xF7, 0xA0, 0x2B, 0x34, 0xFF, 0x90, 0x0C, 0x4F, 0xBC, 0x34, 0xF7, 0x86, 0xBB, 0x7E, 0x83,
		0x83, 0x83, 0x83, 0x35, 0xF1, 0x2F, 0x64, 0xF7, 0xB5, 0x3D, 0xF5, 0x3F, 0x74, 0x35, 0xF5, 0x3F, 0x64, 0x35, 0xF5, 0x3F, 0x6C, 0x83, 0x69, 0x31, 0x4E, 0x7C, 0x7C, 0xF9, 0xBC, 0x73, 0xF4, 0xD9,
		0x7C, 0x7C, 0x7C, 0x34, 0xF1, 0xF8, 0x58, 0xF4, 0x7C, 0x7C, 0x7C, 0x3D, 0xC5, 0x7C, 0x7C, 0x7C, 0x6C, 0x39, 0x4F, 0xBC, 0x34, 0xF5, 0x38, 0x58, 0x4C, 0x34, 0xF7, 0x79, 0x5C, 0x4E, 0x7C, 0x7C,
		0xBA, 0x38, 0x58, 0x54, 0x7C, 0x34, 0xF7, 0x74, 0xC6, 0x7C, 0x7E, 0x7C, 0x7C, 0x34, 0xF5, 0xE0, 0x58, 0xE4, 0x7C, 0x7C, 0x7C, 0x34, 0xF5, 0x30, 0x58, 0x5C, 0x34, 0xF7, 0xF0, 0x58, 0xEC, 0x7C,
		0x7C, 0x7C, 0x83, 0x69, 0x3C, 0x4E, 0x7C, 0x7C, 0xF7, 0xA4, 0xF9, 0xBC, 0x04, 0x3E, 0x34, 0xF7, 0xF0, 0x58, 0xF4, 0x7C, 0x7C, 0x7C, 0x34, 0xF1, 0xF8, 0x58, 0xFC, 0x7C, 0x7C, 0x7C, 0x30, 0xF1,
		0x38, 0x58, 0x3C, 0x3D, 0xC5, 0x4C, 0x7C, 0x7C, 0x7C, 0x4F, 0xAE, 0x34, 0xF5, 0x38, 0x58, 0x5C, 0x83, 0x69, 0x8E, 0x4D, 0x7C, 0x7C, 0xF7, 0xA4, 0xF9, 0xBC, 0x04, 0x7A, 0xF7, 0x38, 0x58, 0x3C,
		0xF5, 0x7B, 0x34, 0xF7, 0xF0, 0x58, 0xF4, 0x7C, 0x7C, 0x7C, 0x83, 0x69, 0x74, 0x4D, 0x7C, 0x7C, 0x34, 0xF7, 0xF0, 0x58, 0xEC, 0x7C, 0x7C, 0x7C, 0x83, 0x69, 0x6E, 0x4D, 0x7C, 0x7C, 0xF7, 0xBF,
		0x34, 0xF7, 0xE0, 0x58, 0xE4, 0x7C, 0x7C, 0x7C, 0x34, 0xFF, 0xB8, 0x0C, 0x23, 0xBF, 0xB0, 0xB0, 0x31, 0xF7, 0xB4, 0x3D, 0xC4, 0x83, 0x83, 0x83, 0x03, 0x35, 0x47, 0xAC, 0x35, 0x73, 0x3B, 0xAC,
		0x39, 0x4F, 0xAE, 0x3D, 0xF7, 0xBE, 0x34, 0xF9, 0xAE, 0x08, 0x79, 0x35, 0x47, 0xAC, 0x0A, 0x79, 0xC4, 0x71, 0x7C, 0x7C, 0xBC, 0xF9, 0xBC, 0x04, 0x2B, 0x34, 0xF9, 0xAE, 0x08, 0x3F, 0x3D, 0xC4,
		0x82, 0x83, 0x83, 0x03, 0x30, 0x57, 0xBE, 0x30, 0x57, 0xB5, 0x1A, 0x73, 0x63, 0x38, 0x7C, 0x7C, 0x35, 0xF1, 0x78, 0x6C, 0x34, 0xF9, 0xBC, 0x08, 0x5F, 0x3D, 0x73, 0xCA, 0x78, 0x75, 0xF8, 0xBC,
		0x08, 0x66, 0xF4, 0x7D, 0x34, 0x83, 0xBD, 0x34, 0xFF, 0x96, 0x7D, 0x09, 0x9F, 0x34, 0x83, 0xB5, 0x3D, 0xC6, 0x79, 0x7C, 0x7C, 0xFC, 0xF4, 0x6D, 0x3D, 0xF7, 0xBE, 0xBF, 0x34, 0xF9, 0xAE, 0x09,
		0x75, 0x34, 0x83, 0xB5, 0x3D, 0xC6, 0x79, 0x7C, 0x7C, 0xFC, 0xBA, 0x7D, 0x7C, 0x3D, 0xF7, 0xBE, 0x8F, 0xBF, 0xB0, 0xB0, 0xB0, 0xB0, 0xB0, 0xB0, 0xB0, 0xB0, 0xB0, 0xB0, 0xB0, 0xB0, 0xB0, 0xB0,
		0x34, 0xF5, 0x20, 0x58, 0x74, 0x34, 0xF5, 0x08, 0x58, 0x64, 0x2B, 0x34, 0xFD, 0x90, 0xEC, 0x7C, 0x7C, 0x7C, 0x34, 0xF7, 0x79, 0x33, 0x48, 0x7C, 0x7C, 0x73, 0xCB, 0xA5, 0x34, 0xF1, 0x30, 0x58,
		0x5C, 0x34, 0xF5, 0x7D, 0xF7, 0x79, 0x3A, 0x48, 0x7C, 0x7C, 0x34, 0xF7, 0x86, 0xF5, 0x3D, 0x74, 0x73, 0xCB, 0x79, 0x41, 0x48, 0x7C, 0x7C, 0x34, 0xF1, 0x28, 0x58, 0x5C, 0x1A, 0xF5, 0x3D, 0x70,
		0x34, 0xF1, 0x30, 0x58, 0x2C, 0x83, 0x69, 0xB1, 0x4D, 0x7C, 0x7C, 0x4F, 0xBC, 0x4F, 0x8A, 0x34, 0xF5, 0x38, 0x58, 0x14, 0x34, 0xF5, 0x38, 0x58, 0x0C, 0x34, 0xF5, 0x38, 0x58, 0x04, 0x34, 0xF5,
		0xF8, 0x58, 0xFC, 0x7C, 0x7C, 0x7C, 0x34, 0xF5, 0xF8, 0x58, 0xF4, 0x7C, 0x7C, 0x7C, 0x34, 0xF1, 0x38, 0x58, 0x2C, 0x34, 0xF5, 0x00, 0x58, 0x34, 0x30, 0xF1, 0x38, 0x58, 0x1C, 0x34, 0xF1, 0xF0,
		0x58, 0xD4, 0x7C, 0x7C, 0x7C, 0xC3, 0x74, 0x7E, 0x7C, 0x7C, 0xC6, 0x7C, 0x7C, 0x7C, 0xFC, 0x34, 0xF5, 0x38, 0x58, 0x0C, 0x1A, 0xF5, 0x20, 0x58, 0x54, 0x1A, 0xF5, 0x08, 0x58, 0x3C, 0x34, 0xF5,
		0xC8, 0x58, 0xD4, 0x7C, 0x7C, 0x7C, 0x1A, 0xF5, 0x00, 0x58, 0x3E, 0xBB, 0x38, 0x58, 0x1C, 0x4C, 0x7C, 0x7C, 0x7C, 0x34, 0xF5, 0x08, 0x58, 0x14, 0xBB, 0x38, 0x58, 0x04, 0x3C, 0x7C, 0x7C, 0x7C,
		0x34, 0xF5, 0xC8, 0x58, 0xFC, 0x7C, 0x7C, 0x7C, 0x34, 0xF5, 0xC8, 0x58, 0xF4, 0x7C, 0x7C, 0x7C, 0x83, 0x69, 0xEE, 0x4C, 0x7C, 0x7C, 0xF7, 0xA4, 0xF9, 0xBC, 0x73, 0xF4, 0xFE, 0x7C, 0x7C, 0x7C,
		0xF1, 0x32, 0x7D, 0x3D, 0xC4, 0x38, 0x33, 0x2F, 0x7C, 0x34, 0xF7, 0xAB, 0x1A, 0xF5, 0x00, 0x58, 0x4E, 0x1A, 0xF5, 0x08, 0x58, 0x4C, 0x83, 0x69, 0x50, 0x4D, 0x7C, 0x7C, 0x34, 0xF5, 0x38, 0x58,
		0x44, 0x34, 0xF9, 0xBC, 0x09, 0x69, 0x34, 0xF7, 0xF0, 0x58, 0xD4, 0x7C, 0x7C, 0x7C, 0x83, 0x69, 0x38, 0x53, 0x7C, 0x7C, 0xC3, 0xE6, 0x7C, 0x7C, 0xBC, 0x97, 0x16, 0x38, 0x73, 0xCB, 0x38, 0x58,
		0x4E, 0x4F, 0xAE, 0x34, 0xF7, 0xB4, 0x94, 0x79, 0x55, 0x7C, 0x7C, 0x34, 0xF7, 0xF0, 0x58, 0xD4, 0x7C, 0x7C, 0x7C, 0x34, 0xF1, 0x28, 0x58, 0x4C, 0x39, 0x4F, 0xBC, 0x83, 0x69, 0x63, 0x4C, 0x7C,
		0x7C, 0x34, 0xF7, 0xF0, 0x58, 0xD4, 0x7C, 0x7C, 0x7C, 0xF7, 0xA4, 0x83, 0x69, 0x7B, 0x53, 0x7C, 0x7C, 0xF9, 0xA7, 0x05, 0x71, 0x34, 0xF7, 0x30, 0x58, 0x44, 0x4F, 0xAE, 0x83, 0x69, 0xC2, 0x4C,
		0x7C, 0x7C, 0xF7, 0x87, 0xF9, 0xA7, 0x04, 0x61, 0x34, 0xF1, 0x28, 0x58, 0x4C, 0x34, 0xF1, 0x30, 0x58, 0x3C, 0x83, 0x69, 0xC4, 0x53, 0x7C, 0x7C, 0x34, 0xF7, 0x30, 0x58, 0x44, 0x4F, 0xAE, 0x83,
		0x69, 0xE7, 0x4C, 0x7C, 0x7C, 0x30, 0xF1, 0xE0, 0x58, 0xEC, 0x7C, 0x7C, 0x7C, 0xF9, 0x83, 0x35, 0xF7, 0x27, 0x6C, 0x35, 0xF7, 0x0F, 0x5C, 0x73, 0xE5, 0xBC, 0x35, 0xF7, 0x9F, 0x23, 0xBF, 0xB0,
		0x34, 0xF5, 0x20, 0x58, 0x6C, 0x34, 0xF5, 0x10, 0x58, 0x64, 0x2A, 0x34, 0xFD, 0x90, 0x2C, 0x78, 0x7C, 0x7C, 0x4F, 0x91, 0x34, 0xF7, 0xA5, 0x34, 0xF7, 0x8E, 0x34, 0xF1, 0xF0, 0x58, 0x3E, 0x7E,
		0x7C, 0x7C, 0x4F, 0xAE, 0x3D, 0xC4, 0x7A, 0x7E, 0x7C, 0x7C, 0x1A, 0xF5, 0x10, 0x58, 0x5C, 0x1A, 0xF5, 0x10, 0x58, 0x5E, 0x34, 0xF5, 0x10, 0x58, 0x54, 0x1A, 0xF5, 0xD0, 0x58, 0x3C, 0x7E, 0x7C,
		0x7C, 0x94, 0x36, 0x54, 0x7C, 0x7C, 0x34, 0xF1, 0x30, 0x58, 0x4E, 0x4F, 0xAE, 0x3D, 0xC4, 0x7A, 0x7E, 0x7C, 0x7C, 0x1A, 0xF5, 0x10, 0x58, 0x4C, 0x94, 0x4F, 0x54, 0x7C, 0x7C, 0x34, 0xF1, 0x38,
		0x58, 0x4C, 0x3D, 0xC7, 0x78, 0x7D, 0x7C, 0x7C, 0x34, 0x57, 0xA4, 0x34, 0xF1, 0x30, 0x58, 0x4C, 0x35, 0xF1, 0xFF, 0x86, 0x82, 0x83, 0x03, 0x34, 0xF9, 0xBC, 0x08, 0x64, 0x73, 0xCB, 0x78, 0x77,
		0x1A, 0xF9, 0xBC, 0x08, 0x73, 0x1A, 0xF5, 0x7D, 0x34, 0xFF, 0xBD, 0x7E, 0x35, 0xFF, 0x97, 0x7D, 0x09, 0xA2, 0x97, 0x79, 0x31, 0xF9, 0xA7, 0x09, 0x78, 0x34, 0xFF, 0x95, 0x7E, 0x3D, 0xC4, 0x7D,
		0x7C, 0x7C, 0x7C, 0x1A, 0xF5, 0x55, 0x34, 0xF5, 0xC0, 0x58, 0x1C, 0x78, 0x7C, 0x7C, 0x35, 0xF7, 0xBC, 0x1A, 0xFF, 0x00, 0x38, 0x4C, 0x46, 0x08, 0x51, 0x34, 0x83, 0xBC, 0x3D, 0x83, 0xBC, 0x34,
		0x41, 0x7F, 0x7D, 0x7C, 0x7C, 0x00, 0x96, 0x4E, 0xBC, 0x34, 0xF7, 0xC0, 0x58, 0x1C, 0x78, 0x7C, 0x7C, 0x30, 0xF1, 0xE0, 0x58, 0x2C, 0x78, 0x7C, 0x7C, 0x35, 0xF7, 0x27, 0x64, 0x35, 0xF7, 0x17,
		0x5C, 0x35, 0xF7, 0x9F, 0x22, 0xBF, 0x3D, 0xF1, 0x34, 0x7D, 0xC4, 0x03, 0x9C, 0x7B, 0x02, 0x8B, 0x95, 0xBD, 0x86, 0x7B, 0xF7, 0xBE, 0xBD, 0x94, 0x63, 0x7F, 0xAC, 0x15, 0xAE, 0x78, 0x7D, 0x7C,
		0x7C, 0x57, 0xB6, 0x34, 0x1F, 0xBD, 0x34, 0xF1, 0x00, 0x38, 0x4C, 0x35, 0x1F, 0xBC, 0x73, 0xCB, 0x30, 0x38, 0x52, 0x34, 0xF9, 0x83, 0x08, 0xD3, 0x1A, 0xFF, 0x85, 0x43, 0x09, 0x47, 0xC7, 0x74,
		0x7E, 0x7C, 0x7C, 0x1A, 0xF5, 0x10, 0x58, 0x5C, 0x34, 0xF5, 0x08, 0x58, 0x54, 0x1A, 0xF5, 0x20, 0x58, 0x5E, 0x34, 0xF1, 0x69, 0xE3, 0x4D, 0x7C, 0x7C, 0x34, 0xF1, 0x30, 0x58, 0x5C, 0x83, 0x69,
		0x08, 0x52, 0x7C, 0x7C, 0x34, 0xF1, 0x30, 0x58, 0x5C, 0x34, 0xF7, 0xAB, 0x83, 0x69, 0x1A, 0x52, 0x7C, 0x7C, 0xCC, 0x7D, 0x95, 0x0C, 0x83, 0x83, 0x83, 0xC7, 0x74, 0x7E, 0x7C, 0x7C, 0x34, 0xF1,
		0xE8, 0x58, 0x3C, 0x7E, 0x7C, 0x7C, 0x38, 0xF7, 0xBF, 0x94, 0x8E, 0x80, 0x83, 0x83, 0xF8, 0xBC, 0x73, 0xF8, 0x2D, 0x83, 0x83, 0x83, 0x1A, 0xF5, 0x10, 0x58, 0x5C, 0x1A, 0xF5, 0x20, 0x58, 0x5E,
		0x34, 0xF5, 0x08, 0x58, 0x54, 0x34, 0xF1, 0xE8, 0x58, 0x3C, 0x7E, 0x7C, 0x7C, 0x97, 0xD6, 0xB0, 0x34, 0xF5, 0x20, 0x58, 0x74, 0x2B, 0x34, 0xFF, 0x90, 0x4C, 0x34, 0xF7, 0x85, 0x4E, 0xA7, 0x1A,
		0xFF, 0x45, 0x7C, 0x0A, 0x45, 0x34, 0xF7, 0x35, 0x74, 0x34, 0xF9, 0xB5, 0x08, 0x4C, 0x83, 0x69, 0x98, 0x51, 0x7C, 0x7C, 0xF8, 0xBC, 0x08, 0x5A, 0x34, 0xF7, 0x33, 0x74, 0x73, 0xCB, 0x7B, 0x34,
		0xAD, 0x94, 0x34, 0xF1, 0x30, 0x3D, 0x82, 0x83, 0x69, 0xB7, 0x51, 0x7C, 0x7C, 0x73, 0xCA, 0xA7, 0xC5, 0x7D, 0x7C, 0x7C, 0x7C, 0xF8, 0xBC, 0x73, 0x39, 0xA5, 0xF4, 0x20, 0x58, 0x5C, 0x97, 0x7A,
		0x4E, 0xA7, 0xF4, 0x20, 0x58, 0x5C, 0xF6, 0xBF, 0x34, 0xF7, 0x20, 0x58, 0x3C, 0x34, 0xFF, 0xB8, 0x4C, 0x23, 0xBF, 0xB0, 0xB0, 0xB0, 0xB0, 0xB0, 0xB0, 0xB0, 0xB0, 0xB0, 0xB0, 0xB0, 0xB0, 0xB0,
		0x34, 0xFF, 0x90, 0x54, 0x30, 0xF7, 0xB6, 0x34, 0xF9, 0xB5, 0x08, 0x10, 0x30, 0xF7, 0x2D, 0x74, 0x31, 0xF9, 0xAE, 0x08, 0x1F, 0x38, 0x73, 0xCB, 0x7D, 0x1A, 0x39, 0xF9, 0xBC, 0x08, 0x25, 0x34,
		0xF9, 0xAE, 0x08, 0x28, 0x34, 0xFF, 0xB5, 0x83, 0x34, 0xF5, 0x00, 0x58, 0x5C, 0x4F, 0xBC, 0x34, 0xF7, 0x86, 0x1A, 0x3D, 0xAD, 0x94, 0x1A, 0x8E, 0xD3, 0x34, 0x8B, 0xAD, 0x34, 0x83, 0xB5, 0x34,
		0xF7, 0x85, 0x1A, 0x3D, 0x47, 0xB4, 0x0B, 0x5A, 0x1A, 0xF9, 0xB5, 0x08, 0x5D, 0x73, 0xCB, 0xBD, 0x3D, 0x73, 0xCB, 0xAC, 0x38, 0x73, 0xCB, 0xBB, 0x57, 0xAC, 0x34, 0x1F, 0xBE, 0x35, 0xF7, 0xAD,
		0x35, 0xF1, 0x70, 0x3E, 0x94, 0x0D, 0x5E, 0x7C, 0x7C, 0xF9, 0xBC, 0x73, 0xE8, 0xBC, 0x34, 0xF7, 0x00, 0x58, 0x5C, 0x34, 0xFF, 0xB8, 0x54, 0xBF, 0x4E, 0xBC, 0x34, 0xFF, 0xB8, 0x54, 0xBF, 0xB0,
		0x3C, 0x2F, 0x34, 0xFF, 0x90, 0x3C, 0x4F, 0xBC, 0x34, 0xF1, 0x69, 0xDD, 0x4C, 0x7C, 0x7C, 0x39, 0x4F, 0xB5, 0x34, 0xF5, 0x7D, 0x34, 0xF5, 0x3D, 0x74, 0x39, 0x4F, 0xBC, 0x34, 0xF5, 0x3D, 0x6C,
		0x34, 0xF7, 0xA5, 0x94, 0x38, 0x5E, 0x7C, 0x7C, 0xF9, 0xBC, 0x73, 0xF4, 0xFF, 0x7C, 0x7C, 0x7C, 0x34, 0xF7, 0x77, 0x34, 0xF1, 0x38, 0x58, 0x1C, 0x34, 0xF5, 0x00, 0x58, 0x2C, 0x4F, 0x83, 0x30,
		0xF1, 0x38, 0x58, 0x24, 0x34, 0xF1, 0x69, 0x09, 0x4C, 0x7C, 0x7C, 0x38, 0xF1, 0x33, 0x78, 0xF5, 0x00, 0x58, 0x54, 0x34, 0xF5, 0x38, 0x58, 0x5C, 0x94, 0x39, 0x5E, 0x7C, 0x7C, 0xF9, 0xBC, 0x04,
		0x31, 0xF7, 0x28, 0x58, 0x24, 0xF1, 0x33, 0x7D, 0x3D, 0xC4, 0x15, 0x0E, 0x19, 0x0A, 0x83, 0x69, 0xE8, 0x51, 0x7C, 0x7C, 0x34, 0xF5, 0x3F, 0x6C, 0x34, 0xF9, 0xBC, 0x09, 0x6C, 0xC4, 0xE6, 0x7C,
		0x7C, 0xBC, 0x34, 0xF7, 0x00, 0x58, 0x2C, 0x34, 0xFF, 0xB8, 0x3C, 0x27, 0xBF, 0x38, 0xF7, 0x30, 0x58, 0x24, 0x34, 0xF7, 0x77, 0xF5, 0x00, 0x58, 0x4C, 0x34, 0xF1, 0x2F, 0x74, 0x30, 0xF7, 0xBC,
		0xF5, 0x00, 0x58, 0x54, 0x34, 0xF5, 0x00, 0x58, 0x5C, 0x94, 0x92, 0x5D, 0x7C, 0x7C, 0x34, 0xF7, 0x00, 0x58, 0x2C, 0x34, 0xFF, 0xB8, 0x3C, 0x27, 0xBF, 0xB0, 0xB0, 0xB0, 0xB0, 0xB0, 0xB0, 0xB0,
		0x34, 0xF5, 0x20, 0x58, 0x74, 0x34, 0xF5, 0x10, 0x58, 0x6C, 0x34, 0xF5, 0x08, 0x58, 0x64, 0x2B, 0x3D, 0x28, 0x3D, 0x29, 0x34, 0xFF, 0x90, 0x2C, 0xF7, 0x96, 0x30, 0xF7, 0x9D, 0x3D, 0xF7, 0x85,
		0x35, 0xF7, 0x8C, 0x39, 0x4F, 0x91, 0x34, 0xF1, 0x69, 0x67, 0x4C, 0x7C, 0x7C, 0x34, 0xF1, 0x30, 0x58, 0x34, 0x39, 0x4F, 0xB5, 0x39, 0x4F, 0xBC, 0x30, 0xF5, 0x10, 0x58, 0x34, 0x30, 0xF5, 0x10,
		0x58, 0x3C, 0x94, 0x19, 0x5D, 0x7C, 0x7C, 0xF7, 0xA4, 0xF9, 0xBC, 0x04, 0x25, 0x34, 0xF7, 0x30, 0x58, 0x34, 0x34, 0xF1, 0x79, 0xAB, 0x36, 0x7C, 0x7C, 0x38, 0xF5, 0x10, 0x58, 0x4C, 0x30, 0xF1,
		0x30, 0x58, 0x3C, 0x30, 0xF1, 0x79, 0x8A, 0x53, 0x7C, 0x7C, 0x4F, 0xAE, 0xBB, 0x38, 0x58, 0x54, 0x34, 0x7C, 0x7C, 0x7C, 0x34, 0xF5, 0x38, 0x58, 0x5C, 0x94, 0x2E, 0x5D, 0x7C, 0x7C, 0xF7, 0xA4,
		0xF9, 0xBC, 0x04, 0x5E, 0x34, 0xF7, 0x30, 0x58, 0x3C, 0x38, 0xF5, 0x10, 0x58, 0x4C, 0x38, 0xF7, 0xB1, 0x31, 0xF7, 0xB8, 0x4F, 0xAE, 0xF5, 0x00, 0x58, 0x54, 0x34, 0xF5, 0x08, 0x58, 0x5C, 0x94,
		0x5C, 0x5D, 0x7C, 0x7C, 0xF7, 0xA4, 0x34, 0xF7, 0x30, 0x58, 0x3C, 0x34, 0xF9, 0xB5, 0x08, 0x79, 0x94, 0x5D, 0x5D, 0x7C, 0x7C, 0x34, 0xF7, 0x30, 0x58, 0x34, 0x34, 0xF9, 0xB5, 0x08, 0x7B, 0x4F,
		0xAE, 0x94, 0x78, 0x5D, 0x7C, 0x7C, 0x34, 0xF7, 0x10, 0x58, 0x04, 0x34, 0xF7, 0xC8, 0x58, 0xFC, 0x7C, 0x7C, 0x7C, 0xF7, 0xBF, 0x34, 0xF7, 0x20, 0x58, 0x0C, 0x34, 0xFF, 0xB8, 0x2C, 0x3D, 0x21,
		0x3D, 0x20, 0x23, 0xBF, 0xB0, 0xB0, 0xB0, 0xB0, 0xB0, 0xB0, 0xB0, 0xB0, 0xB0, 0xB0, 0xB0, 0xB0, 0x34, 0xF5, 0x20, 0x58, 0x74, 0x34, 0xF5, 0x10, 0x58, 0x6C, 0x34, 0xF5, 0x08, 0x58, 0x64, 0x2B,
		0x3D, 0x28, 0x3D, 0x29, 0x34, 0xFF, 0x90, 0x2C, 0x34, 0xF7, 0x95, 0x34, 0xF1, 0x30, 0x58, 0x44, 0x39, 0xF7, 0x9D, 0x31, 0xF7, 0x94, 0xF7, 0x8E, 0x4F, 0xA7, 0x94, 0x5D, 0x82, 0x83, 0x83, 0xF7,
		0x84, 0xF9, 0xBC, 0x73, 0xF4, 0xC2, 0x7C, 0x7C, 0x7C, 0x34, 0xF7, 0x30, 0x58, 0x3C, 0x39, 0x4F, 0xB5, 0x38, 0xF7, 0xBA, 0x34, 0xF7, 0xA9, 0x94, 0x00, 0x5C, 0x7C, 0x7C, 0x34, 0xF7, 0x30, 0x58,
		0x44, 0x34, 0xF1, 0x38, 0x58, 0x48, 0x38, 0xF1, 0x37, 0x78, 0x30, 0xF1, 0x38, 0x58, 0x4C, 0x34, 0xF1, 0x69, 0xB6, 0x52, 0x7C, 0x7C, 0xF5, 0x20, 0x58, 0x54, 0x34, 0xF5, 0x38, 0x58, 0x5C, 0x94,
		0x02, 0x5C, 0x7C, 0x7C, 0xF7, 0x84, 0xF9, 0xBC, 0x04, 0x2E, 0xF7, 0x28, 0x58, 0x4C, 0xF1, 0x37, 0x7D, 0x3D, 0xC4, 0x15, 0x0E, 0x19, 0x0A, 0x83, 0x69, 0xB7, 0x57, 0x7C, 0x7C, 0x34, 0xF7, 0xA4,
		0x34, 0xF9, 0xBC, 0x09, 0x7B, 0xC3, 0xE6, 0x7C, 0x7C, 0xBC, 0x97, 0x67, 0x38, 0xF7, 0x38, 0x58, 0x4C, 0x34, 0xF7, 0x30, 0x58, 0x3C, 0x39, 0x4F, 0xB5, 0x34, 0xF7, 0xAC, 0x94, 0x61, 0x5C, 0x7C,
		0x7C, 0xF7, 0x84, 0xF9, 0xBC, 0x05, 0x65, 0x34, 0xF9, 0xA7, 0x08, 0x6C, 0xC6, 0x15, 0x0E, 0x19, 0x0A, 0x34, 0xF7, 0xB7, 0x83, 0x69, 0xFA, 0x57, 0x7C, 0x7C, 0x4F, 0xA7, 0xF9, 0x83, 0x04, 0x68,
		0xF7, 0x28, 0x58, 0x4C, 0x39, 0xF7, 0xB0, 0x31, 0xF7, 0xB9, 0x34, 0xF7, 0xB7, 0x94, 0x52, 0x82, 0x83, 0x83, 0xF7, 0x84, 0x34, 0xF9, 0xA7, 0x08, 0x72, 0xC6, 0x15, 0x0E, 0x19, 0x0A, 0x34, 0xF7,
		0xB7, 0x83, 0x69, 0x25, 0x57, 0x7C, 0x7C, 0x34, 0xF7, 0x30, 0x58, 0x3C, 0x34, 0xF9, 0xB5, 0x08, 0x79, 0x94, 0xC0, 0x63, 0x7C, 0x7C, 0x34, 0xF7, 0x30, 0x58, 0x34, 0x34, 0xF9, 0xB5, 0x08, 0x77,
		0xC6, 0x15, 0x0E, 0x19, 0x0A, 0x83, 0x69, 0x49, 0x57, 0x7C, 0x7C, 0x34, 0xF7, 0x30, 0x58, 0x44, 0x34, 0xF9, 0xB5, 0x08, 0x7B, 0x4F, 0xAE, 0x94, 0xD2, 0x63, 0x7C, 0x7C, 0x34, 0xF7, 0x20, 0x58,
		0x0C, 0x34, 0xF7, 0x10, 0x58, 0x04, 0x34, 0xF7, 0xC8, 0x58, 0xFC, 0x7C, 0x7C, 0x7C, 0xF7, 0xBB, 0x34, 0xFF, 0xB8, 0x2C, 0x3D, 0x21, 0x3D, 0x20, 0x23, 0xBF, 0xB0, 0xB0, 0xB0, 0xB0, 0xB0, 0xB0,
		0x34, 0xF7, 0xB8, 0x29, 0x2A, 0x3D, 0x28, 0x34, 0xFF, 0x90, 0x3C, 0x39, 0x4F, 0x98, 0x34, 0xF7, 0x8D, 0x30, 0xF1, 0x34, 0x6C, 0x34, 0xF1, 0x2C, 0xB4, 0x39, 0xF1, 0x38, 0x58, 0x68, 0x3D, 0xF1,
		0x30, 0x58, 0x30, 0x3C, 0x4E, 0x91, 0xBB, 0x3C, 0xB0, 0x7D, 0x7C, 0x7C, 0x7C, 0xBB, 0x3C, 0xB4, 0x3E, 0x31, 0x2F, 0x2E, 0x38, 0xF5, 0x1C, 0xAC, 0x38, 0xF5, 0x1C, 0xA8, 0xBB, 0x3C, 0x6C, 0x68,
		0x7C, 0x7C, 0x7C, 0x94, 0x64, 0x63, 0x7C, 0x7C, 0x41, 0x5F, 0x7C, 0x7C, 0xBC, 0x08, 0x77, 0x4E, 0xBC, 0x34, 0xFF, 0xB8, 0x3C, 0x3D, 0x20, 0x22, 0x21, 0xBF, 0x34, 0xF5, 0x20, 0x58, 0x1C, 0xF7,
		0x20, 0x58, 0x50, 0xC5, 0x7D, 0x7C, 0x7C, 0x7C, 0xF1, 0x3F, 0x68, 0x3D, 0xC4, 0x15, 0x0E, 0x19, 0x0A, 0x34, 0xF5, 0x00, 0x58, 0x0C, 0xF7, 0xAC, 0xF5, 0x38, 0x58, 0x14, 0x83, 0x69, 0xFA, 0x56,
		0x7C, 0x7C, 0x34, 0xF7, 0x84, 0x34, 0xF9, 0xBC, 0x73, 0xF8, 0x11, 0x7D, 0x7C, 0x7C, 0x34, 0xF1, 0x28, 0x58, 0x5C, 0x30, 0xF1, 0x30, 0x58, 0x14, 0xC5, 0x30, 0x7C, 0x7C, 0x7C, 0xF7, 0x7E, 0xF5,
		0x7B, 0xF7, 0x3E, 0x78, 0xF5, 0x3B, 0x78, 0xF7, 0x3E, 0x74, 0xF5, 0x3B, 0x74, 0xF7, 0x3E, 0x70, 0xF5, 0x3B, 0x70, 0xF7, 0x3E, 0x6C, 0x34, 0xF7, 0xAB, 0xF5, 0x3B, 0x6C, 0xF5, 0x23, 0x70, 0x38,
		0xF7, 0x38, 0x58, 0x14, 0x94, 0xEB, 0x62, 0x7C, 0x7C, 0xF9, 0xBC, 0x73, 0xF4, 0x65, 0x7D, 0x7C, 0x7C, 0xF7, 0x3B, 0x68, 0x34, 0xF1, 0x33, 0x64, 0x34, 0xF1, 0x28, 0x44, 0x64, 0x34, 0x47, 0xB6,
		0x73, 0xFF, 0x78, 0x7D, 0x7C, 0x7C, 0x1A, 0x1A, 0x73, 0x63, 0xF8, 0x7C, 0x7C, 0x7C, 0x7C, 0x7C, 0x73, 0xCA, 0x3D, 0x7D, 0x40, 0x78, 0x73, 0xFE, 0x92, 0x7C, 0x7C, 0x7C, 0xFC, 0x45, 0x7D, 0x09,
		0x78, 0x40, 0x65, 0x0F, 0x50, 0x73, 0xCA, 0xBC, 0x34, 0x7F, 0xBD, 0x34, 0x47, 0xBE, 0x0F, 0x6F, 0x38, 0x44, 0x5C, 0x09, 0x7A, 0x38, 0x44, 0x1C, 0x7D, 0x08, 0x74, 0x34, 0x83, 0xBC, 0x34, 0x47,
		0xBE, 0x0E, 0x91, 0x34, 0xF1, 0x34, 0x7E, 0x34, 0x47, 0xB6, 0x0E, 0xB8, 0x95, 0xC5, 0x7C, 0x7C, 0x7C, 0x3D, 0xCC, 0x7D, 0x31, 0xF7, 0xB0, 0x3D, 0xF6, 0xAC, 0x1A, 0x73, 0x63, 0x38, 0x7C, 0x7C,
		0x39, 0xF8, 0xBC, 0x09, 0x78, 0xF8, 0xAE, 0x08, 0x53, 0x3D, 0x73, 0xCA, 0x38, 0x75, 0x74, 0x39, 0x73, 0xCA, 0xBC, 0x73, 0xCA, 0xAE, 0xF8, 0xBC, 0x39, 0x73, 0x39, 0xB8, 0x40, 0x83, 0x3D, 0x73,
		0x39, 0xA8, 0x35, 0x83, 0xBD, 0x35, 0xFF, 0x85, 0x6C, 0x00, 0xA9, 0x39, 0xF8, 0xBC, 0x73, 0xF9, 0x0A, 0x7C, 0x7C, 0x7C, 0xF8, 0xAE, 0x09, 0x0E, 0x73, 0xCA, 0x3D, 0x77, 0x3C, 0xC9, 0x7D, 0xF4,
		0x7A, 0x73, 0xCA, 0x3D, 0x76, 0xF4, 0x3A, 0x7D, 0x73, 0xCA, 0x3D, 0x75, 0xF4, 0x3A, 0x7E, 0x73, 0xCA, 0x3D, 0x74, 0xF4, 0x3A, 0x7F, 0x73, 0xCA, 0x3D, 0x71, 0xF4, 0x3A, 0x78, 0x73, 0xCA, 0x3D,
		0x70, 0xF4, 0x3A, 0x79, 0x73, 0xCA, 0x3D, 0x73, 0xF4, 0x3A, 0x7A, 0x73, 0xCA, 0x3D, 0x72, 0xF4, 0x3A, 0x7B, 0x73, 0xCA, 0x3D, 0x6C, 0xF4, 0x3A, 0x74, 0x73, 0xCA, 0x3D, 0x6D, 0xF4, 0x3A, 0x75,
		0x73, 0xCA, 0x3D, 0x6E, 0xF4, 0x3A, 0x76, 0x73, 0xCA, 0x3D, 0x6F, 0xF4, 0x3A, 0x77, 0x73, 0xCA, 0x3D, 0x68, 0xF4, 0x3A, 0x70, 0x73, 0xCA, 0x3D, 0x69, 0xF4, 0x3A, 0x71, 0x73, 0xCA, 0x3D, 0x6A,
		0xF4, 0x3A, 0x72, 0x73, 0xCA, 0x3D, 0x6B, 0xF4, 0x3A, 0x73, 0xC6, 0x15, 0x0E, 0x19, 0x0A, 0x34, 0xF7, 0xB3, 0x83, 0x69, 0x74, 0x55, 0x7C, 0x7C, 0x3C, 0xF6, 0xB9, 0x34, 0xF7, 0x20, 0x58, 0x1C,
		0x34, 0xF7, 0x00, 0x58, 0x0C, 0x34, 0xFF, 0xB8, 0x3C, 0x3D, 0x20, 0x22, 0x21, 0xBF, 0xB0, 0xB0, 0x34, 0xFF, 0x90, 0x44, 0x34, 0xF1, 0x30, 0x58, 0x5C, 0x94, 0x9E, 0x81, 0x83, 0x83, 0xF8, 0xBC,
		0x73, 0xF8, 0xAD, 0x7D, 0x7C, 0x7C, 0x73, 0xCA, 0x30, 0x58, 0x5C, 0x30, 0xF1, 0x71, 0x2A, 0x57, 0x7C, 0x7C, 0x3D, 0xC6, 0x51, 0x7C, 0x7C, 0x7C, 0x34, 0xF7, 0xBD, 0xFF, 0x9D, 0x73, 0x1A, 0x38,
		0xF5, 0x69, 0x66, 0x1B, 0x7C, 0x7C, 0x34, 0xBD, 0x94, 0x78, 0x3D, 0xC4, 0x78, 0x7C, 0x7C, 0x7C, 0x3D, 0x73, 0xCB, 0x78, 0x3D, 0x1A, 0xF5, 0x79, 0x88, 0x1A, 0x7C, 0x7C, 0x3D, 0x73, 0xCB, 0x78,
		0x35, 0x73, 0xCA, 0x30, 0x58, 0x5D, 0x1A, 0xF5, 0x79, 0x99, 0x1A, 0x7C, 0x7C, 0x34, 0xF7, 0xBD, 0xFF, 0x9D, 0x73, 0x34, 0xBD, 0x94, 0x78, 0x3D, 0x73, 0xCB, 0x78, 0x3D, 0x1A, 0xF5, 0x79, 0xAD,
		0x1A, 0x7C, 0x7C, 0x3D, 0x73, 0xCB, 0x78, 0x35, 0x73, 0xCA, 0x30, 0x58, 0x5E, 0x1A, 0xF5, 0x79, 0xBE, 0x1A, 0x7C, 0x7C, 0x34, 0xF7, 0xBD, 0xFF, 0x9D, 0x73, 0x34, 0xBD, 0x94, 0x78, 0x3D, 0x73,
		0xCB, 0x78, 0x3D, 0x1A, 0xF5, 0x79, 0xD2, 0x1A, 0x7C, 0x7C, 0x3D, 0x73, 0xCB, 0x78, 0x35, 0x73, 0xCA, 0x30, 0x58, 0x5F, 0x1A, 0xF5, 0x79, 0xE3, 0x1A, 0x7C, 0x7C, 0x34, 0xF7, 0xBD, 0x34, 0xBD,
		0x94, 0x78, 0xFF, 0x9D, 0x73, 0x3D, 0x73, 0xCB, 0x78, 0x3D, 0x1A, 0xF5, 0x79, 0xF7, 0x1A, 0x7C, 0x7C, 0x3D, 0x73, 0xCB, 0x78, 0x35, 0x34, 0xF1, 0x71, 0xF9, 0x1A, 0x7C, 0x7C, 0x1A, 0xF5, 0x79,
		0x06, 0x1A, 0x7C, 0x7C, 0x1A, 0x1A, 0x1A, 0x1A, 0x73, 0x63, 0xF8, 0x7C, 0x7C, 0x7C, 0x7C, 0x7C, 0x3E, 0x73, 0xCA, 0x28, 0x78, 0x5C, 0x35, 0x83, 0xBC, 0x34, 0xFF, 0xBD, 0x78, 0x34, 0xF7, 0xBE,
		0xFF, 0x9E, 0x73, 0x34, 0xBD, 0x94, 0x78, 0x35, 0xFF, 0x84, 0x7A, 0x3D, 0x73, 0xCB, 0x78, 0x3D, 0x1A, 0xF5, 0x3D, 0x80, 0x3D, 0x73, 0xCB, 0x78, 0x2D, 0x1A, 0xF5, 0x3D, 0x82, 0x00, 0xAD, 0x1A,
		0x38, 0xF5, 0x6D, 0x34, 0xFF, 0xBD, 0x7E, 0x3D, 0xC4, 0x7A, 0x7C, 0x7C, 0x7C, 0x73, 0x63, 0x7C, 0x3E, 0x73, 0xCA, 0x28, 0x78, 0x5C, 0x35, 0x83, 0xBC, 0x34, 0xFF, 0xBD, 0x78, 0x34, 0xF7, 0xBE,
		0xFF, 0x9E, 0x73, 0x34, 0xBD, 0x94, 0x78, 0x35, 0xFF, 0x84, 0x74, 0x3D, 0x73, 0xCB, 0x78, 0x3D, 0x1A, 0xF5, 0x3D, 0x80, 0x3D, 0x73, 0xCB, 0x78, 0x2D, 0x1A, 0xF5, 0x3D, 0x82, 0x00, 0xAD, 0x1A,
		0x38, 0xF5, 0x6D, 0x34, 0xFF, 0xBD, 0x7E, 0x3D, 0xC4, 0x74, 0x7C, 0x7C, 0x7C, 0x73, 0x63, 0x7C, 0x3E, 0x73, 0xCA, 0x28, 0x78, 0x5C, 0x35, 0x83, 0xBC, 0x34, 0xFF, 0xBD, 0x78, 0x34, 0xF7, 0xBE,
		0xFF, 0x9E, 0x73, 0x34, 0xBD, 0x94, 0x78, 0x35, 0xFF, 0x84, 0x76, 0x3D, 0x73, 0xCB, 0x78, 0x3D, 0x1A, 0xF5, 0x3D, 0x80, 0x3D, 0x73, 0xCB, 0x78, 0x2D, 0x1A, 0xF5, 0x3D, 0x82, 0x00, 0xAD, 0x1A,
		0x38, 0xF5, 0x6D, 0x34, 0xFF, 0xBD, 0x7E, 0x3D, 0xC4, 0x76, 0x7C, 0x7C, 0x7C, 0x73, 0x63, 0x7C, 0x3E, 0x73, 0xCA, 0x28, 0x78, 0x5C, 0x35, 0x83, 0xBC, 0x34, 0xFF, 0xBD, 0x78, 0x34, 0xF7, 0xBE,
		0xFF, 0x9E, 0x73, 0x34, 0xBD, 0x94, 0x78, 0x35, 0xFF, 0x84, 0x6C, 0x3D, 0x73, 0xCB, 0x78, 0x3D, 0x1A, 0xF5, 0x3D, 0x80, 0x3D, 0x73, 0xCB, 0x78, 0x2D, 0x1A, 0xF5, 0x3D, 0x82, 0x00, 0xAD, 0x4F,
		0xBC, 0x34, 0xF1, 0x69, 0x14, 0x19, 0x7C, 0x7C, 0x1A, 0xF5, 0x7D, 0x34, 0xF1, 0x71, 0x32, 0x56, 0x7C, 0x7C, 0x94, 0x2B, 0x67, 0x7C, 0x7C, 0x34, 0xFF, 0xB8, 0x44, 0xBF, 0xB0, 0xB0, 0xB0, 0xB0,
		0x34, 0xFF, 0x90, 0x24, 0x73, 0xCA, 0x3D, 0x3C, 0x34, 0xF5, 0x20, 0x58, 0x1C, 0x34, 0xF5, 0x08, 0x58, 0x0C, 0x34, 0xF7, 0x8D, 0xF8, 0xBC, 0x73, 0xF9, 0x56, 0x7D, 0x7C, 0x7C, 0x34, 0xF5, 0x10,
		0x58, 0x14, 0x34, 0xF5, 0x00, 0x58, 0x2C, 0x30, 0xF5, 0x18, 0x58, 0x34, 0x30, 0xF5, 0x10, 0x58, 0x3C, 0x34, 0xF1, 0x05, 0x6C, 0x39, 0x4F, 0x91, 0x73, 0x63, 0xF8, 0x7C, 0x7C, 0x7C, 0x7C, 0x7C,
		0x34, 0xF1, 0x32, 0x54, 0x39, 0x4F, 0xB5, 0x39, 0x4F, 0xBC, 0x4F, 0xAE, 0x30, 0xF5, 0x10, 0x58, 0x5C, 0x83, 0x69, 0x8D, 0x58, 0x7C, 0x7C, 0x30, 0xF1, 0x20, 0x58, 0x4C, 0x34, 0xF1, 0x38, 0x58,
		0x4C, 0x34, 0xF1, 0x32, 0x5C, 0x30, 0xF5, 0x20, 0x58, 0x44, 0x34, 0xF5, 0x38, 0x58, 0x4C, 0x83, 0x69, 0x1F, 0x59, 0x7C, 0x7C, 0x34, 0x45, 0x43, 0x08, 0x4D, 0x1A, 0x73, 0x63, 0x38, 0x7C, 0x7C,
		0x34, 0xF7, 0x6B, 0x30, 0xF1, 0x38, 0x58, 0x4C, 0x34, 0xF7, 0x76, 0x34, 0xF5, 0x73, 0x34, 0xF5, 0x05, 0x74, 0x34, 0xF7, 0x30, 0x58, 0x44, 0x30, 0xF5, 0x7E, 0x34, 0xF5, 0x36, 0x74, 0x34, 0xF5,
		0x6D, 0x34, 0xF5, 0x28, 0x58, 0x44, 0x34, 0x45, 0x43, 0x09, 0xA9, 0x34, 0xF1, 0x32, 0x5C, 0x73, 0xCA, 0xAC, 0x83, 0x69, 0xB4, 0x58, 0x7C, 0x7C, 0x34, 0xF7, 0x20, 0x58, 0x4C, 0x30, 0xF1, 0x20,
		0x58, 0x4C, 0x35, 0x47, 0xA7, 0x08, 0x1C, 0x1A, 0x73, 0x63, 0xF8, 0x7C, 0x7C, 0x7C, 0x7C, 0x7C, 0x34, 0xF7, 0x7F, 0x34, 0xF1, 0x30, 0x58, 0x4C, 0x34, 0xF5, 0x38, 0x58, 0x4C, 0x34, 0xF5, 0x34,
		0x74, 0x34, 0xF7, 0x37, 0x44, 0x83, 0x2F, 0x4C, 0xF5, 0x3F, 0x6C, 0x38, 0x44, 0x17, 0x3C, 0x08, 0x65, 0x8C, 0x38, 0x75, 0x50, 0x58, 0x73, 0xD2, 0x94, 0x34, 0xF1, 0x37, 0x64, 0x39, 0x4F, 0xBC,
		0x4F, 0xAE, 0x83, 0x69, 0x94, 0x59, 0x7C, 0x7C, 0x97, 0x72, 0xC6, 0x17, 0x0E, 0x2B, 0x17, 0x34, 0xF7, 0xB7, 0x83, 0x69, 0x94, 0x59, 0x7C, 0x7C, 0x34, 0xF7, 0x20, 0x58, 0x4C, 0x34, 0xF1, 0x38,
		0x58, 0x4C, 0x34, 0x47, 0xA4, 0x09, 0xD5, 0x73, 0xCA, 0x3A, 0x3C, 0xF8, 0xBC, 0x73, 0xF8, 0x71, 0x83, 0x83, 0x83, 0x30, 0xF7, 0x10, 0x58, 0x3C, 0x30, 0xF7, 0x18, 0x58, 0x34, 0x34, 0xF7, 0x00,
		0x58, 0x2C, 0x34, 0xF7, 0x10, 0x58, 0x14, 0x34, 0xF1, 0x38, 0x58, 0x4C, 0x34, 0xF1, 0x22, 0x5C, 0x34, 0xF5, 0x38, 0x58, 0x44, 0x34, 0xF1, 0x38, 0x58, 0x4C, 0x34, 0xF7, 0xB7, 0x34, 0xF5, 0x38,
		0x58, 0x4C, 0x83, 0x69, 0x0C, 0x58, 0x7C, 0x7C, 0x30, 0xF1, 0x32, 0x6C, 0x34, 0xF7, 0x08, 0x58, 0x0C, 0x38, 0x73, 0xCA, 0xA4, 0x31, 0x45, 0x75, 0x08, 0x4D, 0x1A, 0x73, 0x63, 0x38, 0x7C, 0x7C,
		0x31, 0xF7, 0x7D, 0x34, 0xF1, 0x30, 0x58, 0x4C, 0x35, 0xF7, 0x6C, 0x35, 0xF5, 0x6D, 0x30, 0xF5, 0x36, 0x74, 0x34, 0xF7, 0x38, 0x58, 0x44, 0x35, 0xF5, 0x74, 0x35, 0xF5, 0x3C, 0x74, 0x30, 0xF5,
		0x7C, 0x30, 0xF5, 0x38, 0x58, 0x44, 0x31, 0x45, 0x75, 0x09, 0xA9, 0x3D, 0x73, 0xCA, 0xAF, 0x34, 0xF7, 0xB7, 0x83, 0x69, 0xB4, 0x5F, 0x7C, 0x7C, 0x34, 0xF7, 0x30, 0x58, 0x4C, 0x34, 0xF7, 0x20,
		0x58, 0x1C, 0x30, 0xF1, 0x20, 0x58, 0x4C, 0x35, 0x47, 0xB7, 0x08, 0x29, 0x73, 0x63, 0x3C, 0x7C, 0x34, 0xF7, 0x7D, 0x34, 0xF1, 0x28, 0x58, 0x4C, 0x34, 0xF5, 0x38, 0x58, 0x4C, 0x34, 0xF5, 0x2C,
		0x74, 0xFC, 0x05, 0x3C, 0x7C, 0xBB, 0x3D, 0x6C, 0x5C, 0x7D, 0x7C, 0xBC, 0x08, 0x65, 0x8C, 0xFF, 0x70, 0x58, 0x7C, 0x73, 0xD2, 0x94, 0x34, 0xFF, 0xBD, 0x64, 0x39, 0x4F, 0xBC, 0x4F, 0xAE, 0x83,
		0x69, 0x97, 0x58, 0x7C, 0x7C, 0x97, 0x77, 0xC6, 0x17, 0x0E, 0x2B, 0x17, 0x83, 0x69, 0x92, 0x58, 0x7C, 0x7C, 0x34, 0xF7, 0x30, 0x58, 0x4C, 0x34, 0xF1, 0x38, 0x58, 0x4C, 0x34, 0x47, 0xB4, 0x09,
		0xD3, 0x34, 0xFF, 0xB8, 0x24, 0xBF, 0xB0, 0xB0, 0xB0, 0xB0, 0xB0, 0xB0, 0xB0, 0xB0, 0xB0, 0xB0, 0x34, 0xF5, 0x20, 0x58, 0x74, 0x34, 0xF5, 0x10, 0x58, 0x6C, 0x34, 0xF5, 0x08, 0x58, 0x64, 0x34,
		0xF5, 0x00, 0x58, 0x5C, 0x3D, 0x28, 0x34, 0xFF, 0x90, 0x0C, 0x4F, 0xBC, 0x39, 0x4F, 0x98, 0x34, 0xF7, 0x85, 0x34, 0xF5, 0x7D, 0x34, 0xF5, 0x3D, 0x74, 0x34, 0xF5, 0x3D, 0x6C, 0x34, 0xF5, 0x3D,
		0x64, 0x34, 0xF5, 0x3D, 0x54, 0x34, 0xF5, 0x3D, 0x4C, 0x34, 0xF5, 0x3D, 0x44, 0x34, 0xF5, 0x3D, 0x3C, 0x34, 0xF1, 0x3D, 0x6C, 0x34, 0xF5, 0x3C, 0x74, 0x34, 0xF5, 0x7C, 0x30, 0xF5, 0x1D, 0x5C,
		0x3D, 0xF1, 0x28, 0x58, 0x7D, 0x34, 0xFF, 0xBD, 0x54, 0x39, 0x4F, 0xBC, 0x83, 0x69, 0x2A, 0x58, 0x7C, 0x7C, 0x34, 0xF1, 0x79, 0x1B, 0x81, 0x83, 0x83, 0x34, 0xF5, 0x00, 0x58, 0x4C, 0x34, 0xF5,
		0x38, 0x58, 0x54, 0x30, 0xF1, 0x38, 0x58, 0x3C, 0x34, 0xF1, 0x33, 0x74, 0x39, 0x4F, 0xB5, 0xC6, 0x83, 0x83, 0x63, 0x7C, 0x30, 0xF5, 0x18, 0x58, 0x5C, 0xBB, 0x38, 0x58, 0x3C, 0x4C, 0x7C, 0x7C,
		0x7C, 0x30, 0xF5, 0x18, 0x58, 0x34, 0xBB, 0x38, 0x58, 0x24, 0x7C, 0x7E, 0x7C, 0x7C, 0x30, 0xF5, 0x18, 0x58, 0x2C, 0x30, 0xF5, 0x18, 0x58, 0x1C, 0x30, 0xF5, 0x18, 0x58, 0x14, 0x83, 0x69, 0xC1,
		0x5E, 0x7C, 0x7C, 0xF7, 0xA4, 0xF9, 0xBC, 0x05, 0x4E, 0xF5, 0x38, 0x58, 0x54, 0x34, 0xF1, 0x79, 0x20, 0x5B, 0x7C, 0x7C, 0x30, 0xF1, 0x71, 0x09, 0x5B, 0x7C, 0x7C, 0x39, 0xF1, 0x38, 0x58, 0x1E,
		0x34, 0xF1, 0x69, 0x05, 0x5B, 0x7C, 0x7C, 0x3D, 0xF1, 0x30, 0x58, 0x7F, 0x34, 0xF5, 0x38, 0x58, 0x5C, 0x94, 0x96, 0xA0, 0x83, 0x83, 0x95, 0xE7, 0x7C, 0x7C, 0x7C, 0x30, 0xF7, 0x79, 0xDA, 0x5E,
		0x7C, 0x7C, 0x34, 0xF7, 0x33, 0x74, 0x39, 0x4F, 0xB5, 0x31, 0xF7, 0x7C, 0xC6, 0x83, 0x83, 0x63, 0x7C, 0x30, 0xF5, 0x18, 0x58, 0x54, 0x34, 0xF5, 0x00, 0x58, 0x5C, 0x83, 0x69, 0x83, 0x5D, 0x7C,
		0x7C, 0xF7, 0xA4, 0xF9, 0xBC, 0x05, 0x0D, 0xF5, 0x38, 0x58, 0x54, 0x3D, 0xC4, 0x11, 0x7C, 0x7C, 0x7C, 0x34, 0xF1, 0x79, 0x84, 0x5A, 0x7C, 0x7C, 0x30, 0xF1, 0x71, 0x6D, 0x5B, 0x7C, 0x7C, 0x34,
		0xF1, 0x69, 0x66, 0x5B, 0x7C, 0x7C, 0x3D, 0xF1, 0x34, 0xEA, 0x34, 0xF5, 0x38, 0x58, 0x5C, 0x94, 0xF0, 0xA0, 0x83, 0x83, 0xBA, 0x3B, 0x3C, 0x7D, 0x8C, 0x38, 0x75, 0x58, 0x58, 0x73, 0xD2, 0x94,
		0x34, 0xF1, 0x33, 0x54, 0x39, 0x4F, 0xBC, 0x4F, 0xAE, 0x83, 0x69, 0x1D, 0x5F, 0x7C, 0x7C, 0x34, 0xF7, 0x33, 0x74, 0x39, 0x4F, 0xBC, 0x4F, 0xAE, 0x83, 0x69, 0x8E, 0x5D, 0x7C, 0x7C, 0x34, 0xF7,
		0x33, 0x74, 0x83, 0x69, 0xEC, 0x5D, 0x7C, 0x7C, 0x34, 0xF7, 0x73, 0x34, 0xF9, 0xB5, 0x08, 0x7A, 0x83, 0x69, 0xE6, 0x5D, 0x7C, 0x7C, 0xF7, 0xBF, 0x30, 0xF1, 0x20, 0x58, 0x0C, 0x35, 0xF7, 0x27,
		0x6C, 0x35, 0xF7, 0x17, 0x64, 0x35, 0xF7, 0x0F, 0x5C, 0x35, 0xF7, 0x07, 0x54, 0x35, 0xF7, 0x9F, 0x3D, 0x20, 0xBF, 0xB0, 0xB0, 0xB0, 0xB0, 0xB0, 0xB0, 0xB0, 0xB0, 0xB0, 0xB0, 0xB0, 0xB0, 0xB0,
		0x34, 0xF5, 0x10, 0x58, 0x64, 0x2A, 0x34, 0xFF, 0x90, 0x4C, 0x34, 0xF7, 0x95, 0xC6, 0x34, 0x7C, 0x7C, 0x7C, 0x3D, 0xC4, 0x17, 0x0E, 0x2B, 0x17, 0x4F, 0xB5, 0x83, 0x69, 0x74, 0x5F, 0x7C, 0x7C,
		0x34, 0xF7, 0x8C, 0x34, 0xF9, 0xBC, 0x09, 0x6C, 0xC4, 0xE6, 0x7C, 0x7C, 0xBC, 0x34, 0xF7, 0x10, 0x58, 0x2C, 0x34, 0xFF, 0xB8, 0x4C, 0x22, 0xBF, 0x4F, 0xBC, 0x34, 0xF1, 0x32, 0x64, 0x39, 0x4F,
		0xBC, 0x34, 0xF5, 0x7A, 0x34, 0xF5, 0x3A, 0x74, 0x34, 0xF5, 0x3A, 0x6C, 0x34, 0xF5, 0x3A, 0x64, 0x34, 0xF5, 0x3A, 0x5C, 0x34, 0xF5, 0x3A, 0x54, 0x34, 0xF5, 0x3A, 0x4C, 0x34, 0xF5, 0x3A, 0x44,
		0x4F, 0xAE, 0x34, 0xF5, 0x20, 0x58, 0x3C, 0x34, 0xF5, 0x3A, 0x3C, 0x34, 0xF5, 0x00, 0x58, 0x34, 0x83, 0x69, 0xEE, 0x5E, 0x7C, 0x7C, 0x34, 0xF1, 0x79, 0x1F, 0x6A, 0x7C, 0x7C, 0x34, 0xF1, 0x31,
		0x5C, 0x34, 0xF5, 0x3A, 0x4C, 0xBA, 0x3A, 0x3C, 0x7D, 0x34, 0xBB, 0x3A, 0x44, 0x7C, 0x7C, 0x7C, 0x7C, 0x83, 0x69, 0x1D, 0x5D, 0x7C, 0x7C, 0x34, 0xF7, 0x29, 0x64, 0x30, 0xF1, 0x39, 0x6C, 0x34,
		0xF5, 0x2A, 0x74, 0x30, 0xF5, 0x7A, 0x34, 0xF5, 0x4E, 0x34, 0xF1, 0x31, 0x5C, 0x73, 0xCA, 0xAC, 0x35, 0xF5, 0x0C, 0x74, 0x83, 0x69, 0x9A, 0x5C, 0x7C, 0x7C, 0x34, 0xF1, 0x31, 0x54, 0x39, 0x4F,
		0xBC, 0x4F, 0xAE, 0x83, 0x69, 0x3B, 0x5E, 0x7C, 0x7C, 0x34, 0xF1, 0x32, 0x64, 0x39, 0x4F, 0xB5, 0x39, 0x4F, 0xBC, 0x4F, 0xAE, 0x34, 0xBB, 0x38, 0x58, 0x5C, 0x7C, 0x7C, 0x7C, 0x7C, 0x83, 0x69,
		0xF8, 0x5C, 0x7C, 0x7C, 0xF7, 0x22, 0x6C, 0xC6, 0x17, 0x0E, 0x2B, 0x17, 0x34, 0xF7, 0xB2, 0x83, 0x69, 0x57, 0x5E, 0x7C, 0x7C, 0x34, 0xF7, 0x00, 0x58, 0x34, 0x34, 0xF7, 0x10, 0x58, 0x2C, 0xF7,
		0xBF, 0x34, 0xF7, 0x20, 0x58, 0x3C, 0x34, 0xFF, 0xB8, 0x4C, 0x22, 0xBF, 0xB0, 0xB0, 0xB0, 0xB0, 0x34, 0xF5, 0x20, 0x58, 0x74, 0x34, 0xF5, 0x10, 0x58, 0x6C, 0x34, 0xF5, 0x08, 0x58, 0x64, 0x2B,
		0x3D, 0x28, 0x3D, 0x29, 0x34, 0xFF, 0x90, 0x2C, 0xF7, 0x3D, 0x74, 0x34, 0xF7, 0x49, 0x4A, 0x3C, 0x7C, 0x7C, 0x30, 0xF7, 0x9D, 0x38, 0xF1, 0x10, 0x7C, 0x6A, 0x4F, 0xB5, 0x3D, 0xF7, 0xA9, 0x83,
		0x69, 0xCF, 0x5D, 0x7C, 0x7C, 0x3D, 0xF7, 0xB1, 0x34, 0xF7, 0x84, 0x34, 0xF7, 0x94, 0x4F, 0xBC, 0x8F, 0xD6, 0x34, 0x45, 0x79, 0x73, 0x3C, 0x7C, 0x7C, 0x73, 0xF9, 0xE9, 0x7C, 0x7C, 0x7C, 0x3D,
		0xF7, 0x70, 0x58, 0x34, 0xF1, 0x01, 0x68, 0x35, 0xF1, 0x28, 0x58, 0x70, 0xF5, 0x31, 0x74, 0x3D, 0xF7, 0x30, 0x58, 0x78, 0xF5, 0x31, 0x70, 0x3D, 0xF7, 0x38, 0x58, 0x74, 0x34, 0xF7, 0xB3, 0xF5,
		0x39, 0x6C, 0x3D, 0xF7, 0x38, 0x58, 0x70, 0xF5, 0x39, 0x68, 0x39, 0xF7, 0x38, 0x58, 0x74, 0x31, 0x7F, 0xBC, 0x94, 0x35, 0x6A, 0x7C, 0x7C, 0xF7, 0x39, 0x6C, 0x4F, 0xB5, 0x1A, 0xF5, 0x30, 0x39,
		0x68, 0xF7, 0x39, 0x6C, 0x34, 0xF5, 0x00, 0x58, 0x34, 0xF5, 0x38, 0x58, 0x3C, 0xF7, 0x39, 0x70, 0x38, 0xF1, 0x3D, 0x30, 0xF5, 0x38, 0x58, 0x44, 0xF7, 0x39, 0x74, 0x34, 0xF5, 0x31, 0x7C, 0xF5,
		0x38, 0x58, 0x4C, 0x34, 0xF1, 0x79, 0x5A, 0x59, 0x7C, 0x7C, 0x30, 0xF1, 0x71, 0x0B, 0x59, 0x7C, 0x7C, 0x34, 0xF1, 0x69, 0xF4, 0x59, 0x7C, 0x7C, 0x3D, 0xF1, 0x34, 0xC9, 0x38, 0xF5, 0x10, 0x58,
		0x54, 0x34, 0xF5, 0x38, 0x58, 0x5C, 0x94, 0x49, 0xA6, 0x83, 0x83, 0x34, 0xF5, 0x51, 0x0A, 0x43, 0x7C, 0x7C, 0x97, 0x26, 0x34, 0x45, 0x7A, 0x08, 0x73, 0x73, 0x63, 0xFC, 0x7C, 0x7C, 0x7C, 0x7C,
		0x34, 0xF7, 0x4A, 0x34, 0x45, 0x7A, 0x09, 0x84, 0x34, 0xF5, 0x52, 0x3D, 0xF7, 0x78, 0x58, 0x35, 0xF1, 0x28, 0x58, 0x70, 0xF5, 0x39, 0x74, 0x3D, 0xF7, 0x38, 0x58, 0x78, 0x34, 0xF1, 0x31, 0x68,
		0xF5, 0x39, 0x70, 0x3D, 0xF7, 0x38, 0x58, 0x74, 0xF5, 0x39, 0x6C, 0x3D, 0xF7, 0x38, 0x58, 0x70, 0xF5, 0x39, 0x68, 0x39, 0xF7, 0x38, 0x58, 0x74, 0x31, 0x7F, 0xBC, 0x94, 0xDC, 0x69, 0x7C, 0x7C,
		0xF7, 0x29, 0x6C, 0x4F, 0xB5, 0x1A, 0xF5, 0x30, 0x29, 0x68, 0x34, 0xF5, 0x31, 0x7C, 0x34, 0xF7, 0x20, 0x58, 0x0C, 0x34, 0xF7, 0x10, 0x58, 0x04, 0x34, 0xF7, 0xC8, 0x58, 0xFC, 0x7C, 0x7C, 0x7C,
		0x34, 0xFF, 0xB8, 0x2C, 0x3D, 0x21, 0x3D, 0x20, 0x23, 0xBF, 0xB0, 0xB0, 0xB0, 0xB0, 0xB0, 0xB0, 0x3C, 0x2B, 0x34, 0xFF, 0x90, 0x3C, 0x34, 0xF7, 0x41, 0x97, 0x42, 0x7C, 0x7C, 0x34, 0xF9, 0x83,
		0x73, 0xF8, 0x6B, 0x7D, 0x7C, 0x7C, 0x34, 0xF9, 0x83, 0x73, 0xF8, 0x72, 0x7D, 0x7C, 0x7C, 0x34, 0xF5, 0x10, 0x58, 0x24, 0x34, 0xF5, 0x08, 0x58, 0x1C, 0x30, 0xF5, 0x18, 0x58, 0x14, 0x30, 0xF1,
		0x59, 0x7F, 0x59, 0x7C, 0x7C, 0x34, 0xF5, 0x20, 0x58, 0x2C, 0x34, 0xF1, 0x49, 0x5B, 0x59, 0x7C, 0x7C, 0x34, 0xF1, 0x51, 0x2C, 0x59, 0x7C, 0x7C, 0xF7, 0x3B, 0x74, 0xFF, 0x84, 0x7D, 0x09, 0x41,
		0xF7, 0x33, 0x70, 0x94, 0x14, 0x94, 0x83, 0x83, 0x3D, 0xC4, 0x1A, 0x7C, 0x7C, 0x7C, 0x30, 0xF1, 0x71, 0x8F, 0x58, 0x7C, 0x7C, 0x73, 0xCA, 0xB4, 0xF7, 0x3B, 0x70, 0x34, 0xF1, 0x69, 0x02, 0x58,
		0x7C, 0x7C, 0xF5, 0x30, 0x58, 0x4C, 0xF5, 0x38, 0x58, 0x54, 0x3D, 0xF1, 0x34, 0xE7, 0x30, 0xF5, 0x18, 0x58, 0x5C, 0x94, 0x54, 0xA5, 0x83, 0x83, 0x95, 0xFC, 0x7C, 0x7C, 0x7C, 0xFF, 0x84, 0x7E,
		0x09, 0x40, 0x34, 0xF1, 0x23, 0x68, 0x34, 0xF7, 0xB7, 0x94, 0x9E, 0x94, 0x83, 0x83, 0x3D, 0xC4, 0x17, 0x7C, 0x7C, 0x7C, 0x30, 0xF1, 0x71, 0xD1, 0x58, 0x7C, 0x7C, 0x73, 0xCA, 0xB4, 0x34, 0xF1,
		0x69, 0x47, 0x58, 0x7C, 0x7C, 0xF5, 0x30, 0x58, 0x4C, 0x3D, 0xF1, 0x34, 0xEA, 0x34, 0xF5, 0x20, 0x58, 0x54, 0x34, 0xF5, 0x08, 0x58, 0x5C, 0x94, 0x98, 0xA4, 0x83, 0x83, 0x97, 0x43, 0xFF, 0x84,
		0x7F, 0x09, 0x46, 0x34, 0xF1, 0x23, 0x68, 0x34, 0xF7, 0xB7, 0x94, 0x8D, 0x95, 0x83, 0x83, 0x3D, 0xC4, 0x0C, 0x7C, 0x7C, 0x7C, 0x30, 0xF1, 0x71, 0x10, 0x58, 0x7C, 0x7C, 0x73, 0xCA, 0xB4, 0x34,
		0xF1, 0x69, 0x86, 0x5F, 0x7C, 0x7C, 0xF5, 0x30, 0x58, 0x4C, 0x3D, 0xF1, 0x34, 0xED, 0x34, 0xF5, 0x20, 0x58, 0x54, 0x34, 0xF5, 0x10, 0x58, 0x5C, 0x94, 0xDF, 0xA4, 0x83, 0x83, 0x34, 0xF7, 0x43,
		0x34, 0xF9, 0x83, 0x73, 0xF9, 0x53, 0x83, 0x83, 0x83, 0x30, 0xF7, 0x18, 0x58, 0x14, 0x34, 0xF7, 0x08, 0x58, 0x1C, 0x34, 0xF7, 0x10, 0x58, 0x24, 0x34, 0xF7, 0x20, 0x58, 0x2C, 0x34, 0xFF, 0xB8,
		0x3C, 0x23, 0xBF, 0xB0, 0xB0, 0xB0, 0xB0, 0xB0, 0xB0, 0xB0, 0xB0, 0xB0, 0xB0, 0xB0, 0xB0, 0xB0, 0x3C, 0x2B, 0x3D, 0x29, 0x34, 0xFF, 0x90, 0x14, 0x34, 0xFF, 0x41, 0xD4, 0x41, 0x7C, 0x7C, 0x7C,
		0x38, 0x73, 0xCA, 0x95, 0xC3, 0x7C, 0x6C, 0x7C, 0x7C, 0x73, 0xF8, 0xDA, 0x7E, 0x7C, 0x7C, 0x30, 0xF5, 0x18, 0x58, 0x1C, 0xF7, 0xAB, 0x4F, 0xB5, 0x83, 0x69, 0x66, 0x63, 0x7C, 0x7C, 0x30, 0xF7,
		0x9C, 0x34, 0xF9, 0xBC, 0x73, 0xF8, 0xFA, 0x7E, 0x7C, 0x7C, 0x39, 0x4F, 0xB5, 0x38, 0xF7, 0xBB, 0x34, 0xF7, 0xAC, 0x3D, 0xF1, 0x35, 0x79, 0x94, 0xF8, 0x6F, 0x7C, 0x7C, 0x41, 0x78, 0x7C, 0x7C,
		0xBC, 0x09, 0x73, 0x4F, 0xAE, 0x35, 0xF7, 0xB0, 0x83, 0x69, 0x6E, 0x63, 0x7C, 0x7C, 0x7F, 0x83, 0x97, 0xBE, 0xF9, 0xBC, 0x05, 0x64, 0x4F, 0xAE, 0x35, 0xF7, 0xB0, 0x30, 0xF7, 0x18, 0x58, 0x1C,
		0x34, 0xFF, 0xB8, 0x14, 0x3D, 0x21, 0x23, 0x34, 0x83, 0x59, 0x8E, 0x62, 0x7C, 0x7C, 0x34, 0xF5, 0xE0, 0x58, 0xFC, 0x7C, 0x7C, 0x7C, 0x34, 0xF5, 0xD0, 0x58, 0xEC, 0x7C, 0x7C, 0x7C, 0x34, 0xF5,
		0xC8, 0x58, 0xE4, 0x7C, 0x7C, 0x7C, 0x30, 0xF5, 0x08, 0x58, 0x24, 0x30, 0xF5, 0x00, 0x58, 0x2C, 0x35, 0xF7, 0x90, 0x39, 0x4F, 0x83, 0x30, 0xF1, 0x49, 0x2F, 0x58, 0x7C, 0x7C, 0x34, 0xF1, 0x49,
		0x60, 0x58, 0x7C, 0x7C, 0x34, 0xF7, 0x31, 0x2C, 0x34, 0xF1, 0xE8, 0x58, 0xF4, 0x7C, 0x7C, 0x7C, 0x30, 0xF5, 0xC0, 0x58, 0xF4, 0x7C, 0x7C, 0x7C, 0x83, 0x69, 0xF6, 0x61, 0x7C, 0x7C, 0xF9, 0xBC,
		0x73, 0xF4, 0xD2, 0x7D, 0x7C, 0x7C, 0x34, 0xF7, 0xF0, 0x58, 0xF4, 0x7C, 0x7C, 0x7C, 0x34, 0xF9, 0xB5, 0x73, 0xF8, 0xE1, 0x7D, 0x7C, 0x7C, 0x4F, 0xAE, 0x94, 0x2E, 0x98, 0x83, 0x83, 0x34, 0xF7,
		0xB4, 0x34, 0xF7, 0xA4, 0x94, 0xFB, 0x93, 0x83, 0x83, 0xF8, 0xBC, 0x73, 0xF8, 0xFF, 0x7D, 0x7C, 0x7C, 0x34, 0xF9, 0xA7, 0x08, 0x22, 0x30, 0xF7, 0x3F, 0x74, 0x31, 0xF9, 0xBC, 0x08, 0x29, 0x73,
		0xCB, 0x6F, 0x1A, 0xF9, 0xAE, 0x08, 0x31, 0x34, 0xFF, 0xB5, 0x83, 0x4F, 0xBC, 0x34, 0xF1, 0x41, 0x20, 0x5F, 0x7C, 0x7C, 0x1A, 0x8E, 0xD3, 0x1A, 0xAD, 0x96, 0x34, 0x8B, 0xAD, 0x34, 0x83, 0xB5,
		0x34, 0xF7, 0x85, 0x1A, 0x47, 0xB6, 0x0B, 0x50, 0x1A, 0xF9, 0xB5, 0x08, 0x5B, 0x73, 0xCB, 0xBD, 0x73, 0xCB, 0xAE, 0x57, 0xAC, 0x34, 0x1F, 0xBE, 0x34, 0xF1, 0x69, 0x4D, 0x5F, 0x7C, 0x7C, 0x35,
		0xF1, 0x70, 0x3C, 0x38, 0x73, 0xCB, 0xBB, 0x94, 0x12, 0x6E, 0x7C, 0x7C, 0xF9, 0xBC, 0x73, 0xF8, 0x93, 0x7C, 0x7C, 0x7C, 0x34, 0xF1, 0x69, 0x31, 0x5F, 0x7C, 0x7C, 0x34, 0xF7, 0xB7, 0x94, 0x01,
		0x93, 0x83, 0x83, 0xF8, 0xBC, 0x73, 0xF9, 0xA4, 0x7C, 0x7C, 0x7C, 0x34, 0xF7, 0x41, 0x4A, 0x40, 0x7C, 0x7C, 0x34, 0xF9, 0x83, 0x73, 0xF8, 0xCA, 0x7C, 0x7C, 0x7C, 0x73, 0x63, 0x38, 0x7C, 0x7C,
		0xF7, 0x3B, 0x74, 0xFF, 0x84, 0x7D, 0x73, 0xF8, 0xEE, 0x7C, 0x7C, 0x7C, 0xFF, 0x84, 0x7E, 0x73, 0xF9, 0xF5, 0x7C, 0x7C, 0x7C, 0x34, 0xF1, 0x0B, 0x68, 0x34, 0xF7, 0xB7, 0x34, 0xF7, 0xAA, 0x94,
		0x40, 0x93, 0x83, 0x83, 0x40, 0x7D, 0x09, 0x0A, 0xF7, 0x31, 0x2C, 0x34, 0xF1, 0xE8, 0x58, 0xF4, 0x7C, 0x7C, 0x7C, 0xBB, 0xF8, 0x58, 0xF4, 0x7C, 0x7C, 0x7C, 0x7D, 0x7C, 0x7C, 0xBC, 0x94, 0x71,
		0x96, 0x83, 0x83, 0xF9, 0xBC, 0x05, 0x78, 0x4E, 0xB5, 0x97, 0x72, 0xFD, 0xC0, 0x58, 0xF4, 0x7C, 0x7C, 0x7C, 0x7F, 0x7D, 0x7C, 0x7C, 0x73, 0xE8, 0xBD, 0x73, 0xCA, 0xB5, 0x3D, 0x73, 0xCA, 0xB9,
		0x30, 0xF1, 0x71, 0x85, 0x5E, 0x7C, 0x7C, 0xF5, 0x38, 0x58, 0x34, 0x34, 0xF7, 0x39, 0x2C, 0xF5, 0x30, 0x58, 0x3C, 0x34, 0xF5, 0x08, 0x58, 0x44, 0x34, 0xF5, 0x20, 0x58, 0x4C, 0x34, 0xF5, 0x38,
		0x58, 0x54, 0x34, 0xF1, 0x69, 0xEB, 0x5D, 0x7C, 0x7C, 0x3D, 0xC4, 0xCB, 0x7C, 0x7C, 0x7C, 0xC5, 0x7D, 0x7C, 0x7C, 0x7C, 0x30, 0xF5, 0x08, 0x58, 0x5C, 0x94, 0x3E, 0xAA, 0x83, 0x83, 0x34, 0xF7,
		0x43, 0x34, 0xF9, 0x83, 0x73, 0xF9, 0x2A, 0x83, 0x83, 0x83, 0x34, 0xF1, 0x49, 0xF3, 0x5E, 0x7C, 0x7C, 0x34, 0xF9, 0xA7, 0x08, 0x42, 0x4F, 0xAE, 0x34, 0xF7, 0xB7, 0x83, 0x69, 0x63, 0x61, 0x7C,
		0x7C, 0x97, 0x4D, 0x34, 0xF7, 0x39, 0x2C, 0x34, 0xF5, 0x20, 0x58, 0x4C, 0x30, 0xF1, 0x71, 0xF1, 0x5E, 0x7C, 0x7C, 0x34, 0xF5, 0x38, 0x58, 0x54, 0x34, 0xF1, 0x69, 0x3D, 0x5D, 0x7C, 0x7C, 0x3D,
		0xC4, 0xDA, 0x7C, 0x7C, 0x7C, 0xC5, 0x7D, 0x7C, 0x7C, 0x7C, 0x34, 0xF5, 0x08, 0x58, 0x5C, 0x94, 0x90, 0xA9, 0x83, 0x83, 0xF7, 0x39, 0x7C, 0xF9, 0xBC, 0x08, 0x74, 0x34, 0x7F, 0x94, 0x95, 0x5D,
		0x82, 0x83, 0x83, 0x4F, 0xAE, 0x35, 0xF7, 0xB0, 0x83, 0x69, 0xAE, 0x60, 0x7C, 0x7C, 0x30, 0xF7, 0x00, 0x58, 0x2C, 0x30, 0xF7, 0x08, 0x58, 0x24, 0x34, 0xF7, 0xC8, 0x58, 0xE4, 0x7C, 0x7C, 0x7C,
		0x34, 0xF7, 0xD0, 0x58, 0xEC, 0x7C, 0x7C, 0x7C, 0x34, 0xF7, 0xE0, 0x58, 0xFC, 0x7C, 0x7C, 0x7C, 0x30, 0xF7, 0x18, 0x58, 0x1C, 0x34, 0xFF, 0xB8, 0x14, 0x3D, 0x21, 0x23, 0xBF, 0xB0, 0xB0, 0xB0,
		0x30, 0xF5, 0x38, 0x58, 0x64, 0x30, 0xF5, 0x30, 0x58, 0x5C, 0x2A, 0x2B, 0x34, 0xFF, 0x90, 0x54, 0x4F, 0x83, 0x34, 0xF7, 0x8D, 0xF7, 0xBB, 0x34, 0xF9, 0xAE, 0x08, 0x75, 0x34, 0xFD, 0x86, 0x83,
		0x83, 0x83, 0x03, 0x0A, 0x79, 0xC4, 0x71, 0x7C, 0x7C, 0xBC, 0xF9, 0xBC, 0x04, 0x34, 0x34, 0xF5, 0x20, 0x58, 0x5C, 0x34, 0xF1, 0x26, 0x83, 0x30, 0xF1, 0x30, 0x58, 0x24, 0x34, 0xF7, 0xAF, 0x94,
		0xCC, 0x6C, 0x7C, 0x7C, 0xF9, 0xBC, 0x04, 0x62, 0x34, 0xE4, 0x34, 0x47, 0xBF, 0x0B, 0x6B, 0x34, 0x47, 0xBF, 0x09, 0x67, 0x3C, 0xF4, 0x40, 0x4F, 0x34, 0xF7, 0x20, 0x58, 0x5C, 0xF7, 0xBB, 0x34,
		0xFF, 0xB8, 0x54, 0x23, 0x22, 0xBF, 0x3C, 0xF4, 0x40, 0x4F, 0xC3, 0x79, 0x7C, 0x7C, 0xFC, 0x34, 0xF7, 0x20, 0x58, 0x5C, 0xF7, 0xBB, 0x34, 0xFF, 0xB8, 0x54, 0x23, 0x22, 0xBF, 0xB0, 0xB0, 0xB0,
		0x3C, 0x29, 0x2A, 0x34, 0xFD, 0x90, 0xE4, 0x7C, 0x7C, 0x7C, 0x34, 0xF7, 0x8D, 0x34, 0xF1, 0x71, 0x88, 0x5D, 0x7C, 0x7C, 0x94, 0x29, 0x6C, 0x7C, 0x7C, 0x34, 0xFF, 0x41, 0x43, 0x46, 0x7C, 0x7C,
		0x7C, 0xC4, 0x5A, 0x7C, 0x7C, 0x7C, 0x1A, 0xF5, 0x38, 0x58, 0x36, 0x34, 0xF1, 0x79, 0xCA, 0x60, 0x7C, 0x7C, 0x3D, 0xC7, 0x58, 0x7C, 0x7C, 0x7C, 0x34, 0xF5, 0x38, 0x58, 0x2C, 0x1A, 0x38, 0xF5,
		0x20, 0x58, 0x34, 0x08, 0x7D, 0xB0, 0xC6, 0x5C, 0x7D, 0x7C, 0x7C, 0x4F, 0xB5, 0x3D, 0xC4, 0x1B, 0x13, 0x30, 0x17, 0x83, 0x69, 0xB3, 0x67, 0x7C, 0x7C, 0x4F, 0x91, 0x34, 0xF9, 0xBC, 0x09, 0x79,
		0x34, 0xF7, 0xB9, 0x97, 0x71, 0x34, 0xF1, 0x30, 0x58, 0x34, 0x34, 0xF7, 0xAC, 0x94, 0xB2, 0xB2, 0x83, 0x83, 0x34, 0xF5, 0x79, 0x9B, 0x45, 0x7C, 0x7C, 0x34, 0xF9, 0xBC, 0x09, 0x5C, 0x34, 0xF1,
		0x71, 0xE7, 0x5D, 0x7C, 0x7C, 0xC6, 0x7D, 0x7C, 0x7C, 0xBC, 0x94, 0xA3, 0x73, 0x7C, 0x7C, 0xC4, 0x7D, 0x7C, 0x7C, 0xBC, 0x34, 0xFD, 0xB8, 0xE4, 0x7C, 0x7C, 0x7C, 0x22, 0x21, 0xBF, 0x34, 0xF1,
		0x69, 0xE7, 0x5D, 0x7C, 0x7C, 0x34, 0xF1, 0x30, 0x58, 0x24, 0x83, 0x69, 0x14, 0x67, 0x7C, 0x7C, 0x30, 0xF1, 0xE0, 0x58, 0xBC, 0x7C, 0x7C, 0x7C, 0x30, 0xF1, 0x38, 0x58, 0x24, 0x30, 0xF5, 0x20,
		0x58, 0x4C, 0x3D, 0xC5, 0x5E, 0x7C, 0x7C, 0x7C, 0xC6, 0x34, 0x7D, 0x7C, 0x7C, 0x34, 0xF7, 0xB2, 0x3C, 0xF4, 0x10, 0x58, 0x54, 0xF5, 0x10, 0x58, 0x5C, 0x83, 0x69, 0x7D, 0x67, 0x7C, 0x7C, 0xF9,
		0xBC, 0x73, 0xF9, 0x57, 0x7E, 0x7C, 0x7C, 0x34, 0xF7, 0xF8, 0x58, 0xBC, 0x7C, 0x7C, 0x7C, 0x34, 0xF1, 0x69, 0x16, 0x5D, 0x7C, 0x7C, 0x34, 0xF1, 0x30, 0x58, 0x14, 0x34, 0xF5, 0xE0, 0x58, 0xCC,
		0x7C, 0x7C, 0x7C, 0x34, 0xF5, 0xC0, 0x58, 0xEC, 0x7C, 0x7C, 0x7C, 0x34, 0xF7, 0x04, 0x3C, 0x83, 0x69, 0x7F, 0x67, 0x7C, 0x7C, 0x34, 0xF1, 0x28, 0x58, 0x24, 0x34, 0xF1, 0x30, 0x58, 0x14, 0x83,
		0x69, 0xD7, 0x66, 0x7C, 0x7C, 0xF7, 0xA4, 0xF9, 0xBC, 0x73, 0xF9, 0x4F, 0x7D, 0x7C, 0x7C, 0x34, 0xF7, 0xF8, 0x58, 0xBC, 0x7C, 0x7C, 0x7C, 0x3C, 0xF4, 0x51, 0xE6, 0x25, 0x7C, 0x7C, 0x34, 0xF5,
		0x79, 0xF7, 0x25, 0x7C, 0x7C, 0x34, 0xF1, 0x79, 0xA8, 0x7D, 0x7C, 0x7C, 0x34, 0xF5, 0x3A, 0x14, 0x34, 0xF1, 0x79, 0x45, 0x7F, 0x7C, 0x7C, 0x34, 0xF5, 0x3A, 0x0C, 0x34, 0xF5, 0xFA, 0xFC, 0x7C,
		0x7C, 0x7C, 0x34, 0xF1, 0x79, 0x2B, 0x7F, 0x7C, 0x7C, 0x34, 0xF5, 0xFA, 0x9C, 0x7C, 0x7C, 0x7C, 0x94, 0xC7, 0x8D, 0x83, 0x83, 0x30, 0xF1, 0xE3, 0xBC, 0x7C, 0x7C, 0x7C, 0x31, 0xF5, 0x27, 0x74,
		0x31, 0xF5, 0x67, 0x34, 0xF1, 0xF3, 0x94, 0x7C, 0x7C, 0x7C, 0x39, 0x4F, 0xBC, 0x4F, 0xAE, 0x34, 0xF5, 0xD3, 0xAC, 0x7C, 0x7C, 0x7C, 0x83, 0x69, 0x10, 0x66, 0x7C, 0x7C, 0x34, 0xF1, 0x33, 0x44,
		0x4F, 0xAE, 0x83, 0x69, 0x3C, 0x66, 0x7C, 0x7C, 0x30, 0xF7, 0xF8, 0x58, 0xBC, 0x7C, 0x7C, 0x7C, 0x34, 0xF1, 0xF3, 0xFC, 0x7C, 0x7C, 0x7C, 0x34, 0xF1, 0x69, 0xCE, 0x76, 0x7C, 0x7C, 0x83, 0x69,
		0xA8, 0x64, 0x7C, 0x7C, 0x3C, 0xF4, 0xD3, 0x9C, 0x7C, 0x7C, 0x7C, 0xF5, 0x13, 0x74, 0x34, 0xF7, 0xF8, 0x58, 0xBC, 0x7C, 0x7C, 0x7C, 0x34, 0xF1, 0xF0, 0x58, 0xB4, 0x7C, 0x7C, 0x7C, 0x39, 0x4F,
		0xB5, 0x34, 0xF5, 0x38, 0x58, 0x4C, 0x34, 0xF1, 0x79, 0x0F, 0x70, 0x7C, 0x7C, 0x39, 0x4F, 0xBC, 0x34, 0xF5, 0x38, 0x58, 0x54, 0xC6, 0x83, 0x83, 0x63, 0x7C, 0x34, 0xF5, 0x10, 0x58, 0x5C, 0x83,
		0x69, 0xC7, 0x64, 0x7C, 0x7C, 0xF7, 0xA4, 0xF9, 0xBC, 0x04, 0x2B, 0x34, 0xF7, 0xF0, 0x58, 0xB4, 0x7C, 0x7C, 0x7C, 0x34, 0xF1, 0xFB, 0xA4, 0x7C, 0x7C, 0x7C, 0x39, 0x4F, 0xB5, 0x39, 0x4F, 0xBC,
		0xC6, 0x83, 0x83, 0x63, 0x7C, 0x34, 0xF5, 0x10, 0x58, 0x54, 0x34, 0xF5, 0x38, 0x58, 0x5C, 0x83, 0x69, 0x57, 0x64, 0x7C, 0x7C, 0xF7, 0xA4, 0xF9, 0xBC, 0x05, 0x46, 0x34, 0xF7, 0xF0, 0x58, 0xB4,
		0x7C, 0x7C, 0x7C, 0x83, 0x69, 0x73, 0x64, 0x7C, 0x7C, 0x34, 0xF1, 0xF3, 0x94, 0x7C, 0x7C, 0x7C, 0x39, 0x4F, 0xBC, 0x4F, 0xAE, 0xBA, 0xFB, 0x9C, 0x7C, 0x7C, 0x7C, 0x7D, 0x83, 0x69, 0xD2, 0x65,
		0x7C, 0x7C, 0x34, 0xF7, 0xF0, 0x58, 0xBC, 0x7C, 0x7C, 0x7C, 0x83, 0x69, 0x3C, 0x65, 0x7C, 0x7C, 0x95, 0xF7, 0x7C, 0x7C, 0x7C, 0x34, 0xF7, 0xF0, 0x58, 0xB4, 0x7C, 0x7C, 0x7C, 0x83, 0x69, 0xA9,
		0x6B, 0x7C, 0x7C, 0x34, 0xF1, 0xF3, 0x7C, 0x7D, 0x7C, 0x7C, 0x94, 0xBD, 0x88, 0x83, 0x83, 0xF7, 0xA4, 0xF9, 0xBC, 0x05, 0x4C, 0xF5, 0x38, 0x58, 0x54, 0x34, 0xF1, 0x79, 0x94, 0x63, 0x7C, 0x7C,
		0x30, 0xF1, 0x71, 0x7D, 0x5C, 0x7C, 0x7C, 0x34, 0xF1, 0x69, 0x76, 0x5C, 0x7C, 0x7C, 0x3D, 0xC4, 0x76, 0x7D, 0x7C, 0x7C, 0xC5, 0x7F, 0x7C, 0x7C, 0x7C, 0x34, 0xF5, 0x38, 0x58, 0x5C, 0x94, 0x21,
		0xAE, 0x83, 0x83, 0x97, 0x47, 0x34, 0xF1, 0x69, 0x48, 0x5C, 0x7C, 0x7C, 0x34, 0xF1, 0x30, 0x58, 0x04, 0x83, 0x69, 0x3D, 0x65, 0x7C, 0x7C, 0x34, 0xF1, 0x28, 0x58, 0x3C, 0x34, 0xF1, 0x30, 0x58,
		0x04, 0x83, 0x69, 0xC5, 0x64, 0x7C, 0x7C, 0x34, 0xF7, 0xB4, 0x34, 0xF5, 0x3B, 0x4C, 0x83, 0x69, 0xE8, 0x64, 0x7C, 0x7C, 0x34, 0xF1, 0x71, 0x31, 0x5C, 0x7C, 0x7C, 0x94, 0x12, 0x71, 0x7C, 0x7C,
		0x34, 0xF7, 0xC0, 0x58, 0xEC, 0x7C, 0x7C, 0x7C, 0xF7, 0xBF, 0x34, 0xF7, 0xE0, 0x58, 0xCC, 0x7C, 0x7C, 0x7C, 0x34, 0xFD, 0xB8, 0xE4, 0x7C, 0x7C, 0x7C, 0x22, 0x21, 0xBF, 0xB0, 0xB0, 0xB0, 0xB0,
		0x34, 0xF5, 0x20, 0x58, 0x6C, 0x2B, 0x34, 0xFF, 0x90, 0x3C, 0x34, 0xF7, 0x79, 0xE3, 0x2B, 0x7C, 0x7C, 0x34, 0xF7, 0x85, 0x30, 0xF1, 0x71, 0x41, 0x5C, 0x7C, 0x7C, 0x34, 0xF7, 0x24, 0x3C, 0x73,
		0xCA, 0x79, 0xEE, 0x2B, 0x7C, 0x7C, 0x34, 0xF1, 0x69, 0x17, 0x63, 0x7C, 0x7C, 0xF5, 0x38, 0x58, 0x54, 0x34, 0xF1, 0x79, 0x7C, 0x5C, 0x7C, 0x7C, 0x3D, 0xC4, 0x40, 0x7D, 0x7C, 0x7C, 0xC5, 0x7D,
		0x7C, 0x7C, 0x7C, 0x34, 0xBB, 0x38, 0x58, 0x2C, 0xCC, 0x40, 0x83, 0x83, 0x34, 0xF5, 0x38, 0x58, 0x5C, 0x94, 0xD6, 0xAD, 0x83, 0x83, 0x34, 0xF1, 0x37, 0x44, 0x83, 0x69, 0x0C, 0x64, 0x7C, 0x7C,
		0xBA, 0xFF, 0x3C, 0x7D, 0x7C, 0x7C, 0x7D, 0x8C, 0xFF, 0x70, 0x58, 0x7C, 0x73, 0xD2, 0x94, 0x34, 0xF1, 0xF7, 0x54, 0x7D, 0x7C, 0x7C, 0x39, 0x4F, 0xBC, 0x4F, 0xAE, 0x83, 0x69, 0x13, 0x64, 0x7C,
		0x7C, 0x34, 0xF7, 0xF7, 0x74, 0x7D, 0x7C, 0x7C, 0x39, 0x4F, 0xBC, 0x4F, 0xAE, 0x83, 0x69, 0x81, 0x6A, 0x7C, 0x7C, 0x34, 0xF7, 0xF7, 0x74, 0x7D, 0x7C, 0x7C, 0x83, 0x69, 0xE4, 0x6A, 0x7C, 0x7C,
		0x34, 0xF7, 0xF7, 0x7C, 0x7D, 0x7C, 0x7C, 0x34, 0xF9, 0xB5, 0x08, 0x7A, 0x83, 0x69, 0xE2, 0x6A, 0x7C, 0x7C, 0x34, 0xF1, 0xF7, 0x94, 0x7C, 0x7C, 0x7C, 0x39, 0x4F, 0xBC, 0x4F, 0xAE, 0xBA, 0xFF,
		0x9C, 0x7C, 0x7C, 0x7C, 0x7D, 0x83, 0x69, 0x59, 0x64, 0x7C, 0x7C, 0x34, 0xF7, 0xF7, 0xA4, 0x7C, 0x7C, 0x7C, 0x30, 0xF1, 0x20, 0x58, 0x2C, 0x39, 0x4F, 0xB5, 0x39, 0x4F, 0xBC, 0x4F, 0xAE, 0x30,
		0xF5, 0x20, 0x58, 0x5C, 0x83, 0x69, 0x22, 0x6A, 0x7C, 0x7C, 0x34, 0xF7, 0x33, 0x74, 0x83, 0x69, 0xE0, 0x6B, 0x7C, 0x7C, 0x34, 0xF1, 0x69, 0x39, 0x62, 0x7C, 0x7C, 0x34, 0xF1, 0x30, 0x58, 0x4C,
		0x83, 0x69, 0x8E, 0x6B, 0x7C, 0x7C, 0x34, 0xF1, 0x30, 0x58, 0x4C, 0x83, 0x69, 0x23, 0x6B, 0x7C, 0x7C, 0x30, 0xF1, 0x61, 0x2C, 0x63, 0x7C, 0x7C, 0x30, 0xF1, 0x71, 0x45, 0x63, 0x7C, 0x7C, 0x34,
		0xF1, 0x69, 0x0E, 0x62, 0x7C, 0x7C, 0x3D, 0xC4, 0x2C, 0x7D, 0x7C, 0x7C, 0xC5, 0x7D, 0x7C, 0x7C, 0x7C, 0x30, 0xF5, 0x20, 0x58, 0x5C, 0x94, 0xB9, 0xAC, 0x83, 0x83, 0x34, 0xF7, 0x71, 0x82, 0x49,
		0x7C, 0x7C, 0x34, 0xF9, 0xB5, 0x08, 0x6C, 0x94, 0x98, 0xB5, 0x83, 0x83, 0x34, 0xBB, 0x79, 0x95, 0x49, 0x7C, 0x7C, 0x7C, 0x7C, 0x7C, 0x7C, 0x34, 0xF7, 0x20, 0x58, 0x24, 0x34, 0xFF, 0xB8, 0x3C,
		0x23, 0xBF, 0xB0, 0xB0, 0xB0, 0xB0, 0xB0, 0xB0, 0xB0, 0xB0, 0xB0, 0xB0, 0xB0, 0xB0, 0xB0, 0xB0, 0x34, 0xFF, 0x90, 0x54, 0x4F, 0xB5, 0x34, 0xF7, 0xBE, 0xF5, 0x36, 0x4C, 0x34, 0xF5, 0x36, 0x44,
		0x4F, 0xAE, 0x34, 0xF7, 0xB4, 0x83, 0x69, 0x61, 0x6B, 0x7C, 0x7C, 0x4F, 0xBC, 0x34, 0xFF, 0xB8, 0x54, 0xBF, 0xB0, 0xB0, 0xB0, 0xB0, 0xB0, 0xB0, 0xB0, 0xB0, 0xB0, 0xB0, 0xB0, 0xB0, 0xB0, 0xB0,
		0x34, 0xF5, 0x28, 0x58, 0x6C, 0x34, 0xF5, 0x30, 0x58, 0x74, 0x2F, 0x2A, 0x2B, 0x3D, 0x28, 0x3D, 0x29, 0x3D, 0x2A, 0x3D, 0x2B, 0x34, 0xFD, 0x90, 0xCC, 0x7F, 0x7C, 0x7C, 0x30, 0xF7, 0x9E, 0x30,
		0xF7, 0xBD, 0xC3, 0x7D, 0x7C, 0x7C, 0xBC, 0x34, 0xF7, 0xF6, 0xC4, 0x7C, 0x7C, 0x7C, 0x34, 0xF7, 0x79, 0xA7, 0x29, 0x7C, 0x7C, 0x30, 0xF7, 0x0C, 0x3C, 0x34, 0xF7, 0x26, 0x64, 0xF7, 0x0D, 0x6C,
		0x38, 0xF7, 0x05, 0x74, 0x38, 0xF5, 0xC0, 0x58, 0x7C, 0x78, 0x7C, 0x7C, 0x38, 0xF7, 0x15, 0x64, 0x3D, 0xFD, 0x81, 0x7C, 0x9C, 0x5E, 0x7C, 0x08, 0x3F, 0x3D, 0xFD, 0x81, 0x78, 0x9C, 0x5E, 0x7C,
		0x08, 0x46, 0x83, 0x69, 0xCC, 0x6A, 0x7C, 0x7C, 0x34, 0xF7, 0xAC, 0x3D, 0xF7, 0x3A, 0x74, 0x34, 0x47, 0xBE, 0x08, 0x5C, 0x3D, 0xF5, 0x00, 0x58, 0x4C, 0x35, 0xBB, 0x38, 0x58, 0x44, 0x7C, 0x7C,
		0x7C, 0x7C, 0x4F, 0xAE, 0x35, 0xF7, 0xB0, 0x83, 0x69, 0x07, 0x6A, 0x7C, 0x7C, 0xF7, 0xBB, 0x95, 0xC6, 0x7A, 0x7C, 0x7C, 0x30, 0xF7, 0xF8, 0x58, 0x8C, 0x7F, 0x7C, 0x7C, 0x3D, 0xFD, 0xB9, 0x7C,
		0x5C, 0xA1, 0x83, 0x3D, 0xFF, 0x81, 0x60, 0x73, 0xFB, 0x04, 0x7A, 0x7C, 0x7C, 0x34, 0xF1, 0x69, 0xF0, 0xC8, 0x83, 0x83, 0x3E, 0x73, 0xCA, 0xF8, 0x56, 0x34, 0x2E, 0x7C, 0x7C, 0xF7, 0xF0, 0xFE,
		0x58, 0x2E, 0x7C, 0x7C, 0x34, 0x7F, 0xB6, 0x83, 0x9D, 0x3D, 0xFD, 0x83, 0x78, 0x7D, 0x7C, 0x7C, 0x73, 0xFE, 0x33, 0x7A, 0x7C, 0x7C, 0x4F, 0xBC, 0x34, 0xF5, 0xF8, 0x58, 0xF4, 0x7C, 0x7C, 0x7C,
		0x34, 0xF5, 0xF8, 0x58, 0xEC, 0x7C, 0x7C, 0x7C, 0x34, 0xF5, 0xF8, 0x58, 0xE4, 0x7C, 0x7C, 0x7C, 0x34, 0xF5, 0xF8, 0x58, 0xDC, 0x7C, 0x7C, 0x7C, 0x34, 0xF5, 0xF8, 0x58, 0xD4, 0x7C, 0x7C, 0x7C,
		0x3D, 0xC4, 0x83, 0x83, 0x83, 0x03, 0x35, 0xF7, 0xAC, 0x34, 0xF1, 0x71, 0xDC, 0x28, 0x7C, 0x7C, 0x34, 0xF7, 0xBD, 0x4F, 0x83, 0x1A, 0x45, 0x44, 0x08, 0x76, 0x34, 0xFF, 0xBC, 0x7E, 0x34, 0xFF,
		0x96, 0x7D, 0x09, 0x8D, 0x34, 0xF9, 0xAE, 0x09, 0x76, 0xC3, 0x71, 0x7C, 0x7C, 0xBC, 0x39, 0x4F, 0xBC, 0x97, 0x7F, 0x30, 0x57, 0xBE, 0xF9, 0x83, 0x04, 0x48, 0x31, 0xF9, 0xBC, 0x08, 0x53, 0x4F,
		0xAE, 0x31, 0xF9, 0xBC, 0x08, 0x63, 0x34, 0xF1, 0xC0, 0x58, 0xF4, 0x7C, 0x7C, 0x7C, 0x1A, 0xEC, 0x73, 0xCA, 0x7D, 0xF4, 0x7B, 0x83, 0xBE, 0x34, 0xFF, 0xBD, 0x7E, 0x34, 0x83, 0xBB, 0xF7, 0xBE,
		0x35, 0x47, 0xBC, 0x0E, 0x97, 0x3E, 0xBA, 0xF8, 0x78, 0xF4, 0x7C, 0x7C, 0x7C, 0x7C, 0x4F, 0xAE, 0x3D, 0xC4, 0x78, 0x7D, 0x7C, 0x7C, 0x34, 0xF1, 0xF0, 0x58, 0xEC, 0x7D, 0x7C, 0x7C, 0x94, 0x91,
		0x71, 0x7C, 0x7C, 0x34, 0xC5, 0x68, 0x7C, 0x7C, 0x7C, 0xFC, 0x8B, 0x83, 0x83, 0x34, 0xF7, 0x45, 0x83, 0x69, 0xFE, 0x69, 0x7C, 0x7C, 0x30, 0xF7, 0xA4, 0x34, 0xC4, 0xC1, 0x3E, 0x06, 0x99, 0xA9,
		0xE8, 0xC3, 0xAA, 0x34, 0x8B, 0x93, 0x34, 0x7F, 0xAB, 0x34, 0xBD, 0x86, 0x6B, 0x34, 0xF7, 0xB6, 0x34, 0xBD, 0x95, 0x43, 0x34, 0xC4, 0x7C, 0x13, 0x93, 0x35, 0x81, 0x83, 0x83, 0x83, 0x34, 0x7F,
		0xBE, 0x34, 0x7F, 0xB4, 0x30, 0xF5, 0x20, 0x58, 0x54, 0x34, 0xF5, 0x30, 0x58, 0x5C, 0x30, 0xF1, 0xF0, 0x58, 0xF4, 0x7C, 0x7C, 0x7C, 0x30, 0xF1, 0x79, 0x7F, 0x61, 0x7C, 0x7C, 0xC6, 0x78, 0x7D,
		0x7C, 0x7C, 0x34, 0xF1, 0xF0, 0x58, 0xEC, 0x7D, 0x7C, 0x7C, 0x94, 0xAD, 0x84, 0x83, 0x83, 0x4F, 0xAE, 0x34, 0xF5, 0x28, 0x58, 0x2C, 0x34, 0xF5, 0x28, 0x58, 0x24, 0x34, 0xF5, 0x28, 0x58, 0x1C,
		0x34, 0xF5, 0x28, 0x58, 0x14, 0xF4, 0x28, 0x58, 0x0C, 0x4F, 0xBC, 0x34, 0xF5, 0x38, 0x58, 0x04, 0x34, 0xF5, 0xF8, 0x58, 0xFC, 0x7C, 0x7C, 0x7C, 0x34, 0xFF, 0xB5, 0x83, 0x34, 0xF1, 0xC0, 0x58,
		0xEC, 0x7D, 0x7C, 0x7C, 0x8E, 0xD2, 0x34, 0x8B, 0xAD, 0x34, 0xFF, 0x95, 0x7D, 0x30, 0xF7, 0x95, 0xF5, 0xF8, 0x58, 0xCC, 0x7C, 0x7C, 0x7C, 0xF5, 0xF8, 0x58, 0xC8, 0x7C, 0x7C, 0x7C, 0xBB, 0xF8,
		0x58, 0xC4, 0x7C, 0x7C, 0x7C, 0x7D, 0x5F, 0x39, 0x1B, 0xBB, 0xF8, 0x58, 0xC0, 0x7C, 0x7C, 0x7C, 0xF5, 0xD7, 0xB1, 0x93, 0xBB, 0xF8, 0x58, 0xBC, 0x7C, 0x7C, 0x7C, 0x82, 0xA0, 0xC6, 0xE4, 0xBB,
		0xF8, 0x58, 0xB8, 0x7C, 0x7C, 0x7C, 0x0A, 0x28, 0x4E, 0x6C, 0x34, 0xF1, 0xC0, 0x58, 0xEC, 0x7D, 0x7C, 0x7C, 0x08, 0x22, 0xF5, 0xF0, 0x58, 0xCC, 0x7C, 0x7C, 0x7C, 0x34, 0xFF, 0x85, 0x3C, 0x0E,
		0x45, 0x34, 0xF7, 0x8D, 0x34, 0xBD, 0x92, 0x7A, 0x34, 0xF7, 0xBA, 0x34, 0x17, 0xBC, 0xBC, 0x30, 0x7F, 0x94, 0x1A, 0x1A, 0x1A, 0x1A, 0x1A, 0x1A, 0x73, 0x63, 0xF8, 0x7C, 0x7C, 0x7C, 0x7C, 0x7C,
		0x34, 0xF7, 0xAB, 0x34, 0xF1, 0xF0, 0x58, 0xCC, 0x7C, 0x7C, 0x7C, 0x94, 0x8C, 0xB1, 0x83, 0x83, 0x34, 0xFF, 0xBB, 0x3C, 0x34, 0xFF, 0x92, 0x7D, 0x09, 0x9A, 0x31, 0xF9, 0x91, 0x08, 0x6F, 0x31,
		0xF7, 0xB9, 0x34, 0xF7, 0xAB, 0x34, 0xF1, 0xF0, 0x58, 0xB4, 0x7C, 0x7C, 0x7C, 0x94, 0x32, 0x75, 0x7C, 0x7C, 0x34, 0xF1, 0x28, 0x58, 0x04, 0x34, 0xF1, 0xF0, 0x58, 0xCC, 0x7C, 0x7C, 0x7C, 0x94,
		0x10, 0xA4, 0x83, 0x83, 0x34, 0xF1, 0x00, 0x58, 0x04, 0x34, 0xF1, 0x08, 0x58, 0x2C, 0x3D, 0xC1, 0x6C, 0x7C, 0x7C, 0x7C, 0x1A, 0x1A, 0x1A, 0x1A, 0x73, 0x63, 0xF8, 0x7C, 0x7C, 0x7C, 0x7C, 0x7C,
		0x38, 0x73, 0xCA, 0x73, 0x30, 0xF1, 0x79, 0x8D, 0x67, 0x7C, 0x7C, 0xC6, 0x7F, 0x7C, 0x7C, 0x7C, 0x34, 0xF7, 0xB2, 0x94, 0xD4, 0x8B, 0x83, 0x83, 0x34, 0xFF, 0xBA, 0x7E, 0x34, 0x83, 0xBB, 0x35,
		0xFF, 0x91, 0x7D, 0x09, 0xA7, 0x34, 0xF1, 0x38, 0x58, 0x2C, 0x34, 0xF5, 0x38, 0x58, 0x54, 0x34, 0xF1, 0x79, 0xAE, 0x67, 0x7C, 0x7C, 0x34, 0xF5, 0x38, 0x58, 0x5C, 0x30, 0xF1, 0x71, 0xA2, 0x67,
		0x7C, 0x7C, 0x3D, 0xC4, 0xDA, 0x7D, 0x7C, 0x7C, 0x34, 0xF1, 0x69, 0xD5, 0x66, 0x7C, 0x7C, 0x3D, 0xF1, 0x31, 0x7D, 0x94, 0x74, 0xB1, 0x83, 0x83, 0xEC, 0x4F, 0xAE, 0x3D, 0xC4, 0x78, 0x7D, 0x7C,
		0x7C, 0x34, 0xF1, 0xF0, 0x58, 0xDC, 0x7E, 0x7C, 0x7C, 0x94, 0x7E, 0x70, 0x7C, 0x7C, 0x30, 0xF1, 0x38, 0x58, 0x2C, 0xC6, 0x78, 0x7D, 0x7C, 0x7C, 0x34, 0xF1, 0xF0, 0x58, 0xDC, 0x7E, 0x7C, 0x7C,
		0x94, 0x57, 0x9D, 0x83, 0x83, 0x34, 0xF7, 0xB7, 0x34, 0xF1, 0xE8, 0x58, 0xDC, 0x7E, 0x7C, 0x7C, 0x3D, 0xC4, 0x78, 0x7D, 0x7C, 0x7C, 0x94, 0xF9, 0x74, 0x7C, 0x7C, 0x35, 0xBB, 0x38, 0x58, 0x44,
		0x78, 0x7D, 0x7C, 0x7C, 0x35, 0xF1, 0x32, 0x70, 0x4F, 0xBC, 0x34, 0xF5, 0x7D, 0x34, 0xF5, 0x3D, 0x74, 0x34, 0xF5, 0x3D, 0x6C, 0x34, 0xF5, 0x3D, 0x64, 0xF4, 0x3D, 0x5C, 0x30, 0xF1, 0x38, 0x58,
		0x2C, 0xF1, 0x2C, 0x5D, 0x94, 0x9B, 0x9C, 0x83, 0x83, 0x97, 0x3E, 0xBB, 0x38, 0x58, 0x54, 0x7C, 0x9C, 0x5E, 0x7C, 0x34, 0xF1, 0x79, 0x2A, 0x67, 0x7C, 0x7C, 0x34, 0xF5, 0x38, 0x58, 0x5C, 0x30,
		0xF1, 0x71, 0x46, 0x67, 0x7C, 0x7C, 0x3D, 0xC4, 0xC9, 0x7D, 0x7C, 0x7C, 0x34, 0xF1, 0x69, 0x79, 0x66, 0x7C, 0x7C, 0xC5, 0x7F, 0x7C, 0x7C, 0x7C, 0x94, 0x1F, 0xB0, 0x83, 0x83, 0x30, 0xF7, 0xD8,
		0x58, 0x84, 0x7F, 0x7C, 0x7C, 0x38, 0xF7, 0xC0, 0x58, 0x7C, 0x78, 0x7C, 0x7C, 0x4F, 0x83, 0x95, 0x6D, 0x7F, 0x7C, 0x7C, 0xFD, 0x82, 0x70, 0x7D, 0x7C, 0x7C, 0x73, 0xFE, 0x79, 0x7F, 0x7C, 0x7C,
		0xF7, 0xEF, 0x78, 0x7D, 0x7C, 0x7C, 0x34, 0xF1, 0xF6, 0x77, 0x7D, 0x7C, 0x7C, 0x34, 0x47, 0x8D, 0x73, 0xFE, 0x93, 0x7E, 0x7C, 0x7C, 0xF5, 0x28, 0x58, 0x4C, 0x34, 0xF5, 0x20, 0x58, 0x54, 0x34,
		0xF1, 0x79, 0x6E, 0x67, 0x7C, 0x7C, 0x34, 0xF5, 0x38, 0x58, 0x5C, 0x30, 0xF1, 0x71, 0xB2, 0x66, 0x7C, 0x7C, 0x3D, 0xC4, 0xB9, 0x7D, 0x7C, 0x7C, 0x34, 0xF1, 0x69, 0xE5, 0x65, 0x7C, 0x7C, 0xC5,
		0x7D, 0x7C, 0x7C, 0x7C, 0x94, 0x8B, 0xB7, 0x83, 0x83, 0x30, 0xF1, 0xFF, 0x74, 0x7D, 0x7C, 0x7C, 0x4F, 0xBC, 0x34, 0xFF, 0xB5, 0x83, 0x34, 0xF7, 0x87, 0x8E, 0xD2, 0x34, 0x8B, 0xAD, 0x34, 0xF1,
		0x2D, 0x83, 0x38, 0xF7, 0xF7, 0x78, 0x7D, 0x7C, 0x7C, 0x34, 0xF7, 0xB7, 0x94, 0x03, 0x9A, 0x83, 0x83, 0xF7, 0x84, 0xF9, 0xBC, 0x73, 0xF4, 0xF6, 0x7E, 0x7C, 0x7C, 0x35, 0xF1, 0x2A, 0x70, 0x34,
		0xF7, 0xB7, 0x94, 0x63, 0x7B, 0x7C, 0x7C, 0xF9, 0xBC, 0x73, 0xF9, 0x0A, 0x7E, 0x7C, 0x7C, 0x83, 0x69, 0x1F, 0x6E, 0x7C, 0x7C, 0x3D, 0xF5, 0x3A, 0x74, 0xF5, 0x38, 0x58, 0x54, 0x34, 0xF1, 0x79,
		0xC8, 0x66, 0x7C, 0x7C, 0x34, 0xF5, 0x38, 0x58, 0x5C, 0x30, 0xF1, 0x71, 0x2C, 0x66, 0x7C, 0x7C, 0x3D, 0xC4, 0xB6, 0x7D, 0x7C, 0x7C, 0x34, 0xF1, 0x69, 0x67, 0x65, 0x7C, 0x7C, 0xC5, 0x7D, 0x7C,
		0x7C, 0x7C, 0x94, 0x05, 0xB7, 0x83, 0x83, 0x95, 0x45, 0x7E, 0x7C, 0x7C, 0x35, 0xF7, 0xA8, 0x35, 0xF7, 0xB4, 0x94, 0xA5, 0x7F, 0x7C, 0x7C, 0xF7, 0x84, 0x95, 0x5B, 0x7E, 0x7C, 0x7C, 0xFF, 0x82,
		0x6C, 0x73, 0xFE, 0x62, 0x7E, 0x7C, 0x7C, 0x34, 0xF1, 0x3F, 0x70, 0x34, 0xF5, 0x38, 0x58, 0x4C, 0xF7, 0x7F, 0xF5, 0x38, 0x58, 0x54, 0x34, 0xF1, 0x79, 0x0F, 0x66, 0x7C, 0x7C, 0x34, 0xF5, 0x38,
		0x58, 0x5C, 0x30, 0xF1, 0x71, 0x8B, 0x65, 0x7C, 0x7C, 0x3D, 0xC4, 0xA1, 0x7D, 0x7C, 0x7C, 0x34, 0xF1, 0x69, 0xBE, 0x64, 0x7C, 0x7C, 0xC5, 0x7D, 0x7C, 0x7C, 0x7C, 0x94, 0x5C, 0xB7, 0x83, 0x83,
		0x34, 0xF7, 0xB7, 0x94, 0x74, 0x8C, 0x83, 0x83, 0x4F, 0x83, 0x95, 0xAA, 0x7D, 0x7C, 0x7C, 0x34, 0xF1, 0x79, 0x16, 0x66, 0x7C, 0x7C, 0x34, 0xF5, 0x38, 0x58, 0x5C, 0x30, 0xF1, 0x71, 0xC2, 0x65,
		0x7C, 0x7C, 0x3D, 0xC4, 0x9B, 0x7D, 0x7C, 0x7C, 0x34, 0xF1, 0x69, 0xF5, 0x64, 0x7C, 0x7C, 0xC5, 0x7D, 0x7C, 0x7C, 0x7C, 0x94, 0x9B, 0xB6, 0x83, 0x83, 0x34, 0xF7, 0x71, 0x54, 0x4C, 0x7C, 0x7C,
		0x34, 0xF9, 0xB5, 0x08, 0x55, 0x34, 0xF9, 0xB5, 0x08, 0x65, 0x1A, 0x73, 0x63, 0x38, 0x7C, 0x7C, 0x34, 0xF7, 0x45, 0x4F, 0xAE, 0x83, 0x69, 0xB9, 0x6D, 0x7C, 0x7C, 0x34, 0xF7, 0xB3, 0x34, 0xF9,
		0x83, 0x09, 0x91, 0x34, 0xBB, 0x79, 0x86, 0x53, 0x7C, 0x7C, 0x7C, 0x7C, 0x7C, 0x7C, 0x4F, 0x83, 0x95, 0x0C, 0x7D, 0x7C, 0x7C, 0x3D, 0xFF, 0x83, 0x74, 0x73, 0xFE, 0x1A, 0x7D, 0x7C, 0x7C, 0x34,
		0xC5, 0x68, 0x7C, 0x7C, 0x7C, 0xFC, 0x8B, 0x83, 0x83, 0x34, 0xF7, 0x75, 0x34, 0xC4, 0xC1, 0x3E, 0x06, 0x99, 0xA9, 0xE8, 0xC3, 0xAA, 0x34, 0x8B, 0x95, 0x34, 0x7F, 0xAD, 0x34, 0xBD, 0x86, 0x6B,
		0x34, 0xF7, 0xBE, 0x34, 0xBD, 0x94, 0x43, 0x34, 0x7F, 0xAC, 0xFD, 0xBE, 0x7C, 0x13, 0x93, 0x35, 0xF5, 0x69, 0x52, 0x2C, 0x7C, 0x7C, 0x34, 0xF7, 0x79, 0x5F, 0x2C, 0x7C, 0x7C, 0x34, 0xF5, 0x7F,
		0xF7, 0x69, 0x62, 0x2C, 0x7C, 0x7C, 0x34, 0xF1, 0x71, 0xB7, 0x65, 0x7C, 0x7C, 0x94, 0xE0, 0x79, 0x7C, 0x7C, 0x39, 0x4F, 0xBC, 0x4F, 0xAE, 0x35, 0xF7, 0x32, 0x4C, 0x83, 0x69, 0x53, 0x6D, 0x7C,
		0x7C, 0x35, 0xF7, 0x32, 0x4C, 0x83, 0x69, 0xE1, 0x6C, 0x7C, 0x7C, 0x4F, 0x83, 0x95, 0x8F, 0x7C, 0x7C, 0x7C, 0xFF, 0x82, 0x6C, 0x73, 0xFE, 0x96, 0x7C, 0x7C, 0x7C, 0x4E, 0xBC, 0xF7, 0x77, 0xFF,
		0x85, 0x7D, 0x09, 0x76, 0xF7, 0x37, 0x78, 0x94, 0x58, 0xA5, 0x83, 0x83, 0x97, 0x62, 0xFF, 0x85, 0x7E, 0x09, 0x77, 0x34, 0xF1, 0x37, 0x70, 0x94, 0xA8, 0xA5, 0x83, 0x83, 0x97, 0x72, 0xFF, 0x85,
		0x7F, 0x09, 0x75, 0x34, 0xF1, 0x37, 0x70, 0x94, 0x68, 0xA7, 0x83, 0x83, 0x73, 0xCA, 0xBC, 0x34, 0xF1, 0x37, 0x70, 0xF5, 0x38, 0x58, 0x3C, 0x34, 0xF5, 0x30, 0x58, 0x44, 0xF7, 0x3F, 0x78, 0xF5,
		0x38, 0x58, 0x4C, 0xF7, 0x7F, 0xF5, 0x38, 0x58, 0x54, 0x34, 0xF1, 0x79, 0x1C, 0x65, 0x7C, 0x7C, 0x34, 0xF5, 0x38, 0x58, 0x5C, 0x30, 0xF1, 0x71, 0xF8, 0x64, 0x7C, 0x7C, 0x3D, 0xC4, 0x69, 0x7E,
		0x7C, 0x7C, 0x34, 0xF1, 0x69, 0x33, 0x6B, 0x7C, 0x7C, 0xC5, 0x7D, 0x7C, 0x7C, 0x7C, 0x94, 0xD1, 0xB5, 0x83, 0x83, 0x4F, 0x83, 0x97, 0x12, 0xFF, 0x82, 0x70, 0x0E, 0x15, 0xF7, 0x6F, 0xF7, 0x79,
		0x40, 0x33, 0x7C, 0x7C, 0xF9, 0xAE, 0x73, 0x39, 0xBE, 0xF5, 0x79, 0x4D, 0x33, 0x7C, 0x7C, 0xF7, 0x37, 0x78, 0xF7, 0x79, 0x50, 0x33, 0x7C, 0x7C, 0xF9, 0xB5, 0x73, 0x39, 0xBD, 0xF5, 0x79, 0x5D,
		0x33, 0x7C, 0x7C, 0x73, 0xCA, 0x3F, 0x74, 0xF4, 0x79, 0x67, 0x33, 0x7C, 0x7C, 0xF5, 0x38, 0x58, 0x44, 0xF5, 0x30, 0x58, 0x4C, 0xF5, 0x28, 0x58, 0x54, 0x34, 0xF1, 0x79, 0x4C, 0x65, 0x7C, 0x7C,
		0x34, 0xF5, 0x38, 0x58, 0x5C, 0x30, 0xF1, 0x71, 0x68, 0x64, 0x7C, 0x7C, 0x3D, 0xC4, 0x52, 0x7E, 0x7C, 0x7C, 0x34, 0xF1, 0x69, 0xA3, 0x6A, 0x7C, 0x7C, 0xC5, 0x7D, 0x7C, 0x7C, 0x7C, 0x94, 0x41,
		0xB5, 0x83, 0x83, 0x4F, 0x83, 0x3D, 0xF5, 0x00, 0x58, 0x4C, 0xF9, 0x83, 0x09, 0x76, 0x3D, 0xF7, 0xBB, 0x35, 0xF5, 0x38, 0x58, 0x44, 0x97, 0x75, 0x35, 0xBB, 0x38, 0x58, 0x44, 0x7C, 0x7C, 0x7C,
		0x7C, 0x4F, 0xAE, 0x35, 0xF7, 0xB0, 0x83, 0x69, 0xC0, 0x73, 0x7C, 0x7C, 0xF7, 0xBB, 0x34, 0xFD, 0xB8, 0xCC, 0x7F, 0x7C, 0x7C, 0x3D, 0x23, 0x3D, 0x22, 0x3D, 0x21, 0x3D, 0x20, 0x23, 0x22, 0x27,
		0xBF, 0x73, 0x63, 0x7C, 0xF5, 0x37, 0x7C, 0x7C, 0xA8, 0x32, 0x7C, 0x7C, 0xD0, 0x33, 0x7C, 0x7C, 0xC2, 0x33, 0x7C, 0x7C, 0x73, 0x2C, 0x7C, 0x7C, 0x09, 0x2C, 0x7C, 0x7C, 0x8E, 0x2C, 0x7C, 0x7C,
		0x0B, 0x2D, 0x7C, 0x7C, 0x99, 0x2D, 0x7C, 0x7C, 0x7C, 0x74, 0x74, 0x74, 0x7D, 0x74, 0x74, 0x74, 0x7E, 0x74, 0x74, 0x74, 0x7F, 0x74, 0x74, 0x74, 0x78, 0x74, 0x74, 0x74, 0x79, 0x74, 0x74, 0x74,
		0x7A, 0x74, 0x74, 0x74, 0x7B, 0xB0, 0xB0, 0xB0, 0xB0, 0xB0, 0xB0, 0xB0, 0xB0, 0xB0, 0xB0, 0xB0, 0x34, 0xF5, 0x20, 0x58, 0x74, 0x2B, 0x34, 0xFF, 0x90, 0x3C, 0x34, 0xF7, 0x26, 0x3C, 0x34, 0xC5,
		0x68, 0x7C, 0x7C, 0x7C, 0xFC, 0x8B, 0x83, 0x83, 0x34, 0xC4, 0xC1, 0x3E, 0x06, 0x99, 0xA9, 0xE8, 0xC3, 0xAA, 0x34, 0xF7, 0x75, 0x38, 0xF7, 0x79, 0x58, 0x32, 0x7C, 0x7C, 0x34, 0x8B, 0x95, 0x34,
		0x7F, 0xAD, 0x4E, 0xB5, 0x34, 0xBD, 0x86, 0x6B, 0x34, 0xF7, 0xBE, 0x34, 0xBD, 0x94, 0x43, 0x34, 0x7F, 0xAC, 0xF7, 0x79, 0x50, 0x32, 0x7C, 0x7C, 0xFD, 0xBE, 0x7C, 0x13, 0x93, 0x35, 0x38, 0xF7,
		0xB6, 0xF7, 0x86, 0x38, 0x57, 0xB4, 0x3D, 0x57, 0x84, 0x3D, 0xFF, 0x85, 0x76, 0x0A, 0x38, 0xF9, 0xBC, 0x08, 0x3C, 0x38, 0xF5, 0x30, 0x58, 0x44, 0xF5, 0x38, 0x58, 0x4C, 0xF5, 0x28, 0x58, 0x54,
		0x34, 0xF1, 0x79, 0x25, 0x64, 0x7C, 0x7C, 0x34, 0xF1, 0x69, 0xB6, 0x69, 0x7C, 0x7C, 0x30, 0xF1, 0x71, 0xE7, 0x64, 0x7C, 0x7C, 0x3D, 0xC4, 0x24, 0x7E, 0x7C, 0x7C, 0xC5, 0x7E, 0x7C, 0x7C, 0x7C,
		0x34, 0xF5, 0x38, 0x58, 0x5C, 0x94, 0x6A, 0xB4, 0x83, 0x83, 0x38, 0xF7, 0x79, 0xD3, 0x31, 0x7C, 0x7C, 0xCD, 0x7D, 0xF7, 0x79, 0xD7, 0x31, 0x7C, 0x7C, 0x47, 0x84, 0x0E, 0x45, 0xF5, 0x38, 0x58,
		0x44, 0x34, 0xF1, 0x79, 0xF4, 0x64, 0x7C, 0x7C, 0xF5, 0x00, 0x58, 0x4C, 0x38, 0xF5, 0x38, 0x58, 0x54, 0x30, 0xF1, 0x71, 0x24, 0x64, 0x7C, 0x7C, 0x34, 0xF1, 0x69, 0x05, 0x69, 0x7C, 0x7C, 0x3D,
		0xC4, 0x23, 0x7E, 0x7C, 0x7C, 0xC5, 0x7E, 0x7C, 0x7C, 0x7C, 0x34, 0xF5, 0x38, 0x58, 0x5C, 0x94, 0xB0, 0xBB, 0x83, 0x83, 0x97, 0x78, 0xF8, 0xB5, 0x08, 0x5F, 0x34, 0xF1, 0xF7, 0x94, 0x7C, 0x7C,
		0x7C, 0x39, 0x4F, 0xBC, 0x4F, 0xAE, 0x83, 0x69, 0xD8, 0x72, 0x7C, 0x7C, 0x34, 0xF1, 0x37, 0x44, 0x83, 0x69, 0x06, 0x72, 0x7C, 0x7C, 0xBA, 0x79, 0x27, 0x31, 0x7C, 0x7C, 0x7C, 0x34, 0xF7, 0x20,
		0x58, 0x2C, 0x34, 0xFF, 0xB8, 0x3C, 0x23, 0xBF, 0xB0, 0xB0, 0xB0, 0xB0, 0xB0, 0xB0, 0xB0, 0xB0, 0x3C, 0x2F, 0x34, 0xFF, 0x90, 0x4C, 0x34, 0xF7, 0xFE, 0xC4, 0x7C, 0x7C, 0x7C, 0x34, 0xF7, 0x25,
		0x3C, 0xFF, 0x04, 0x6C, 0x7D, 0x73, 0xFE, 0xDF, 0x7C, 0x7C, 0x7C, 0x34, 0xF7, 0x3E, 0x64, 0x73, 0xCA, 0x74, 0x44, 0x71, 0x5C, 0x31, 0x7C, 0x7C, 0x73, 0xF8, 0xEC, 0x7C, 0x7C, 0x7C, 0xF8, 0xB5,
		0x30, 0xF1, 0x71, 0x2D, 0x64, 0x7C, 0x7C, 0x34, 0xF1, 0x69, 0x96, 0x68, 0x7C, 0x7C, 0xC5, 0x7D, 0x7C, 0x7C, 0x7C, 0x08, 0x35, 0x34, 0xF1, 0x79, 0x58, 0x64, 0x7C, 0x7C, 0x3D, 0xC4, 0xFC, 0x7E,
		0x7C, 0x7C, 0x34, 0xF5, 0x38, 0x58, 0x5C, 0x94, 0x48, 0xBB, 0x83, 0x83, 0x34, 0xBB, 0x3F, 0x04, 0xFC, 0x40, 0x4A, 0x82, 0x34, 0xF7, 0x2F, 0x04, 0x30, 0xF1, 0xF7, 0xFC, 0x7C, 0x7C, 0x7C, 0x34,
		0xF1, 0x37, 0x44, 0x3D, 0xC4, 0xC4, 0x77, 0x7C, 0x7C, 0x83, 0x69, 0xD5, 0x71, 0x7C, 0x7C, 0xBA, 0x79, 0xBE, 0x30, 0x7C, 0x7C, 0x7D, 0x4F, 0xBC, 0x34, 0xFF, 0xB8, 0x4C, 0x27, 0xBF, 0x34, 0xF1,
		0x79, 0x6F, 0x64, 0x7C, 0x7C, 0x3D, 0xC4, 0xF0, 0x7E, 0x7C, 0x7C, 0x34, 0xF5, 0x38, 0x58, 0x5C, 0x94, 0x97, 0xBA, 0x83, 0x83, 0x34, 0xF1, 0x37, 0x44, 0x83, 0x69, 0xCD, 0x71, 0x7C, 0x7C, 0xBA,
		0x79, 0xEE, 0x30, 0x7C, 0x7C, 0x7C, 0x4F, 0xBC, 0x34, 0xFF, 0xB8, 0x4C, 0x27, 0xBF, 0xC4, 0x7D, 0x7C, 0x7C, 0xBC, 0x34, 0xFF, 0xB8, 0x4C, 0x27, 0xBF, 0xB0, 0xB0, 0xB0, 0xB0, 0xB0, 0xB0, 0xB0,
		0x34, 0xF5, 0x20, 0x58, 0x74, 0x34, 0xF5, 0x10, 0x58, 0x6C, 0x34, 0xF5, 0x08, 0x58, 0x64, 0x2B, 0x34, 0xFF, 0x90, 0x3C, 0x34, 0xF7, 0x79, 0x29, 0x30, 0x7C, 0x7C, 0x30, 0xF1, 0x71, 0x92, 0x6B,
		0x7C, 0x7C, 0x34, 0xF1, 0x69, 0x53, 0x68, 0x7C, 0x7C, 0x34, 0xF7, 0x04, 0x3C, 0x34, 0xF1, 0x79, 0xC0, 0x6B, 0x7C, 0x7C, 0x3D, 0xC4, 0xDE, 0x7E, 0x7C, 0x7C, 0xC5, 0x7D, 0x7C, 0x7C, 0x7C, 0x34,
		0xF5, 0x38, 0x58, 0x5C, 0x94, 0x0B, 0xBA, 0x83, 0x83, 0x34, 0xF1, 0xF3, 0x94, 0x7C, 0x7C, 0x7C, 0x4F, 0x91, 0x39, 0x4F, 0xB5, 0x39, 0x4F, 0xBC, 0x4F, 0xAE, 0x34, 0xF5, 0x10, 0x58, 0x5C, 0x83,
		0x69, 0xDF, 0x77, 0x7C, 0x7C, 0x34, 0xF1, 0xF3, 0x94, 0x7C, 0x7C, 0x7C, 0x83, 0x69, 0xBA, 0x70, 0x7C, 0x7C, 0x19, 0x34, 0xF7, 0x70, 0x59, 0xF4, 0x7D, 0x7C, 0x7C, 0xF1, 0x29, 0x6C, 0x83, 0x69,
		0xB8, 0x70, 0x7C, 0x7C, 0x3C, 0x44, 0xD3, 0x9C, 0x7C, 0x7C, 0x7C, 0x08, 0x3B, 0x34, 0xF1, 0x49, 0xE8, 0x6B, 0x7C, 0x7C, 0x1A, 0x1A, 0x1A, 0x1A, 0x73, 0x63, 0xF8, 0x7C, 0x7C, 0x7C, 0x7C, 0x7C,
		0x30, 0xF1, 0x71, 0x15, 0x6B, 0x7C, 0x7C, 0x34, 0xF1, 0x69, 0xD6, 0x6F, 0x7C, 0x7C, 0x3D, 0xC4, 0xCE, 0x7E, 0x7C, 0x7C, 0xC5, 0x7D, 0x7C, 0x7C, 0x7C, 0x34, 0xF5, 0x08, 0x58, 0x5C, 0x94, 0x81,
		0xB9, 0x83, 0x83, 0x4F, 0xB5, 0x83, 0x69, 0xE9, 0x70, 0x7C, 0x7C, 0x3C, 0x44, 0xD3, 0x9C, 0x7C, 0x7C, 0x7C, 0x09, 0xB0, 0x34, 0xF1, 0x49, 0x19, 0x6B, 0x7C, 0x7C, 0x73, 0x63, 0x38, 0x7C, 0x7C,
		0x73, 0xCA, 0x79, 0xFD, 0x37, 0x7C, 0x7C, 0x30, 0xF1, 0x71, 0x5E, 0x6B, 0x7C, 0x7C, 0x34, 0xF1, 0x69, 0x1F, 0x6F, 0x7C, 0x7C, 0xF5, 0x38, 0x58, 0x44, 0xF7, 0x79, 0x19, 0x37, 0x7C, 0x7C, 0x3D,
		0xC4, 0xC6, 0x7E, 0x7C, 0x7C, 0xF5, 0x38, 0x58, 0x4C, 0xF7, 0x79, 0x2D, 0x37, 0x7C, 0x7C, 0xC5, 0x7D, 0x7C, 0x7C, 0x7C, 0xF5, 0x38, 0x58, 0x54, 0x34, 0xF5, 0x08, 0x58, 0x5C, 0x94, 0xE2, 0xB9,
		0x83, 0x83, 0x94, 0x95, 0x97, 0x83, 0x83, 0x34, 0xF1, 0xF3, 0x7C, 0x7D, 0x7C, 0x7C, 0x34, 0xF1, 0x69, 0x37, 0x7C, 0x7C, 0x7C, 0x3D, 0xCD, 0x7D, 0x39, 0x4F, 0xBC, 0x94, 0x1C, 0x95, 0x83, 0x83,
		0xF9, 0xBC, 0x05, 0x72, 0x34, 0xF1, 0x71, 0x41, 0x6B, 0x7C, 0x7C, 0xF7, 0xAC, 0x94, 0xC0, 0x7C, 0x7C, 0x7C, 0x34, 0xF1, 0xF3, 0x94, 0x7C, 0x7C, 0x7C, 0x39, 0x4F, 0xB5, 0x39, 0x4F, 0xBC, 0x4F,
		0xAE, 0x34, 0xF5, 0x10, 0x58, 0x5C, 0x83, 0x69, 0xE0, 0x76, 0x7C, 0x7C, 0x34, 0xF1, 0xF3, 0x94, 0x7C, 0x7C, 0x7C, 0x83, 0x69, 0xC3, 0x77, 0x7C, 0x7C, 0x95, 0x1E, 0x83, 0x83, 0x83, 0xB0, 0xB0,
		0x3C, 0x2F, 0x34, 0xFF, 0x90, 0x4C, 0x34, 0xF1, 0x79, 0x67, 0x6B, 0x7C, 0x7C, 0x30, 0xF1, 0x71, 0x50, 0x6B, 0x7C, 0x7C, 0x34, 0xF1, 0x69, 0xC1, 0x6E, 0x7C, 0x7C, 0x3D, 0xC4, 0xA4, 0x7E, 0x7C,
		0x7C, 0xC5, 0x7D, 0x7C, 0x7C, 0x7C, 0x34, 0xF5, 0x38, 0x58, 0x5C, 0x94, 0x6C, 0xB9, 0x83, 0x83, 0xC7, 0x7F, 0x7C, 0x7C, 0x7C, 0x30, 0xF1, 0x38, 0x58, 0x34, 0x4F, 0xAE, 0x4F, 0xB5, 0x34, 0xBB,
		0x38, 0x58, 0x34, 0xFC, 0x15, 0x1B, 0x83, 0x83, 0x69, 0x3F, 0x77, 0x7C, 0x7C, 0x34, 0xFF, 0x97, 0x7D, 0x09, 0x9E, 0x73, 0xCA, 0x71, 0xF2, 0x36, 0x7C, 0x7C, 0x94, 0x0D, 0x90, 0x83, 0x83, 0x30,
		0xF1, 0x61, 0x8E, 0x6A, 0x7C, 0x7C, 0x30, 0xF1, 0x71, 0xAF, 0x6A, 0x7C, 0x7C, 0x34, 0xF1, 0x69, 0x18, 0x6E, 0x7C, 0x7C, 0xF1, 0x37, 0x7D, 0x3D, 0xC4, 0x9C, 0x7E, 0x7C, 0x7C, 0x30, 0xF5, 0x20,
		0x58, 0x5C, 0x94, 0xC5, 0xB8, 0x83, 0x83, 0x34, 0xFF, 0xB8, 0x4C, 0x27, 0xBF, 0xB0, 0x83, 0x59, 0x70, 0x76, 0x7C, 0x7C, 0x83, 0x59, 0x2A, 0x76, 0x7C, 0x7C, 0x83, 0x59, 0xEC, 0x76, 0x7C, 0x7C,
		0x83, 0x59, 0x8E, 0x76, 0x7C, 0x7C, 0x83, 0x59, 0x88, 0x76, 0x7C, 0x7C, 0x83, 0x59, 0xDA, 0x75, 0x7C, 0x7C, 0x83, 0x59, 0xE4, 0x75, 0x7C, 0x7C, 0x83, 0x59, 0xF6, 0x75, 0x7C, 0x7C, 0x83, 0x59,
		0x00, 0x75, 0x7C, 0x7C, 0x83, 0x59, 0xEA, 0x75, 0x7C, 0x7C, 0x83, 0x59, 0x1C, 0x75, 0x7C, 0x7C, 0x83, 0x59, 0x2E, 0x75, 0x7C, 0x7C, 0x83, 0x59, 0x38, 0x75, 0x7C, 0x7C, 0x83, 0x59, 0x2A, 0x75,
		0x7C, 0x7C, 0x83, 0x59, 0xFC, 0x75, 0x7C, 0x7C, 0xB0, 0xB0, 0xB0, 0xB0, 0xB0, 0xB0, 0xB0, 0xB0, 0xB0, 0xB0, 0xB0, 0xB0, 0xB0, 0xB0, 0x1A, 0x1A, 0x73, 0x63, 0xF8, 0x7C, 0x7C, 0x7C, 0x7C, 0x7C,
		0x30, 0xF7, 0xA5, 0x34, 0x57, 0xAD, 0x73, 0xFE, 0xE2, 0x7D, 0x7C, 0x7C, 0x35, 0xFF, 0x84, 0x74, 0x0E, 0x1E, 0x8A, 0xBD, 0x7B, 0x08, 0x4B, 0x8A, 0xBD, 0x7D, 0x08, 0x70, 0xF6, 0x78, 0x76, 0x35,
		0x83, 0xB4, 0xF4, 0x7D, 0x34, 0xFF, 0xBD, 0x7D, 0x8A, 0xBD, 0x7E, 0x08, 0x73, 0x1A, 0xF7, 0x78, 0x76, 0x35, 0xFF, 0x94, 0x7E, 0x1A, 0xF5, 0x7D, 0x34, 0xFF, 0xBD, 0x7E, 0x8A, 0xBD, 0x78, 0x08,
		0x71, 0xF7, 0x78, 0x76, 0x35, 0xFF, 0x94, 0x78, 0xF5, 0x7D, 0x34, 0xFF, 0xBD, 0x78, 0x31, 0xF7, 0xB4, 0x35, 0xBD, 0x95, 0x79, 0x09, 0x2C, 0x31, 0xF7, 0xB4, 0x35, 0xBD, 0x95, 0x7F, 0x08, 0x68,
		0x34, 0xF7, 0x78, 0x76, 0x34, 0xF5, 0x7D, 0x34, 0xFF, 0xBD, 0x74, 0x35, 0x83, 0xB5, 0x09, 0x8C, 0x35, 0xFF, 0x9C, 0x7B, 0x31, 0xF9, 0xBC, 0x09, 0x7B, 0x35, 0xF7, 0xBF, 0xBF, 0x73, 0x63, 0x7C,
		0xF6, 0x78, 0x76, 0xF4, 0x7D, 0x34, 0x83, 0xBD, 0x35, 0x83, 0xB4, 0x09, 0x8F, 0x35, 0xF7, 0xBF, 0xBF, 0x1A, 0x1A, 0x1A, 0x1A, 0x1A, 0x1A, 0x1A, 0x73, 0x63, 0xF8, 0x7C, 0x7C, 0x7C, 0x7C, 0x7C,
		0x1A, 0x1A, 0x1A, 0xEC, 0x1A, 0x1A, 0xEC, 0x35, 0xFD, 0x85, 0x7C, 0x5C, 0x7C, 0x7C, 0x0F, 0x3E, 0x34, 0xF7, 0x78, 0x76, 0x30, 0xF7, 0x28, 0x76, 0x74, 0x34, 0xFF, 0xBD, 0x5C, 0x34, 0xF5, 0x3D,
		0x9C, 0x30, 0xF5, 0x2D, 0x94, 0x34, 0xF7, 0x38, 0x76, 0x8C, 0x30, 0xF7, 0x28, 0x76, 0x84, 0x35, 0x83, 0xB5, 0x34, 0xF5, 0x3D, 0x8C, 0x30, 0xF5, 0x2D, 0x84, 0x09, 0xA8, 0x35, 0xFF, 0x9C, 0x63,
		0x95, 0x0E, 0x83, 0x83, 0x83, 0x1A, 0x1A, 0x1A, 0x73, 0x63, 0xF8, 0x7C, 0x7C, 0x7C, 0x7C, 0x7C, 0x1A, 0xEC, 0x34, 0xFD, 0x86, 0x7C, 0x6C, 0x7C, 0x7C, 0x0E, 0xC9, 0xC4, 0x5C, 0x7C, 0x7C, 0x7C,
		0x73, 0x64, 0x78, 0x76, 0x73, 0x64, 0x38, 0x76, 0x3C, 0x34, 0xFD, 0xBD, 0xFC, 0x7C, 0x7C, 0x7C, 0x83, 0xB4, 0x09, 0x90, 0x34, 0xFD, 0x95, 0x7C, 0x6C, 0x7C, 0x7C, 0xC4, 0x3C, 0x7C, 0x7C, 0x7C,
		0x30, 0xF7, 0x70, 0x76, 0x30, 0xF7, 0x28, 0x76, 0x74, 0x30, 0x73, 0xBF, 0x75, 0x30, 0x73, 0xBF, 0x2D, 0x74, 0x30, 0xF7, 0x30, 0x76, 0x6C, 0x30, 0xF7, 0x28, 0x76, 0x64, 0x30, 0x73, 0xBF, 0x35,
		0x6C, 0x30, 0x73, 0xBF, 0x2D, 0x64, 0x30, 0xF7, 0x30, 0x76, 0x5C, 0x30, 0xF7, 0x28, 0x76, 0x54, 0x34, 0xFF, 0xBD, 0x3C, 0x30, 0x73, 0xBF, 0x35, 0x9C, 0x30, 0x73, 0xBF, 0x2D, 0x94, 0x30, 0xF7,
		0x30, 0x76, 0x8C, 0x30, 0xF7, 0x28, 0x76, 0x84, 0x83, 0xB4, 0x30, 0x73, 0xBF, 0x35, 0x8C, 0x30, 0x73, 0xBF, 0x2D, 0x84, 0x09, 0xD6, 0x35, 0xFD, 0x94, 0x7C, 0x6C, 0x7C, 0x7C, 0x35, 0xFD, 0x84,
		0x7C, 0x6C, 0x7C, 0x7C, 0x73, 0xFF, 0x0D, 0x83, 0x83, 0x83, 0x8C, 0xFC, 0x70, 0x58, 0x7C, 0x95, 0xC6, 0x82, 0x83, 0x83, 0x1A, 0x1A, 0x1A, 0x1A, 0x73, 0x63, 0xF8, 0x7C, 0x7C, 0x7C, 0x7C, 0x7C,
		0x1A, 0x1A, 0x1A, 0xEC, 0x1A, 0x1A, 0x1A, 0xEC, 0x1A, 0xEC, 0x35, 0x7F, 0xB4, 0x35, 0xFF, 0x84, 0x74, 0x0E, 0x1D, 0x8A, 0xBD, 0x7B, 0x08, 0x4A, 0x8A, 0xBD, 0x7D, 0x08, 0x77, 0x34, 0x83, 0xB5,
		0xF6, 0x78, 0x76, 0x35, 0x83, 0xB4, 0xF4, 0x7D, 0x8A, 0xBD, 0x7E, 0x08, 0x73, 0x34, 0xFF, 0x95, 0x7E, 0x1A, 0xF7, 0x78, 0x76, 0x35, 0xFF, 0x94, 0x7E, 0x1A, 0xF5, 0x7D, 0x8A, 0xBD, 0x78, 0x08,
		0x71, 0x34, 0xFF, 0x95, 0x78, 0xF7, 0x78, 0x76, 0x35, 0xFF, 0x94, 0x78, 0xF5, 0x7D, 0x31, 0xF7, 0xB4, 0x35, 0xBD, 0x95, 0x79, 0x09, 0x2C, 0x31, 0xF7, 0xB4, 0x35, 0xBD, 0x95, 0x7F, 0x08, 0x68,
		0x34, 0xFF, 0x95, 0x74, 0x34, 0xF7, 0x78, 0x76, 0x35, 0x83, 0xB5, 0x34, 0xF5, 0x7D, 0x09, 0x8C, 0x35, 0xFF, 0x9C, 0x7B, 0x31, 0xF9, 0xBC, 0x09, 0x7B, 0x35, 0xF7, 0xBF, 0xBF, 0x73, 0x63, 0x7C,
		0x34, 0x83, 0xB5, 0xF6, 0x78, 0x76, 0x35, 0x83, 0xB4, 0xF4, 0x7D, 0x09, 0x8F, 0x35, 0xF7, 0xBF, 0xBF, 0x1A, 0x1A, 0x1A, 0x1A, 0x1A, 0x1A, 0x1A, 0x73, 0x63, 0xF8, 0x7C, 0x7C, 0x7C, 0x7C, 0x7C,
		0x1A, 0x1A, 0x1A, 0xEC, 0x1A, 0x1A, 0xEC, 0x35, 0xFD, 0x85, 0x7C, 0x5C, 0x7C, 0x7C, 0x0F, 0x3E, 0x34, 0xF7, 0x38, 0x76, 0x84, 0x30, 0xF7, 0x28, 0x76, 0x8C, 0x34, 0xFF, 0x95, 0x5C, 0x34, 0xF5,
		0x3D, 0x64, 0x30, 0xF5, 0x2D, 0x6C, 0x34, 0xF7, 0x38, 0x76, 0x74, 0x30, 0xF7, 0x68, 0x76, 0x35, 0x83, 0xB5, 0x34, 0xF5, 0x3D, 0x74, 0x30, 0xF5, 0x6D, 0x09, 0xA9, 0x35, 0xFF, 0x9C, 0x63, 0x95,
		0x0F, 0x83, 0x83, 0x83, 0x1A, 0x1A, 0x1A, 0x1A, 0x73, 0x63, 0xF8, 0x7C, 0x7C, 0x7C, 0x7C, 0x7C, 0x1A, 0xEC, 0x34, 0xFD, 0x86, 0x7C, 0x8C, 0x83, 0x83, 0x0B, 0xC9, 0xC4, 0x5C, 0x7C, 0x7C, 0x7C,
		0x34, 0xFD, 0x95, 0xFC, 0x7C, 0x7C, 0x7C, 0x73, 0x64, 0x78, 0x76, 0x73, 0x64, 0x38, 0x76, 0x3C, 0x83, 0xB4, 0x09, 0x90, 0x34, 0xFD, 0xBD, 0x7C, 0x6C, 0x7C, 0x7C, 0xC4, 0x3C, 0x7C, 0x7C, 0x7C,
		0x30, 0xF7, 0x30, 0x76, 0x84, 0x30, 0xF7, 0x28, 0x76, 0x8C, 0x30, 0x73, 0xBF, 0x35, 0x84, 0x30, 0x73, 0xBF, 0x2D, 0x8C, 0x30, 0xF7, 0x30, 0x76, 0x94, 0x30, 0xF7, 0x28, 0x76, 0x9C, 0x30, 0x73,
		0xBF, 0x35, 0x94, 0x30, 0x73, 0xBF, 0x2D, 0x9C, 0x30, 0xF7, 0x30, 0x76, 0xA4, 0x30, 0xF7, 0x28, 0x76, 0xAC, 0x34, 0xFF, 0x95, 0x3C, 0x30, 0x73, 0xBF, 0x35, 0x64, 0x30, 0x73, 0xBF, 0x2D, 0x6C,
		0x30, 0xF7, 0x30, 0x76, 0x74, 0x30, 0xF7, 0x68, 0x76, 0x83, 0xB4, 0x30, 0x73, 0xBF, 0x35, 0x74, 0x30, 0x73, 0xBF, 0x6D, 0x09, 0xD6, 0x35, 0xFD, 0x94, 0x7C, 0x6C, 0x7C, 0x7C, 0x35, 0xFD, 0x84,
		0x7C, 0x6C, 0x7C, 0x7C, 0x73, 0xFF, 0x0D, 0x83, 0x83, 0x83, 0x8C, 0xFC, 0x70, 0x58, 0x7C, 0x95, 0xC6, 0x82, 0x83, 0x83, 0x83, 0x59, 0x6A, 0x74, 0x7C, 0x7C, 0xB0, 0xB0, 0xB0, 0xB0, 0xB0, 0xB0,
		0xB0, 0xB0, 0xB0, 0xB0, 0xB0, 0xB0, 0x1A, 0x1A, 0x73, 0x63, 0xF8, 0x7C, 0x7C, 0x7C, 0x7C, 0x7C, 0x34, 0xF7, 0xBD, 0x35, 0xFF, 0x84, 0x74, 0x0E, 0x2F, 0x73, 0xCA, 0xAE, 0x35, 0xC5, 0x7D, 0x7D,
		0x7D, 0x7D, 0x7D, 0x7D, 0x7D, 0x7D, 0x35, 0x73, 0xD3, 0xAD, 0x35, 0xFF, 0x84, 0x3C, 0x0E, 0x62, 0x34, 0x8B, 0xA5, 0xFF, 0x9D, 0x7B, 0x08, 0x7A, 0x30, 0x57, 0xBD, 0x34, 0xF5, 0x6C, 0x34, 0x7F,
		0xB4, 0x31, 0xF7, 0xB4, 0x35, 0xFF, 0x9C, 0x43, 0x35, 0xBD, 0x95, 0x7A, 0x09, 0x45, 0x31, 0xF7, 0xB4, 0x35, 0xFF, 0x9C, 0x7B, 0x35, 0xBD, 0x95, 0x7F, 0x08, 0x6D, 0x1A, 0x1A, 0x1A, 0xEC, 0xEC,
		0x34, 0xF5, 0x6D, 0x34, 0xFF, 0xBD, 0x74, 0x35, 0x83, 0xB5, 0x09, 0x88, 0x31, 0xF9, 0xBC, 0x08, 0x76, 0xF4, 0x6D, 0x34, 0x83, 0xBD, 0x35, 0x83, 0xB4, 0x09, 0x8A, 0xBE, 0x7C, 0x7C, 0x1A, 0xEC,
		0x1A, 0x1A, 0x1A, 0xEC, 0x1A, 0x1A, 0xEC, 0x35, 0xFD, 0x85, 0x7C, 0x60, 0x7C, 0x7C, 0x0F, 0x4C, 0x34, 0xF5, 0x6D, 0x34, 0xF5, 0x2D, 0x74, 0x34, 0xF5, 0x2D, 0x6C, 0x34, 0xFF, 0xBD, 0x3C, 0x34,
		0xF5, 0x2D, 0xA4, 0x34, 0xF5, 0x2D, 0x9C, 0x35, 0x83, 0xB5, 0x34, 0xF5, 0x2D, 0x94, 0x34, 0xF5, 0x2D, 0x8C, 0x34, 0xF5, 0x2D, 0x84, 0x09, 0xA4, 0x97, 0xE8, 0x1A, 0x73, 0x63, 0x38, 0x7C, 0x7C,
		0x34, 0x73, 0xBF, 0x6D, 0x34, 0x73, 0xBF, 0x2D, 0x74, 0x34, 0x73, 0xBF, 0x2D, 0x6C, 0x34, 0xFF, 0xBD, 0x3C, 0x34, 0x73, 0xBF, 0x2D, 0xA4, 0x34, 0x73, 0xBF, 0x2D, 0x9C, 0x35, 0x83, 0xB5, 0x34,
		0x73, 0xBF, 0x2D, 0x94, 0x34, 0x73, 0xBF, 0x2D, 0x8C, 0x34, 0x73, 0xBF, 0x2D, 0x84, 0x09, 0xAC, 0x8C, 0xFC, 0x70, 0x58, 0x7C, 0x95, 0x28, 0x83, 0x83, 0x83, 0x7C, 0x7C, 0x7C, 0x7C, 0x7C, 0x7C,
		0x7C, 0x7C, 0x7C, 0x7C, 0x7C, 0x7C, 0x7C, 0x7C, 0x7C, 0x7C, 0x7C, 0x7C, 0x7C, 0x7C, 0x7C, 0x7C, 0x7C, 0x7C, 0x7C, 0x7C, 0x7C, 0x7C, 0x7C, 0x7C, 0x7C, 0x7C, 0x7C, 0x7C, 0x7C, 0x7C, 0x7C, 0x7C,
		0x7C, 0x7C, 0x7C, 0x7C, 0x7C, 0x7C, 0x7C, 0x7C, 0x7C, 0x7C, 0x7C, 0x7C, 0x7C, 0x7C, 0x7C, 0x7C, 0x7C, 0x7C, 0x7C, 0x7C, 0x7C, 0x7C, 0x7C, 0x7C, 0x7C, 0x7C, 0x7C, 0x7C, 0x7C, 0x7C, 0x7C, 0x7C,
		0x7C, 0x7C, 0x7C, 0x7C, 0x7C, 0x7C, 0x7C, 0x7C, 0x7C, 0x7C, 0x7C, 0x7C, 0x7C, 0x7C, 0x7C, 0x7C, 0x7C, 0x7C, 0x7C, 0x7C, 0x7C, 0x7C, 0x7C, 0x7C, 0x7C, 0x7C, 0x7C, 0x7C, 0x7C, 0x7C, 0x7C, 0x7C,
		0x7C, 0x7C, 0x7C, 0x7C, 0x7C, 0x7C, 0x7C, 0x7C, 0x7C, 0x7C, 0x7C, 0x7C, 0x7C, 0x7C, 0x7C, 0x7C, 0x7C, 0x7C, 0x7C, 0x7C, 0x7C, 0x7C, 0x7C, 0x7C, 0x7C, 0x7C, 0x7C, 0x7C, 0x7C, 0x7C, 0x7C, 0x7C,
		0x7C, 0x7C, 0x7C, 0x7C, 0x7C, 0x7C, 0x7C, 0x7C, 0x7C, 0x7C, 0x7C, 0x7C, 0x7C, 0x7C, 0x7C, 0x7C, 0x7C, 0x7C, 0x7C, 0x7C, 0x7C, 0x7C, 0x7C, 0x7C, 0x7C, 0x7C, 0x7C, 0x7C, 0x7C, 0x7C, 0x7C, 0x7C,
		0x7C, 0x7C, 0x7C, 0x7C, 0x7C, 0x7C, 0x7C, 0x7C, 0x7C, 0x7C, 0x7C, 0x7C, 0x7C, 0x7C, 0x7C, 0x7C, 0x7C, 0x7C, 0x7C, 0x7C, 0x7C, 0x7C, 0x7C, 0x7C, 0x7C, 0x7C, 0x7C, 0x7C, 0x7C, 0x7C, 0x7C, 0x7C,
		0x7C, 0x7C, 0x7C, 0x7C, 0x7C, 0x7C, 0x7C, 0x7C, 0x7C, 0x7C, 0x7C, 0x7C, 0x7C, 0x7C, 0x7C, 0x7C, 0x7C, 0x7C, 0x7C, 0x7C, 0x7C, 0x7C, 0x7C, 0x7C, 0x7C, 0x7C, 0x7C, 0x7C, 0x7C, 0x7C, 0x7C, 0x7C,
		0x46, 0xB4, 0x7C, 0x7C, 0x7C, 0x7C, 0x7C, 0x7C, 0x58, 0xB4, 0x7C, 0x7C, 0x7C, 0x7C, 0x7C, 0x7C, 0x78, 0xB4, 0x7C, 0x7C, 0x7C, 0x7C, 0x7C, 0x7C, 0x32, 0xB4, 0x7C, 0x7C, 0x7C, 0x7C, 0x7C, 0x7C,
		0xA4, 0xBB, 0x7C, 0x7C, 0x7C, 0x7C, 0x7C, 0x7C, 0xBA, 0xBB, 0x7C, 0x7C, 0x7C, 0x7C, 0x7C, 0x7C, 0xCE, 0xBB, 0x7C, 0x7C, 0x7C, 0x7C, 0x7C, 0x7C, 0xE8, 0xBB, 0x7C, 0x7C, 0x7C, 0x7C, 0x7C, 0x7C,
		0x90, 0xBB, 0x7C, 0x7C, 0x7C, 0x7C, 0x7C, 0x7C, 0x1E, 0xB4, 0x7C, 0x7C, 0x7C, 0x7C, 0x7C, 0x7C, 0x7C, 0x7C, 0x7C, 0x7C, 0x7C, 0x7C, 0x7C, 0x7C, 0x74, 0xBF, 0x7C, 0x7C, 0x7C, 0x7C, 0x7C, 0x7C,
		0x6E, 0xBF, 0x7C, 0x7C, 0x7C, 0x7C, 0x7C, 0x7C, 0x52, 0xBF, 0x7C, 0x7C, 0x7C, 0x7C, 0x7C, 0x7C, 0x3A, 0xBF, 0x7C, 0x7C, 0x7C, 0x7C, 0x7C, 0x7C, 0x22, 0xBF, 0x7C, 0x7C, 0x7C, 0x7C, 0x7C, 0x7C,
		0x10, 0xBF, 0x7C, 0x7C, 0x7C, 0x7C, 0x7C, 0x7C, 0x04, 0xBF, 0x7C, 0x7C, 0x7C, 0x7C, 0x7C, 0x7C, 0xF2, 0xBF, 0x7C, 0x7C, 0x7C, 0x7C, 0x7C, 0x7C, 0xD2, 0xBF, 0x7C, 0x7C, 0x7C, 0x7C, 0x7C, 0x7C,
		0xBC, 0xBF, 0x7C, 0x7C, 0x7C, 0x7C, 0x7C, 0x7C, 0xA8, 0xBF, 0x7C, 0x7C, 0x7C, 0x7C, 0x7C, 0x7C, 0x8E, 0xBF, 0x7C, 0x7C, 0x7C, 0x7C, 0x7C, 0x7C, 0x76, 0xB8, 0x7C, 0x7C, 0x7C, 0x7C, 0x7C, 0x7C,
		0x62, 0xB8, 0x7C, 0x7C, 0x7C, 0x7C, 0x7C, 0x7C, 0x4A, 0xB8, 0x7C, 0x7C, 0x7C, 0x7C, 0x7C, 0x7C, 0x2C, 0xB8, 0x7C, 0x7C, 0x7C, 0x7C, 0x7C, 0x7C, 0x22, 0xB8, 0x7C, 0x7C, 0x7C, 0x7C, 0x7C, 0x7C,
		0x0E, 0xB8, 0x7C, 0x7C, 0x7C, 0x7C, 0x7C, 0x7C, 0xF4, 0xB8, 0x7C, 0x7C, 0x7C, 0x7C, 0x7C, 0x7C, 0xE4, 0xB8, 0x7C, 0x7C, 0x7C, 0x7C, 0x7C, 0x7C, 0xCC, 0xB8, 0x7C, 0x7C, 0x7C, 0x7C, 0x7C, 0x7C,
		0xB2, 0xB8, 0x7C, 0x7C, 0x7C, 0x7C, 0x7C, 0x7C, 0xA2, 0xB8, 0x7C, 0x7C, 0x7C, 0x7C, 0x7C, 0x7C, 0x80, 0xB8, 0x7C, 0x7C, 0x7C, 0x7C, 0x7C, 0x7C, 0x74, 0xB9, 0x7C, 0x7C, 0x7C, 0x7C, 0x7C, 0x7C,
		0x48, 0xB9, 0x7C, 0x7C, 0x7C, 0x7C, 0x7C, 0x7C, 0x38, 0xB9, 0x7C, 0x7C, 0x7C, 0x7C, 0x7C, 0x7C, 0x1C, 0xB9, 0x7C, 0x7C, 0x7C, 0x7C, 0x7C, 0x7C, 0x04, 0xB9, 0x7C, 0x7C, 0x7C, 0x7C, 0x7C, 0x7C,
		0xF0, 0xB9, 0x7C, 0x7C, 0x7C, 0x7C, 0x7C, 0x7C, 0xDE, 0xB9, 0x7C, 0x7C, 0x7C, 0x7C, 0x7C, 0x7C, 0xC6, 0xB9, 0x7C, 0x7C, 0x7C, 0x7C, 0x7C, 0x7C, 0xB0, 0xB9, 0x7C, 0x7C, 0x7C, 0x7C, 0x7C, 0x7C,
		0x94, 0xB9, 0x7C, 0x7C, 0x7C, 0x7C, 0x7C, 0x7C, 0x78, 0xBA, 0x7C, 0x7C, 0x7C, 0x7C, 0x7C, 0x7C, 0x5C, 0xBA, 0x7C, 0x7C, 0x7C, 0x7C, 0x7C, 0x7C, 0x46, 0xBA, 0x7C, 0x7C, 0x7C, 0x7C, 0x7C, 0x7C,
		0x2A, 0xBA, 0x7C, 0x7C, 0x7C, 0x7C, 0x7C, 0x7C, 0x1E, 0xBA, 0x7C, 0x7C, 0x7C, 0x7C, 0x7C, 0x7C, 0x0E, 0xBA, 0x7C, 0x7C, 0x7C, 0x7C, 0x7C, 0x7C, 0xF6, 0xBA, 0x7C, 0x7C, 0x7C, 0x7C, 0x7C, 0x7C,
		0xE6, 0xBA, 0x7C, 0x7C, 0x7C, 0x7C, 0x7C, 0x7C, 0xCA, 0xBA, 0x7C, 0x7C, 0x7C, 0x7C, 0x7C, 0x7C, 0xB0, 0xBA, 0x7C, 0x7C, 0x7C, 0x7C, 0x7C, 0x7C, 0xA2, 0xBA, 0x7C, 0x7C, 0x7C, 0x7C, 0x7C, 0x7C,
		0x92, 0xBA, 0x7C, 0x7C, 0x7C, 0x7C, 0x7C, 0x7C, 0x74, 0xBB, 0x7C, 0x7C, 0x7C, 0x7C, 0x7C, 0x7C, 0x62, 0xBB, 0x7C, 0x7C, 0x7C, 0x7C, 0x7C, 0x7C, 0x4A, 0xBB, 0x7C, 0x7C, 0x7C, 0x7C, 0x7C, 0x7C,
		0x32, 0xBB, 0x7C, 0x7C, 0x7C, 0x7C, 0x7C, 0x7C, 0x1C, 0xBB, 0x7C, 0x7C, 0x7C, 0x7C, 0x7C, 0x7C, 0x0A, 0xBB, 0x7C, 0x7C, 0x7C, 0x7C, 0x7C, 0x7C, 0x8A, 0xBE, 0x7C, 0x7C, 0x7C, 0x7C, 0x7C, 0x7C,
		0x9A, 0xBE, 0x7C, 0x7C, 0x7C, 0x7C, 0x7C, 0x7C, 0xAE, 0xBE, 0x7C, 0x7C, 0x7C, 0x7C, 0x7C, 0x7C, 0xB8, 0xBE, 0x7C, 0x7C, 0x7C, 0x7C, 0x7C, 0x7C, 0xD0, 0xBE, 0x7C, 0x7C, 0x7C, 0x7C, 0x7C, 0x7C,
		0xE4, 0xBE, 0x7C, 0x7C, 0x7C, 0x7C, 0x7C, 0x7C, 0xFC, 0xBE, 0x7C, 0x7C, 0x7C, 0x7C, 0x7C, 0x7C, 0xFE, 0xB4, 0x7C, 0x7C, 0x7C, 0x7C, 0x7C, 0x7C, 0x7C, 0x7C, 0x7C, 0x7C, 0x7C, 0x7C, 0x7C, 0x7C,
		0x7C, 0x7C, 0x7C, 0x7C, 0x76, 0x96, 0x46, 0x1B, 0x7C, 0x7C, 0x7C, 0x7C, 0x7E, 0x7C, 0x7C, 0x7C, 0x32, 0x7C, 0x7C, 0x7C, 0x30, 0x11, 0x7C, 0x7C, 0x30, 0x21, 0x7C, 0x7C, 0x7C, 0x7C, 0x7C, 0x7C,
		0x27, 0x59, 0x4C, 0x4E, 0x18, 0x46, 0x59, 0x4C, 0x4E, 0x18, 0x46, 0x59, 0x4C, 0x4E, 0x18, 0x52, 0x59, 0x4C, 0x4F, 0x18, 0x21, 0x7C, 0x7C, 0x7C, 0x27, 0x35, 0x12, 0x1A, 0x13, 0x21, 0x7C, 0x7C,
		0x27, 0x39, 0x0E, 0x0E, 0x13, 0x0E, 0x21, 0x7C, 0x27, 0x38, 0x19, 0x1E, 0x09, 0x1B, 0x21, 0x7C, 0x27, 0x2B, 0x1D, 0x0E, 0x12, 0x15, 0x12, 0x1B, 0x21, 0x7C, 0x7C, 0x7C, 0x7C, 0x7C, 0x7C, 0x7C,
		0x27, 0x29, 0x12, 0x17, 0x12, 0x13, 0x0B, 0x12, 0x21, 0x7C, 0x7C, 0x7C, 0x7C, 0x7C, 0x7C, 0x7C, 0x27, 0x4C, 0x04, 0x59, 0x4C, 0x48, 0x04, 0x21, 0x7C, 0x7C, 0x7C, 0x7C, 0x7C, 0x7C, 0x7C, 0x7C,
		0x30, 0x33, 0x3B, 0x5C, 0x35, 0x32, 0x2A, 0x3D, 0x30, 0x35, 0x38, 0x5C, 0x3A, 0x31, 0x28, 0x5C, 0x33, 0x2E, 0x5C, 0x33, 0x2A, 0x39, 0x2E, 0x3A, 0x30, 0x33, 0x2B, 0x46, 0x59, 0x0F, 0x76, 0x7C,
		0x71, 0x76, 0x7C, 0x7C, 0x7C, 0x7C, 0x7C, 0x7C, 0x20, 0x7C, 0x43, 0x7C, 0x43, 0x7C, 0x20, 0x7C, 0x3F, 0x7C, 0x46, 0x7C, 0x20, 0x7C, 0x0E, 0x7C, 0x19, 0x7C, 0x12, 0x7C, 0x08, 0x7C, 0x18, 0x7C,
		0x0E, 0x7C, 0x0A, 0x7C, 0x52, 0x7C, 0x10, 0x7C, 0x13, 0x7C, 0x1B, 0x7C, 0x7C, 0x7C, 0x7C, 0x7C, 0xFC, 0x7C, 0x7C, 0x7C, 0x7C, 0x7C, 0x7C, 0x7C, 0x7C, 0x7C, 0x7C, 0x7C, 0x7C, 0x7C, 0x7C, 0x7C,
		0x7C, 0x7C, 0x7C, 0x7C, 0x7C, 0x7C, 0x7C, 0x7C, 0x7C, 0x7C, 0x7C, 0x7C, 0x7C, 0x7C, 0x7C, 0x7C, 0x7C, 0x7C, 0x7C, 0x7C, 0x7C, 0x7C, 0x7C, 0x7C, 0x7C, 0x7C, 0x7C, 0x7C, 0x7C, 0x7C, 0x7C, 0x7C,
		0x7C, 0x7C, 0x7C, 0x7C, 0x7C, 0x7C, 0x7C, 0x7C, 0x7C, 0x7C, 0x7C, 0x7C, 0x7C, 0x7C, 0x7C, 0x7C, 0x37, 0x15, 0x10, 0x10, 0x2C, 0x0E, 0x13, 0x1F, 0x19, 0x0F, 0x0F, 0x3E, 0x05, 0x32, 0x1D, 0x11,
		0x19, 0x5C, 0x39, 0x2C, 0x0E, 0x13, 0x1F, 0x19, 0x0F, 0x0F, 0x41, 0x59, 0x0C, 0x5C, 0x2C, 0x0E, 0x13, 0x1F, 0x19, 0x0F, 0x0F, 0x35, 0x18, 0x41, 0x59, 0x09, 0x5C, 0x2C, 0x1D, 0x0E, 0x19, 0x12,
		0x08, 0x2C, 0x0E, 0x13, 0x1F, 0x19, 0x0F, 0x0F, 0x35, 0x18, 0x41, 0x59, 0x09, 0x5C, 0x2C, 0x0E, 0x13, 0x1F, 0x19, 0x0F, 0x0F, 0x3A, 0x15, 0x10, 0x19, 0x41, 0x59, 0x0B, 0x26, 0x5C, 0x2C, 0x0E,
		0x13, 0x1F, 0x32, 0x1D, 0x11, 0x19, 0x41, 0x59, 0x0B, 0x0F, 0x76, 0x7C, 0x7C, 0x7C, 0x7C, 0x7C, 0x37, 0x15, 0x10, 0x10, 0x5C, 0x2C, 0x0E, 0x13, 0x1F, 0x19, 0x0F, 0x0F, 0x32, 0x1D, 0x11, 0x19,
		0x41, 0x59, 0x0B, 0x0F, 0x5C, 0x2C, 0x0E, 0x13, 0x1F, 0x19, 0x0F, 0x0F, 0x35, 0x18, 0x41, 0x59, 0x09, 0x7C, 0x7C, 0x7C, 0x7C, 0x7C, 0x7C, 0x7C, 0x7C, 0x7C, 0x7C, 0x7C, 0x7C, 0x7C, 0x7C, 0x7C,
		0x39, 0x2C, 0x0E, 0x13, 0x1F, 0x19, 0x0F, 0x0F, 0x41, 0x59, 0x0C, 0x5C, 0x2C, 0x0E, 0x13, 0x1F, 0x19, 0x0F, 0x0F, 0x35, 0x18, 0x41, 0x59, 0x09, 0x5C, 0x2C, 0x1D, 0x0E, 0x19, 0x12, 0x08, 0x2C,
		0x0E, 0x13, 0x1F, 0x19, 0x0F, 0x0F, 0x35, 0x18, 0x41, 0x59, 0x09, 0x5C, 0x2C, 0x0E, 0x13, 0x1F, 0x19, 0x0F, 0x0F, 0x2C, 0x1D, 0x08, 0x14, 0x41, 0x59, 0x0B, 0x26, 0x5C, 0x2C, 0x0E, 0x13, 0x1F,
		0x2C, 0x1D, 0x08, 0x14, 0x41, 0x59, 0x0B, 0x0F, 0x76, 0x7C, 0x7C, 0x7C, 0x7C, 0x7C, 0x7C, 0x7C, 0x37, 0x15, 0x10, 0x10, 0x5C, 0x2C, 0x0E, 0x13, 0x1F, 0x19, 0x0F, 0x0F, 0x35, 0x18, 0x41, 0x59,
		0x09, 0x5C, 0x2C, 0x0E, 0x13, 0x1F, 0x19, 0x0F, 0x0F, 0x2C, 0x1D, 0x08, 0x14, 0x41, 0x59, 0x0B, 0x0F, 0x5C, 0x2C, 0x1D, 0x0E, 0x19, 0x12, 0x08, 0x38, 0x13, 0x0F, 0x2C, 0x1D, 0x08, 0x14, 0x41,
		0x59, 0x0B, 0x0F, 0x7C, 0x7C, 0x7C, 0x7C, 0x7C, 0x20, 0x7C, 0x43, 0x7C, 0x43, 0x7C, 0x20, 0x7C, 0x3F, 0x7C, 0x46, 0x7C, 0x7C, 0x7C, 0x7C, 0x7C, 0x20, 0x7C, 0x38, 0x7C, 0x19, 0x7C, 0x0A, 0x7C,
		0x15, 0x7C, 0x1F, 0x7C, 0x19, 0x7C, 0x20, 0x7C, 0x34, 0x7C, 0x1D, 0x7C, 0x0E, 0x7C, 0x18, 0x7C, 0x18, 0x7C, 0x15, 0x7C, 0x0F, 0x7C, 0x17, 0x7C, 0x2A, 0x7C, 0x13, 0x7C, 0x10, 0x7C, 0x09, 0x7C,
		0x11, 0x7C, 0x19, 0x7C, 0x43, 0x7C, 0x7C, 0x7C, 0x4C, 0x7C, 0x4D, 0x7C, 0x4E, 0x7C, 0x4F, 0x7C, 0x48, 0x7C, 0x49, 0x7C, 0x4A, 0x7C, 0x4B, 0x7C, 0x44, 0x7C, 0x45, 0x7C, 0x3D, 0x7C, 0x3E, 0x7C,
		0x3F, 0x7C, 0x38, 0x7C, 0x39, 0x7C, 0x3A, 0x7C, 0x7C, 0x7C, 0x7C, 0x7C, 0x7C, 0x7C, 0x7C, 0x7C, 0x2F, 0x7C, 0x34, 0x7C, 0x3D, 0x7C, 0x4E, 0x7C, 0x49, 0x7C, 0x4A, 0x7C, 0x7C, 0x7C, 0x7C, 0x7C,
		0x33, 0x7C, 0x1E, 0x7C, 0x16, 0x7C, 0x19, 0x7C, 0x1F, 0x7C, 0x08, 0x7C, 0x30, 0x7C, 0x19, 0x7C, 0x12, 0x7C, 0x1B, 0x7C, 0x08, 0x7C, 0x14, 0x7C, 0x7C, 0x7C, 0x7C, 0x7C, 0x7C, 0x7C, 0x7C, 0x7C,
		0x34, 0x7C, 0x1D, 0x7C, 0x0F, 0x7C, 0x14, 0x7C, 0x38, 0x7C, 0x15, 0x7C, 0x1B, 0x7C, 0x19, 0x7C, 0x0F, 0x7C, 0x08, 0x7C, 0x30, 0x7C, 0x19, 0x7C, 0x12, 0x7C, 0x1B, 0x7C, 0x08, 0x7C, 0x14, 0x7C,
		0x7C, 0x7C, 0x7C, 0x7C, 0x7C, 0x7C, 0x7C, 0x7C, 0x39, 0x7C, 0x3F, 0x7C, 0x38, 0x7C, 0x2F, 0x7C, 0x3D, 0x7C, 0x23, 0x7C, 0x2C, 0x7C, 0x4E, 0x7C, 0x49, 0x7C, 0x4A, 0x7C, 0x7C, 0x7C, 0x7C, 0x7C,
		0x39, 0x7C, 0x3F, 0x7C, 0x3F, 0x7C, 0x2C, 0x7C, 0x29, 0x7C, 0x3E, 0x7C, 0x30, 0x7C, 0x35, 0x7C, 0x3F, 0x7C, 0x3E, 0x7C, 0x30, 0x7C, 0x33, 0x7C, 0x3E, 0x7C, 0x7C, 0x7C, 0x7C, 0x7C, 0x7C, 0x7C,
		0x3A, 0x2B, 0x51, 0x29, 0x29, 0x35, 0x38, 0x46, 0x5C, 0x59, 0x2F, 0x76, 0x7C, 0x7C, 0x7C, 0x7C, 0x3F, 0x1D, 0x12, 0x5B, 0x08, 0x5C, 0x1F, 0x0E, 0x19, 0x1D, 0x08, 0x19, 0x5C, 0x08, 0x14, 0x0E,
		0x19, 0x1D, 0x18, 0x5C, 0x2F, 0x08, 0x1D, 0x08, 0x09, 0x0F, 0x5C, 0x4C, 0x04, 0x59, 0x04, 0x7C, 0x2B, 0x13, 0x0E, 0x17, 0x19, 0x0E, 0x2F, 0x08, 0x1D, 0x0E, 0x08, 0x7C, 0x7C, 0x7C, 0x7C, 0x7C,
		0x18, 0x46, 0x20, 0x0F, 0x10, 0x1D, 0x0A, 0x19, 0x20, 0x0B, 0x13, 0x0E, 0x17, 0x0F, 0x0C, 0x1D, 0x1F, 0x19, 0x20, 0x0E, 0x19, 0x12, 0x08, 0x18, 0x0E, 0x0A, 0x51, 0x4A, 0x48, 0x20, 0x0F, 0x0E,
		0x1F, 0x20, 0x0E, 0x19, 0x12, 0x08, 0x18, 0x0E, 0x0A, 0x4E, 0x20, 0x0E, 0x19, 0x12, 0x08, 0x18, 0x0E, 0x0A, 0x20, 0x1F, 0x13, 0x11, 0x11, 0x20, 0x0B, 0x13, 0x0E, 0x17, 0x19, 0x0E, 0x52, 0x1F,
		0x7C, 0x7C, 0x7C, 0x7C, 0x7C, 0x7C, 0x7C, 0x7C, 0x7C, 0x7C, 0x7C, 0x7C, 0x7C, 0x7C, 0x7C, 0x7C, 0x2C, 0x0E, 0x13, 0x1F, 0x19, 0x0F, 0x0F, 0x35, 0x12, 0x1A, 0x13, 0x5C, 0x30, 0x19, 0x12, 0x1B,
		0x08, 0x14, 0x41, 0x59, 0x09, 0x5C, 0x2C, 0x0E, 0x13, 0x1F, 0x19, 0x0F, 0x0F, 0x28, 0x05, 0x0C, 0x19, 0x41, 0x59, 0x09, 0x5C, 0x2C, 0x0E, 0x13, 0x1F, 0x19, 0x0F, 0x0F, 0x35, 0x18, 0x41, 0x59,
		0x09, 0x5C, 0x2C, 0x0E, 0x13, 0x1F, 0x19, 0x0F, 0x0F, 0x32, 0x1D, 0x11, 0x19, 0x30, 0x19, 0x12, 0x1B, 0x08, 0x14, 0x41, 0x59, 0x09, 0x5C, 0x2C, 0x0E, 0x13, 0x1F, 0x19, 0x0F, 0x0F, 0x32, 0x1D,
		0x11, 0x19, 0x41, 0x59, 0x0B, 0x0F, 0x7C, 0x7C, 0x3D, 0x18, 0x18, 0x2C, 0x0E, 0x13, 0x1F, 0x19, 0x0F, 0x0F, 0x7C, 0x7C, 0x7C, 0x7C, 0x7C, 0x7C, 0x7C, 0x7C, 0x7C, 0x7C, 0x7C, 0x7C, 0x7C, 0x7C,
		0x18, 0x46, 0x20, 0x0F, 0x10, 0x1D, 0x0A, 0x19, 0x20, 0x0B, 0x13, 0x0E, 0x17, 0x0F, 0x0C, 0x1D, 0x1F, 0x19, 0x20, 0x0E, 0x19, 0x12, 0x08, 0x18, 0x0E, 0x0A, 0x51, 0x4A, 0x48, 0x20, 0x0F, 0x0E,
		0x1F, 0x20, 0x0E, 0x19, 0x12, 0x08, 0x18, 0x0E, 0x0A, 0x4E, 0x20, 0x0E, 0x19, 0x12, 0x08, 0x18, 0x0E, 0x0A, 0x20, 0x0C, 0x0E, 0x13, 0x1F, 0x19, 0x0F, 0x0F, 0x0E, 0x09, 0x10, 0x19, 0x52, 0x1F,
		0x7C, 0x7C, 0x7C, 0x7C, 0x7C, 0x7C, 0x7C, 0x7C, 0x37, 0x15, 0x10, 0x10, 0x5C, 0x2C, 0x0E, 0x13, 0x1F, 0x19, 0x0F, 0x0F, 0x35, 0x18, 0x41, 0x59, 0x09, 0x5C, 0x37, 0x15, 0x10, 0x10, 0x19, 0x18,
		0x41, 0x59, 0x18, 0x7C, 0x7C, 0x7C, 0x7C, 0x7C, 0x37, 0x15, 0x10, 0x10, 0x2C, 0x0E, 0x13, 0x1F, 0x19, 0x0F, 0x0F, 0x7C, 0x7C, 0x7C, 0x7C, 0x7C, 0x37, 0x15, 0x10, 0x10, 0x5C, 0x2C, 0x0E, 0x13,
		0x1F, 0x19, 0x0F, 0x0F, 0x32, 0x1D, 0x11, 0x19, 0x41, 0x59, 0x0B, 0x0F, 0x5C, 0x37, 0x15, 0x10, 0x10, 0x19, 0x18, 0x41, 0x59, 0x18, 0x5C, 0x2A, 0x19, 0x0E, 0x15, 0x1A, 0x05, 0x2C, 0x0E, 0x13,
		0x1F, 0x19, 0x0F, 0x0F, 0x41, 0x59, 0x18, 0x7C, 0x37, 0x15, 0x10, 0x10, 0x5C, 0x2C, 0x0E, 0x13, 0x1F, 0x19, 0x0F, 0x0F, 0x2C, 0x1D, 0x0E, 0x19, 0x12, 0x08, 0x2C, 0x1D, 0x08, 0x14, 0x41, 0x59,
		0x0B, 0x0F, 0x5C, 0x37, 0x15, 0x10, 0x10, 0x19, 0x18, 0x41, 0x59, 0x18, 0x7C, 0x7C, 0x7C, 0x7C, 0x20, 0x7C, 0x2B, 0x7C, 0x15, 0x7C, 0x12, 0x7C, 0x18, 0x7C, 0x13, 0x7C, 0x0B, 0x7C, 0x0F, 0x7C,
		0x20, 0x7C, 0x2F, 0x7C, 0x05, 0x7C, 0x0F, 0x7C, 0x08, 0x7C, 0x19, 0x7C, 0x11, 0x7C, 0x4F, 0x7C, 0x4E, 0x7C, 0x20, 0x7C, 0x0F, 0x7C, 0x11, 0x7C, 0x0F, 0x7C, 0x0F, 0x7C, 0x52, 0x7C, 0x19, 0x7C,
		0x04, 0x7C, 0x19, 0x7C, 0x7C, 0x7C, 0x7C, 0x7C, 0x2E, 0x7C, 0x19, 0x7C, 0x1B, 0x7C, 0x15, 0x7C, 0x0F, 0x7C, 0x08, 0x7C, 0x0E, 0x7C, 0x05, 0x7C, 0x7C, 0x7C, 0x7C, 0x7C, 0x7C, 0x7C, 0x7C, 0x7C,
		0x2F, 0x17, 0x15, 0x0C, 0x5C, 0x2C, 0x0E, 0x13, 0x1F, 0x19, 0x0F, 0x0F, 0x35, 0x18, 0x41, 0x59, 0x18, 0x5C, 0x35, 0x11, 0x1D, 0x1B, 0x19, 0x32, 0x1D, 0x11, 0x19, 0x41, 0x59, 0x0B, 0x26, 0x7C,
		0x2A, 0x19, 0x0E, 0x15, 0x1A, 0x05, 0x2C, 0x0E, 0x13, 0x1F, 0x19, 0x0F, 0x0F, 0x7C, 0x7C, 0x7C, 0x3F, 0x14, 0x19, 0x1F, 0x17, 0x5C, 0x2C, 0x0E, 0x13, 0x1F, 0x19, 0x0F, 0x0F, 0x35, 0x18, 0x41,
		0x59, 0x18, 0x5C, 0x35, 0x11, 0x1D, 0x1B, 0x19, 0x32, 0x1D, 0x11, 0x19, 0x41, 0x59, 0x0B, 0x26, 0x5C, 0x2E, 0x09, 0x10, 0x19, 0x2C, 0x0E, 0x13, 0x1F, 0x19, 0x0F, 0x0F, 0x32, 0x1D, 0x11, 0x19,
		0x41, 0x59, 0x0B, 0x0F, 0x5C, 0x2C, 0x0E, 0x13, 0x1F, 0x19, 0x0F, 0x0F, 0x39, 0x04, 0x15, 0x0F, 0x08, 0x0F, 0x41, 0x59, 0x18, 0x5C, 0x2A, 0x19, 0x0E, 0x15, 0x1A, 0x05, 0x2C, 0x0E, 0x13, 0x1F,
		0x19, 0x0F, 0x0F, 0x41, 0x59, 0x18, 0x7C, 0x7C, 0x38, 0x0E, 0x15, 0x0A, 0x19, 0x0E, 0x39, 0x12, 0x08, 0x0E, 0x05, 0x5C, 0x3E, 0x19, 0x1B, 0x15, 0x12, 0x7C, 0x7C, 0x7C, 0x7C, 0x7C, 0x7C, 0x7C,
		0x17, 0x30, 0x13, 0x1B, 0x35, 0x12, 0x15, 0x08, 0x5C, 0x1A, 0x1D, 0x15, 0x10, 0x09, 0x0E, 0x19, 0x5C, 0x0F, 0x08, 0x1D, 0x08, 0x09, 0x0F, 0x5C, 0x4C, 0x04, 0x59, 0x04, 0x7C, 0x7C, 0x7C, 0x7C,
		0x20, 0x7C, 0x38, 0x7C, 0x19, 0x7C, 0x0A, 0x7C, 0x15, 0x7C, 0x1F, 0x7C, 0x19, 0x7C, 0x20, 0x7C, 0x0F, 0x7C, 0x14, 0x7C, 0x18, 0x7C, 0x0E, 0x7C, 0x0A, 0x7C, 0x7C, 0x7C, 0x7C, 0x7C, 0x7C, 0x7C,
		0x20, 0x7C, 0x38, 0x7C, 0x13, 0x7C, 0x0F, 0x7C, 0x38, 0x7C, 0x19, 0x7C, 0x0A, 0x7C, 0x15, 0x7C, 0x1F, 0x7C, 0x19, 0x7C, 0x0F, 0x7C, 0x20, 0x7C, 0x0F, 0x7C, 0x14, 0x7C, 0x18, 0x7C, 0x0E, 0x7C,
		0x0A, 0x7C, 0x7C, 0x7C, 0x7C, 0x7C, 0x7C, 0x7C, 0x2B, 0x13, 0x0E, 0x17, 0x19, 0x0E, 0x2F, 0x08, 0x1D, 0x0E, 0x08, 0x5C, 0x1A, 0x1D, 0x15, 0x10, 0x19, 0x18, 0x5C, 0x2F, 0x08, 0x1D, 0x08, 0x09,
		0x0F, 0x5C, 0x4C, 0x04, 0x59, 0x04, 0x7C, 0x7C, 0x38, 0x0E, 0x15, 0x0A, 0x19, 0x0E, 0x39, 0x12, 0x08, 0x0E, 0x05, 0x7C, 0x7C, 0x7C, 0x7C, 0x7C, 0x18, 0x46, 0x20, 0x0F, 0x10, 0x1D, 0x0A, 0x19,
		0x20, 0x0B, 0x13, 0x0E, 0x17, 0x0F, 0x0C, 0x1D, 0x1F, 0x19, 0x20, 0x0E, 0x19, 0x12, 0x08, 0x18, 0x0E, 0x0A, 0x51, 0x4A, 0x48, 0x20, 0x0F, 0x0E, 0x1F, 0x20, 0x0E, 0x19, 0x12, 0x08, 0x18, 0x0E,
		0x0A, 0x4E, 0x20, 0x0E, 0x19, 0x12, 0x08, 0x18, 0x0E, 0x0A, 0x20, 0x0E, 0x19, 0x12, 0x08, 0x18, 0x0E, 0x0A, 0x52, 0x1F, 0x7C, 0x7C, 0x7C, 0x7C, 0x7C, 0x7C, 0x7C, 0x7C, 0x7C, 0x7C, 0x7C, 0x7C,
		0x20, 0x7C, 0x3E, 0x7C, 0x1D, 0x7C, 0x0F, 0x7C, 0x19, 0x7C, 0x32, 0x7C, 0x1D, 0x7C, 0x11, 0x7C, 0x19, 0x7C, 0x18, 0x7C, 0x33, 0x7C, 0x1E, 0x7C, 0x16, 0x7C, 0x19, 0x7C, 0x1F, 0x7C, 0x08, 0x7C,
		0x0F, 0x7C, 0x20, 0x7C, 0x2F, 0x7C, 0x14, 0x7C, 0x38, 0x7C, 0x0E, 0x7C, 0x0A, 0x7C, 0x33, 0x7C, 0x1E, 0x7C, 0x16, 0x7C, 0x19, 0x7C, 0x1F, 0x7C, 0x08, 0x7C, 0x39, 0x7C, 0x0A, 0x7C, 0x19, 0x7C,
		0x12, 0x7C, 0x08, 0x7C, 0x7C, 0x7C, 0x7C, 0x7C, 0x38, 0x0E, 0x15, 0x0A, 0x19, 0x0E, 0x39, 0x12, 0x08, 0x0E, 0x05, 0x5C, 0x39, 0x12, 0x18, 0x7C, 0x29, 0x12, 0x10, 0x13, 0x1D, 0x18, 0x38, 0x0E,
		0x15, 0x0A, 0x19, 0x0E, 0x5C, 0x3D, 0x1F, 0x08, 0x15, 0x0A, 0x1D, 0x08, 0x19, 0x18, 0x41, 0x59, 0x09, 0x7C, 0x7C, 0x7C, 0x7C, 0x7C, 0x7C, 0x7C, 0x29, 0x12, 0x10, 0x13, 0x1D, 0x18, 0x38, 0x0E,
		0x15, 0x0A, 0x19, 0x0E, 0x7C, 0x7C, 0x7C, 0x7C, 0x29, 0x12, 0x10, 0x13, 0x1D, 0x18, 0x38, 0x0E, 0x15, 0x0A, 0x19, 0x0E, 0x5C, 0x33, 0x17, 0x5D, 0x7C, 0x7C, 0x7C, 0x7C, 0x7C, 0x7C, 0x7C, 0x7C,
		0x09, 0x09, 0x15, 0x18, 0x41, 0x59, 0x0F, 0x5A, 0x08, 0x15, 0x11, 0x19, 0x0F, 0x08, 0x1D, 0x11, 0x0C, 0x41, 0x59, 0x09, 0x5A, 0x0C, 0x15, 0x18, 0x41, 0x59, 0x18, 0x7C, 0x59, 0x4C, 0x4E, 0x04,
		0x7C, 0x7C, 0x7C, 0x7C, 0x7C, 0x7C, 0x7C, 0x7C, 0x30, 0x13, 0x1B, 0x15, 0x12, 0x35, 0x12, 0x1A, 0x13, 0x5C, 0x2A, 0x19, 0x0E, 0x15, 0x1A, 0x05, 0x38, 0x1D, 0x08, 0x1D, 0x41, 0x59, 0x0F, 0x7C,
		0x38, 0x15, 0x0F, 0x0C, 0x1D, 0x08, 0x1F, 0x14, 0x35, 0x13, 0x1F, 0x08, 0x10, 0x7C, 0x7C, 0x7C, 0x35, 0x13, 0x1F, 0x08, 0x10, 0x5C, 0x1F, 0x13, 0x18, 0x19, 0x41, 0x59, 0x18, 0x5C, 0x1F, 0x1D,
		0x08, 0x1F, 0x14, 0x5C, 0x08, 0x14, 0x19, 0x5C, 0x19, 0x04, 0x1F, 0x19, 0x0C, 0x08, 0x15, 0x13, 0x12, 0x7C, 0x7C, 0x7C, 0x7C, 0x7C, 0x7C, 0x7C, 0x2A, 0x19, 0x0E, 0x15, 0x1A, 0x05, 0x38, 0x1D,
		0x08, 0x1D, 0x41, 0x59, 0x0F, 0x5C, 0x2F, 0x15, 0x1B, 0x12, 0x30, 0x19, 0x12, 0x1B, 0x08, 0x14, 0x41, 0x59, 0x18, 0x7C, 0x7C, 0x7C, 0x7C, 0x7C, 0x2A, 0x19, 0x0E, 0x15, 0x1A, 0x05, 0x5C, 0x13,
		0x17, 0x5C, 0x0C, 0x15, 0x18, 0x41, 0x59, 0x18, 0x7C, 0x7C, 0x7C, 0x7C, 0x7C, 0x7C, 0x7C, 0x7C, 0x3D, 0x18, 0x18, 0x5C, 0x2C, 0x0E, 0x13, 0x1F, 0x19, 0x0F, 0x0F, 0x35, 0x12, 0x1A, 0x13, 0x5C,
		0x2C, 0x0E, 0x13, 0x1F, 0x19, 0x0F, 0x0F, 0x28, 0x05, 0x0C, 0x19, 0x41, 0x59, 0x09, 0x5C, 0x2C, 0x0E, 0x13, 0x1F, 0x19, 0x0F, 0x0F, 0x32, 0x1D, 0x11, 0x19, 0x41, 0x59, 0x0B, 0x0F, 0x7C, 0x7C,
		0x3F, 0x10, 0x19, 0x1D, 0x0E, 0x5C, 0x2C, 0x0E, 0x13, 0x1F, 0x19, 0x0F, 0x0F, 0x35, 0x12, 0x1A, 0x13, 0x7C, 0x7C, 0x7C, 0x7C, 0x7C, 0x7C, 0x7C, 0x30, 0x1D, 0x0F, 0x08, 0x37, 0x19, 0x19, 0x0C,
		0x1D, 0x10, 0x15, 0x0A, 0x19, 0x28, 0x15, 0x11, 0x19, 0x41, 0x59, 0x09, 0x7C, 0x7C, 0x7C, 0x7C, 0x37, 0x15, 0x10, 0x10, 0x2C, 0x0E, 0x13, 0x1F, 0x19, 0x0F, 0x0F, 0x5C, 0x28, 0x05, 0x0C, 0x19,
		0x41, 0x59, 0x09, 0x5C, 0x35, 0x18, 0x41, 0x59, 0x09, 0x5C, 0x2C, 0x0E, 0x13, 0x1F, 0x32, 0x1D, 0x11, 0x19, 0x33, 0x0E, 0x2C, 0x1D, 0x08, 0x14, 0x41, 0x59, 0x0B, 0x0F, 0x5C, 0x1E, 0x37, 0x15,
		0x10, 0x10, 0x19, 0x18, 0x41, 0x59, 0x18, 0x7C, 0x7C, 0x7C, 0x7C, 0x7C, 0x7C, 0x7C, 0x7C, 0x7C, 0x3B, 0x1D, 0x11, 0x19, 0x33, 0x0E, 0x18, 0x19, 0x0E, 0x35, 0x12, 0x1A, 0x13, 0x5C, 0x33, 0x0E,
		0x18, 0x19, 0x0E, 0x3E, 0x19, 0x1B, 0x15, 0x12, 0x28, 0x15, 0x11, 0x19, 0x0F, 0x08, 0x1D, 0x11, 0x0C, 0x41, 0x59, 0x09, 0x5C, 0x3B, 0x1D, 0x11, 0x19, 0x38, 0x09, 0x0E, 0x1D, 0x08, 0x15, 0x13,
		0x12, 0x41, 0x59, 0x09, 0x5C, 0x2A, 0x19, 0x0E, 0x15, 0x1A, 0x05, 0x2C, 0x0E, 0x13, 0x1F, 0x19, 0x0F, 0x0F, 0x41, 0x59, 0x18, 0x7C, 0x7C, 0x7C, 0x7C, 0x7C, 0x7C, 0x7C, 0x7C, 0x7C, 0x7C, 0x7C,
		0x37, 0x19, 0x19, 0x0C, 0x3D, 0x10, 0x15, 0x0A, 0x19, 0x5C, 0x28, 0x15, 0x11, 0x19, 0x13, 0x09, 0x08, 0x5D, 0x5D, 0x5D, 0x5C, 0x3F, 0x09, 0x0E, 0x0E, 0x19, 0x12, 0x08, 0x28, 0x15, 0x11, 0x19,
		0x41, 0x59, 0x09, 0x5C, 0x30, 0x1D, 0x0F, 0x08, 0x37, 0x19, 0x19, 0x0C, 0x3D, 0x10, 0x15, 0x0A, 0x19, 0x28, 0x15, 0x11, 0x19, 0x0F, 0x08, 0x1D, 0x11, 0x0C, 0x41, 0x59, 0x09, 0x5C, 0x28, 0x15,
		0x11, 0x19, 0x13, 0x09, 0x08, 0x41, 0x59, 0x09, 0x7C, 0x7C, 0x7C, 0x7C, 0x7C, 0x7C, 0x7C, 0x7C, 0x37, 0x19, 0x19, 0x0C, 0x3D, 0x10, 0x15, 0x0A, 0x19, 0x28, 0x15, 0x11, 0x19, 0x0E, 0x38, 0x0C,
		0x1F, 0x7C, 0x7C, 0x7C, 0x7C, 0x7C, 0x7C, 0x7C, 0x7C, 0x7C, 0x7C, 0x7C, 0x7C, 0x7C, 0x7C, 0x7C, 0x3B, 0x1D, 0x11, 0x19, 0x5C, 0x08, 0x15, 0x11, 0x19, 0x5C, 0x15, 0x0F, 0x5C, 0x09, 0x0C, 0x5D,
		0x5D, 0x5D, 0x5C, 0x33, 0x0E, 0x18, 0x19, 0x0E, 0x3E, 0x19, 0x1B, 0x15, 0x12, 0x28, 0x15, 0x11, 0x19, 0x0F, 0x08, 0x1D, 0x11, 0x0C, 0x41, 0x59, 0x09, 0x5C, 0x39, 0x10, 0x1D, 0x0C, 0x0F, 0x19,
		0x18, 0x28, 0x15, 0x11, 0x19, 0x41, 0x59, 0x09, 0x5C, 0x3B, 0x1D, 0x11, 0x19, 0x38, 0x09, 0x0E, 0x1D, 0x08, 0x15, 0x13, 0x12, 0x41, 0x59, 0x09, 0x7C, 0x7C, 0x7C, 0x7C, 0x7C, 0x7C, 0x7C, 0x7C,
		0x3D, 0x1F, 0x08, 0x15, 0x0A, 0x1D, 0x08, 0x19, 0x18, 0x5C, 0x41, 0x41, 0x42, 0x5C, 0x33, 0x32, 0x7C, 0x7C, 0x7C, 0x7C, 0x7C, 0x7C, 0x7C, 0x7C, 0x3D, 0x1F, 0x08, 0x15, 0x0A, 0x1D, 0x08, 0x19,
		0x31, 0x13, 0x12, 0x15, 0x08, 0x13, 0x0E, 0x15, 0x12, 0x1B, 0x34, 0x1D, 0x12, 0x10, 0x18, 0x19, 0x0E, 0x7C, 0x7C, 0x7C, 0x7C, 0x7C, 0x7C, 0x7C, 0x3D, 0x1F, 0x08, 0x15, 0x0A, 0x1D, 0x08, 0x19,
		0x18, 0x5C, 0x41, 0x41, 0x42, 0x5C, 0x33, 0x3A, 0x3A, 0x7C, 0x7C, 0x7C, 0x7C, 0x7C, 0x7C, 0x7C, 0x37, 0x15, 0x10, 0x10, 0x19, 0x0E, 0x2B, 0x13, 0x0E, 0x17, 0x19, 0x0E, 0x28, 0x14, 0x0E, 0x19,
		0x1D, 0x18, 0x5C, 0x3E, 0x19, 0x1B, 0x15, 0x12, 0x7C, 0x7C, 0x7C, 0x7C, 0x7C, 0x7C, 0x7C, 0x7C, 0x37, 0x15, 0x10, 0x10, 0x19, 0x0E, 0x2B, 0x13, 0x0E, 0x17, 0x19, 0x0E, 0x28, 0x14, 0x0E, 0x19,
		0x1D, 0x18, 0x7C, 0x7C, 0x7C, 0x7C, 0x7C, 0x7C, 0x28, 0x19, 0x0E, 0x11, 0x15, 0x12, 0x1D, 0x08, 0x19, 0x2F, 0x05, 0x0F, 0x08, 0x19, 0x11, 0x28, 0x14, 0x0E, 0x19, 0x1D, 0x18, 0x7C, 0x7C, 0x7C,
		0x37, 0x15, 0x10, 0x10, 0x5C, 0x2C, 0x0E, 0x13, 0x1F, 0x19, 0x0F, 0x0F, 0x5C, 0x33, 0x0E, 0x18, 0x19, 0x0E, 0x3E, 0x19, 0x1B, 0x15, 0x12, 0x28, 0x15, 0x11, 0x19, 0x0F, 0x08, 0x1D, 0x11, 0x0C,
		0x41, 0x59, 0x09, 0x5C, 0x3B, 0x1D, 0x11, 0x19, 0x38, 0x09, 0x0E, 0x1D, 0x08, 0x15, 0x13, 0x12, 0x41, 0x59, 0x09, 0x5C, 0x2A, 0x19, 0x0E, 0x15, 0x1A, 0x05, 0x2C, 0x0E, 0x13, 0x1F, 0x19, 0x0F,
		0x0F, 0x41, 0x59, 0x18, 0x7C, 0x7C, 0x7C, 0x7C, 0x2B, 0x13, 0x0E, 0x17, 0x19, 0x0E, 0x39, 0x04, 0x19, 0x1F, 0x5C, 0x1A, 0x1D, 0x15, 0x10, 0x19, 0x18, 0x5C, 0x2F, 0x08, 0x1D, 0x08, 0x09, 0x0F,
		0x5C, 0x4C, 0x04, 0x59, 0x04, 0x7C, 0x7C, 0x7C, 0x2C, 0x0E, 0x13, 0x1F, 0x19, 0x0F, 0x0F, 0x3F, 0x14, 0x19, 0x1F, 0x17, 0x5C, 0x2F, 0x08, 0x1D, 0x0E, 0x08, 0x7C, 0x7C, 0x7C, 0x7C, 0x7C, 0x7C,
		0x2C, 0x0E, 0x13, 0x1F, 0x19, 0x0F, 0x0F, 0x3F, 0x14, 0x19, 0x1F, 0x17, 0x2B, 0x13, 0x17, 0x19, 0x0E, 0x7C, 0x7C, 0x7C, 0x7C, 0x7C, 0x7C, 0x7C, 0x2C, 0x0E, 0x13, 0x1F, 0x19, 0x0F, 0x0F, 0x3F,
		0x14, 0x19, 0x1F, 0x17, 0x5C, 0x39, 0x12, 0x18, 0x7C, 0x7C, 0x7C, 0x7C, 0x2E, 0x2F, 0x38, 0x2F, 0xF4, 0xCD, 0xDD, 0x61, 0x53, 0xAA, 0xDD, 0x39, 0xED, 0x74, 0xE5, 0xC5, 0xA8, 0xE2, 0x24, 0xC7,
		0x7D, 0x7C, 0x7C, 0x7C, 0x38, 0x46, 0x20, 0x0F, 0x10, 0x1D, 0x0A, 0x19, 0x20, 0x0B, 0x13, 0x0E, 0x17, 0x0F, 0x0C, 0x1D, 0x1F, 0x19, 0x20, 0x0E, 0x19, 0x12, 0x08, 0x18, 0x0E, 0x0A, 0x51, 0x4A,
		0x48, 0x20, 0x1E, 0x15, 0x12, 0x20, 0x0C, 0x18, 0x1E, 0x20, 0x0E, 0x19, 0x12, 0x08, 0x18, 0x0E, 0x0A, 0x23, 0x04, 0x4A, 0x48, 0x52, 0x0C, 0x18, 0x1E, 0x7C, 0x7C, 0x7C, 0x7C, 0x7C, 0x7C, 0x7C,
		0x5D, 0x7C, 0x7C, 0x7C, 0xFC, 0x39, 0x7C, 0x7C, 0xD2, 0x39, 0x7C, 0x7C, 0xA4, 0x11, 0x7C, 0x7C, 0x5D, 0x7C, 0x7E, 0x7C, 0x7C, 0x48, 0x78, 0x7C, 0xFC, 0x39, 0x7C, 0x7C, 0xD2, 0x39, 0x7C, 0x7C,
		0xA4, 0x11, 0x7C, 0x7C, 0x5D, 0x79, 0x7E, 0x7C, 0x79, 0x48, 0x78, 0x7C, 0xFC, 0x39, 0x7C, 0x7C, 0xD2, 0x39, 0x7C, 0x7C, 0xA4, 0x11, 0x7C, 0x7C, 0x7D, 0x6C, 0x7F, 0x7C, 0x6C, 0x3E, 0x70, 0x0C,
		0x77, 0x1C, 0x7C, 0x7C, 0x7D, 0x0A, 0x74, 0x7C, 0x0A, 0x08, 0x72, 0x7C, 0x23, 0x48, 0x70, 0x7C, 0x77, 0x0E, 0x7B, 0xBC, 0x79, 0x1C, 0x78, 0x2C, 0x5D, 0x7C, 0x7C, 0x7C, 0x5C, 0x48, 0x7C, 0x7C,
		0x24, 0x48, 0x7C, 0x7C, 0x4C, 0x12, 0x7C, 0x7C, 0x5D, 0x7C, 0x7E, 0x7C, 0x7C, 0x08, 0x76, 0x7C, 0x5C, 0x48, 0x7C, 0x7C, 0x24, 0x48, 0x7C, 0x7C, 0x4C, 0x12, 0x7C, 0x7C, 0x5D, 0x79, 0x7E, 0x7C,
		0x79, 0x08, 0x76, 0x7C, 0x5C, 0x48, 0x7C, 0x7C, 0x24, 0x48, 0x7C, 0x7C, 0x4C, 0x12, 0x7C, 0x7C, 0x7D, 0x7A, 0x7E, 0x7C, 0x7A, 0x0E, 0x7E, 0x4C, 0x5D, 0x7C, 0x7C, 0x7C, 0xDC, 0x4F, 0x7C, 0x7C,
		0xB4, 0x4F, 0x7C, 0x7C, 0x20, 0x12, 0x7C, 0x7C, 0x5D, 0x79, 0x7E, 0x7C, 0x79, 0x08, 0x78, 0x7C, 0xDC, 0x4F, 0x7C, 0x7C, 0xB4, 0x4F, 0x7C, 0x7C, 0x20, 0x12, 0x7C, 0x7C, 0x7D, 0x78, 0x7D, 0x7C,
		0x78, 0x3E, 0x7C, 0x7C, 0x75, 0x76, 0x78, 0x7C, 0x76, 0x48, 0x74, 0x7C, 0x76, 0x2E, 0x7A, 0x0C, 0x68, 0x26, 0x7C, 0x7C, 0x7D, 0x7C, 0x7C, 0x7C, 0x43, 0x4F, 0x7C, 0x7C, 0xFC, 0x4F, 0x7C, 0x7C,
		0x7D, 0x7C, 0x7C, 0x7C, 0xFC, 0x4F, 0x7C, 0x7C, 0x7D, 0x6E, 0x7B, 0x7C, 0x6E, 0x18, 0x6A, 0x7C, 0x6E, 0x48, 0x68, 0x7C, 0x6E, 0x7D, 0x6E, 0x7C, 0x77, 0x0C, 0x7C, 0x7C, 0x5D, 0x7C, 0x7C, 0x7C,
		0xEC, 0x52, 0x7C, 0x7C, 0x91, 0x52, 0x7C, 0x7C, 0xBC, 0x12, 0x7C, 0x7C, 0x5D, 0x74, 0x7E, 0x7C, 0x74, 0x48, 0x6F, 0x7C, 0xEC, 0x52, 0x7C, 0x7C, 0x91, 0x52, 0x7C, 0x7C, 0xBC, 0x12, 0x7C, 0x7C,
		0x7D, 0x74, 0x7E, 0x7C, 0x74, 0xAE, 0x78, 0x0C, 0x5D, 0x7C, 0x7C, 0x7C, 0x6C, 0x55, 0x7C, 0x7C, 0xD7, 0x55, 0x7C, 0x7C, 0x38, 0x0F, 0x7C, 0x7C, 0x5D, 0x5D, 0x78, 0x7C, 0x5D, 0x18, 0x77, 0x7C,
		0x7C, 0x48, 0x76, 0x7C, 0x6C, 0x55, 0x7C, 0x7C, 0xD7, 0x55, 0x7C, 0x7C, 0x38, 0x0F, 0x7C, 0x7C, 0x5D, 0x79, 0x7E, 0x7C, 0x79, 0x48, 0x76, 0x7C, 0x6C, 0x55, 0x7C, 0x7C, 0xD7, 0x55, 0x7C, 0x7C,
		0x38, 0x0F, 0x7C, 0x7C, 0x5D, 0x7C, 0x78, 0x7C, 0x7C, 0x08, 0x74, 0x7C, 0x7C, 0x48, 0x77, 0x7C, 0x8C, 0x5B, 0x7C, 0x7C, 0x3F, 0x54, 0x7C, 0x7C, 0x30, 0x0E, 0x7C, 0x7C, 0x5D, 0x76, 0x78, 0x7C,
		0x76, 0x08, 0x74, 0x7C, 0x79, 0x48, 0x77, 0x7C, 0x8C, 0x5B, 0x7C, 0x7C, 0x3F, 0x54, 0x7C, 0x7C, 0x30, 0x0E, 0x7C, 0x7C, 0x7D, 0x69, 0x75, 0x7C, 0x69, 0x3E, 0x6D, 0x8C, 0x73, 0x9C, 0x71, 0xAC,
		0x77, 0xBC, 0x75, 0x0C, 0x74, 0x1C, 0x7B, 0x2C, 0x7A, 0x4C, 0x7C, 0x7C, 0x7D, 0x0C, 0x74, 0x7C, 0x0C, 0x08, 0x75, 0x7C, 0x1B, 0x48, 0x74, 0x7C, 0x76, 0x28, 0x76, 0x7C, 0x76, 0x2E, 0x7A, 0x1C,
		0x5D, 0x7C, 0x7C, 0x7C, 0x5C, 0x47, 0x7C, 0x7C, 0x54, 0x47, 0x7C, 0x7C, 0xA4, 0x13, 0x7C, 0x7C, 0x5D, 0x7C, 0x7C, 0x7C, 0x54, 0x47, 0x7C, 0x7C, 0x51, 0x47, 0x7C, 0x7C, 0xB8, 0x13, 0x7C, 0x7C,
		0x5D, 0x7C, 0x7C, 0x7C, 0x51, 0x47, 0x7C, 0x7C, 0x41, 0x47, 0x7C, 0x7C, 0xCC, 0x13, 0x7C, 0x7C, 0x5D, 0x68, 0x74, 0x7C, 0x68, 0xA8, 0x74, 0x7C, 0x73, 0xB8, 0x75, 0x7C, 0x76, 0x08, 0x76, 0x7C,
		0x79, 0x28, 0x71, 0x7C, 0x51, 0x47, 0x7C, 0x7C, 0x41, 0x47, 0x7C, 0x7C, 0xCC, 0x13, 0x7C, 0x7C, 0x5D, 0x79, 0x7E, 0x7C, 0x79, 0x18, 0x72, 0x7C, 0x54, 0x47, 0x7C, 0x7C, 0x51, 0x47, 0x7C, 0x7C,
		0xB8, 0x13, 0x7C, 0x7C, 0x5D, 0x79, 0x7E, 0x7C, 0x79, 0x48, 0x70, 0x7C, 0x5C, 0x47, 0x7C, 0x7C, 0x54, 0x47, 0x7C, 0x7C, 0xA4, 0x13, 0x7C, 0x7C, 0x7D, 0x78, 0x7D, 0x7C, 0x78, 0xDE, 0x7C, 0x7C,
		0x7D, 0x78, 0x7D, 0x7C, 0x78, 0x1E, 0x7C, 0x7C, 0x7D, 0xD2, 0x75, 0x7C, 0xD2, 0x08, 0xF0, 0x7C, 0x6E, 0x28, 0xF2, 0x7C, 0x6E, 0x48, 0xF1, 0x7C, 0x6E, 0x7D, 0xF6, 0x7C, 0x77, 0x1C, 0x7C, 0x7C,
		0x7D, 0x74, 0x7E, 0x7C, 0x74, 0xCE, 0x78, 0x4C, 0x7D, 0x66, 0x76, 0x7C, 0x66, 0x08, 0x75, 0x7C, 0x66, 0x18, 0x74, 0x7C, 0x66, 0x28, 0x7B, 0x7C, 0x66, 0x48, 0x7A, 0x7C, 0x66, 0x4E, 0x6A, 0xBC,
		0x7D, 0x6C, 0x7F, 0x7C, 0x6C, 0x3E, 0x70, 0x0C, 0x77, 0x4C, 0x7C, 0x7C, 0x7D, 0x73, 0x7A, 0x7C, 0x73, 0x18, 0x75, 0x7C, 0x73, 0x48, 0x74, 0x7C, 0x73, 0x2E, 0x77, 0x0C, 0x5D, 0x7C, 0x7E, 0x7C,
		0x7C, 0x08, 0x7A, 0x7C, 0xCC, 0x6C, 0x7C, 0x7C, 0xAE, 0x6C, 0x7C, 0x7C, 0xB8, 0x0C, 0x7C, 0x7C, 0x5D, 0x79, 0x7E, 0x7C, 0x79, 0x08, 0x7A, 0x7C, 0xCC, 0x6C, 0x7C, 0x7C, 0xAE, 0x6C, 0x7C, 0x7C,
		0xB8, 0x0C, 0x7C, 0x7C, 0x5D, 0x7C, 0x7C, 0x7C, 0x7C, 0x6C, 0x7C, 0x7C, 0x61, 0x6C, 0x7C, 0x7C, 0xB8, 0x0C, 0x7C, 0x7C, 0x5D, 0x7C, 0x7C, 0x7C, 0x40, 0x6C, 0x7C, 0x7C, 0x1B, 0x6C, 0x7C, 0x7C,
		0xE4, 0x0C, 0x7C, 0x7C, 0x5D, 0x79, 0x7E, 0x7C, 0x79, 0x28, 0x7A, 0x7C, 0x40, 0x6C, 0x7C, 0x7C, 0x1B, 0x6C, 0x7C, 0x7C, 0xE4, 0x0C, 0x7C, 0x7C, 0x5D, 0x70, 0x78, 0x7C, 0x70, 0x18, 0x7B, 0x7C,
		0x7C, 0x08, 0x74, 0x7C, 0x7C, 0x6C, 0x7C, 0x7C, 0x61, 0x6C, 0x7C, 0x7C, 0xB8, 0x0C, 0x7C, 0x7C, 0x5D, 0x79, 0x7E, 0x7C, 0x79, 0x08, 0x74, 0x7C, 0x7C, 0x6C, 0x7C, 0x7C, 0x61, 0x6C, 0x7C, 0x7C,
		0xB8, 0x0C, 0x7C, 0x7C, 0x7D, 0x7A, 0x7E, 0x7C, 0x7A, 0x4E, 0x7E, 0x4C, 0x7D, 0xF0, 0x73, 0x7C, 0xF0, 0xB8, 0x36, 0x7C, 0x06, 0x08, 0x37, 0x7C, 0x0E, 0x18, 0x30, 0x7C, 0x16, 0x28, 0x31, 0x7C,
		0x1E, 0x48, 0x29, 0x7C, 0x71, 0x7D, 0x32, 0x7C, 0x7A, 0x8C, 0x78, 0x9C, 0x7E, 0xAC, 0x7C, 0x7C, 0x5D, 0x7C, 0x7C, 0x7C, 0x8C, 0x56, 0x7C, 0x7C, 0x66, 0x57, 0x7C, 0x7C, 0x5C, 0x0D, 0x7C, 0x7C,
		0x5D, 0x68, 0x74, 0x7C, 0x68, 0x98, 0x7A, 0x7C, 0x73, 0x28, 0x72, 0x7C, 0x76, 0xB8, 0x73, 0x7C, 0x79, 0x48, 0x71, 0x7C, 0x8C, 0x56, 0x7C, 0x7C, 0x66, 0x57, 0x7C, 0x7C, 0x5C, 0x0D, 0x7C, 0x7C,
		0x7D, 0x77, 0x79, 0x7C, 0x77, 0x1E, 0x7B, 0x8C, 0x79, 0xAC, 0x7F, 0x0C, 0x7E, 0x1C, 0x7C, 0x7C, 0x7D, 0x64, 0x76, 0x7C, 0x64, 0x18, 0x77, 0x7C, 0x64, 0x28, 0x76, 0x7C, 0x64, 0x48, 0x75, 0x7C,
		0x64, 0x4E, 0x68, 0xAC, 0x6E, 0xBC, 0x6C, 0x0C, 0x5D, 0x7C, 0x7C, 0x7C, 0xEC, 0x65, 0x7C, 0x7C, 0xCD, 0x65, 0x7C, 0x7C, 0x00, 0x0D, 0x7C, 0x7C, 0x5D, 0x68, 0x76, 0x7C, 0x68, 0xA8, 0x72, 0x7C,
		0x6C, 0xB8, 0x73, 0x7C, 0x70, 0x08, 0x69, 0x7C, 0x74, 0x28, 0x68, 0x7C, 0x78, 0x48, 0x6F, 0x7C, 0xEC, 0x65, 0x7C, 0x7C, 0xCD, 0x65, 0x7C, 0x7C, 0x00, 0x0D, 0x7C, 0x7C, 0x7D, 0x77, 0x7E, 0x7C,
		0x77, 0x8E, 0x78, 0x1C, 0x5D, 0x7C, 0x7C, 0x7C, 0xEC, 0x6A, 0x7C, 0x7C, 0xCE, 0x6A, 0x7C, 0x7C, 0x70, 0x0E, 0x7C, 0x7C, 0x5D, 0x7C, 0x7E, 0x7C, 0x7C, 0x08, 0x6E, 0x7C, 0xEC, 0x6A, 0x7C, 0x7C,
		0xCE, 0x6A, 0x7C, 0x7C, 0x70, 0x0E, 0x7C, 0x7C, 0x5D, 0x7C, 0x7C, 0x7C, 0xAB, 0x6A, 0x7C, 0x7C, 0x7D, 0x64, 0x7C, 0x7C, 0x9C, 0x0D, 0x7C, 0x7C, 0x5D, 0x7C, 0x7E, 0x7C, 0x7C, 0x28, 0x6D, 0x7C,
		0xAB, 0x6A, 0x7C, 0x7C, 0x7D, 0x64, 0x7C, 0x7C, 0x9C, 0x0D, 0x7C, 0x7C, 0x5D, 0x74, 0x7E, 0x7C, 0x74, 0x28, 0x6D, 0x7C, 0xAB, 0x6A, 0x7C, 0x7C, 0x7D, 0x64, 0x7C, 0x7C, 0x9C, 0x0D, 0x7C, 0x7C,
		0x5D, 0x71, 0x78, 0x7C, 0x71, 0x98, 0x70, 0x7C, 0x74, 0xB8, 0x6F, 0x7C, 0x39, 0x65, 0x7C, 0x7C, 0x1F, 0x65, 0x7C, 0x7C, 0xE8, 0x0D, 0x7C, 0x7C, 0x5D, 0x74, 0x7E, 0x7C, 0x74, 0x08, 0x6E, 0x7C,
		0xEC, 0x6A, 0x7C, 0x7C, 0xCE, 0x6A, 0x7C, 0x7C, 0x70, 0x0E, 0x7C, 0x7C, 0x7D, 0x77, 0x7F, 0x7C, 0x77, 0xBE, 0x7B, 0x1C, 0x7A, 0x4C, 0x7C, 0x7C, 0x5D, 0x7C, 0x7C, 0x7C, 0xFC, 0x6F, 0x7C, 0x7C,
		0x7D, 0x68, 0x7C, 0x7C, 0x40, 0x0E, 0x7C, 0x7C, 0x5D, 0x74, 0x7E, 0x7C, 0x74, 0x18, 0x6C, 0x7C, 0xFC, 0x6F, 0x7C, 0x7C, 0x7D, 0x68, 0x7C, 0x7C, 0x40, 0x0E, 0x7C, 0x7C, 0x7D, 0x6C, 0x7A, 0x7C,
		0x6C, 0x28, 0x6E, 0x7C, 0x6C, 0x48, 0x6D, 0x7C, 0x6C, 0xAE, 0x70, 0x0C, 0x7D, 0x78, 0x7D, 0x7C, 0x78, 0xFE, 0x7C, 0x7C, 0x5D, 0x7C, 0x7C, 0x7C, 0x3C, 0x6D, 0x7C, 0x7C, 0x5F, 0x6E, 0x7C, 0x7C,
		0x04, 0x0E, 0x7C, 0x7C, 0x5D, 0x79, 0x7E, 0x7C, 0x79, 0x18, 0x7A, 0x7C, 0x3C, 0x6D, 0x7C, 0x7C, 0x5F, 0x6E, 0x7C, 0x7C, 0x04, 0x0E, 0x7C, 0x7C, 0x7D, 0x69, 0x74, 0x7C, 0x69, 0x08, 0x75, 0x7C,
		0x69, 0x28, 0x74, 0x7C, 0x69, 0x48, 0x7B, 0x7C, 0x69, 0x4E, 0x6D, 0xBC, 0x7D, 0x7A, 0x7E, 0x7C, 0x7A, 0x2E, 0x7E, 0x4C, 0x7D, 0x76, 0x78, 0x7C, 0x76, 0x48, 0x76, 0x7C, 0x76, 0x0E, 0x7A, 0x0C,
		0x7D, 0x76, 0x78, 0x7C, 0x76, 0x48, 0x77, 0x7C, 0x76, 0x0E, 0x7A, 0x0C, 0x5D, 0x7C, 0x7C, 0x7C, 0xCC, 0x3E, 0x7C, 0x7C, 0xB3, 0x3E, 0x7C, 0x7C, 0x74, 0x0F, 0x7C, 0x7C, 0x5D, 0x7C, 0x7E, 0x7C,
		0x7C, 0xB8, 0x70, 0x7C, 0xCC, 0x3E, 0x7C, 0x7C, 0xB3, 0x3E, 0x7C, 0x7C, 0x74, 0x0F, 0x7C, 0x7C, 0x5D, 0x5E, 0x76, 0x7C, 0x5E, 0x88, 0x76, 0x7C, 0x61, 0x98, 0x77, 0x7C, 0x64, 0x18, 0x6F, 0x7C,
		0x6C, 0x28, 0x6E, 0x7C, 0x74, 0x48, 0x6C, 0x7C, 0x0C, 0x39, 0x7C, 0x7C, 0x09, 0x39, 0x7C, 0x7C, 0xC0, 0x0E, 0x7C, 0x7C, 0x5D, 0x79, 0x7E, 0x7C, 0x79, 0xB8, 0x70, 0x7C, 0xCC, 0x3E, 0x7C, 0x7C,
		0xB3, 0x3E, 0x7C, 0x7C, 0x74, 0x0F, 0x7C, 0x7C, 0x7D, 0x74, 0x7F, 0x7C, 0x74, 0xBE, 0x78, 0xAC, 0x7E, 0x0C, 0x7C, 0x7C, 0x5D, 0x7C, 0x7C, 0x7C, 0x0C, 0x3D, 0x7C, 0x7C, 0xF3, 0x3D, 0x7C, 0x7C,
		0x38, 0x0F, 0x7C, 0x7C, 0x5D, 0x67, 0x74, 0x7C, 0x67, 0x48, 0x76, 0x7C, 0x73, 0xB8, 0x71, 0x7C, 0x76, 0x18, 0x70, 0x7C, 0x79, 0x28, 0x77, 0x7C, 0x0C, 0x3D, 0x7C, 0x7C, 0xF3, 0x3D, 0x7C, 0x7C,
		0x38, 0x0F, 0x7C, 0x7C, 0x7D, 0x7A, 0x7E, 0x7C, 0x7A, 0x0E, 0x7E, 0x0C, 0x7D, 0x64, 0x76, 0x7C, 0x64, 0x18, 0x6C, 0x7C, 0x64, 0x28, 0x73, 0x7C, 0x64, 0x48, 0x72, 0x7C, 0x64, 0xEE, 0x68, 0xAC,
		0x6E, 0xBC, 0x6C, 0x0C, 0x7D, 0x66, 0x76, 0x7C, 0x66, 0x08, 0x6F, 0x7C, 0x66, 0x18, 0x6E, 0x7C, 0x66, 0x28, 0x6D, 0x7C, 0x66, 0x48, 0x6C, 0x7C, 0x66, 0xAE, 0x6A, 0xBC, 0x7D, 0x6E, 0x7B, 0x7C,
		0x6E, 0x18, 0x6B, 0x7C, 0x6E, 0x48, 0x6A, 0x7C, 0x6E, 0x7D, 0x68, 0x7C, 0x77, 0x0C, 0x7C, 0x7C, 0x7D, 0x68, 0x74, 0x7C, 0x68, 0x18, 0x70, 0x7C, 0x68, 0x28, 0x77, 0x7C, 0x68, 0x48, 0x76, 0x7C,
		0x68, 0x0E, 0x6C, 0x0C, 0x75, 0x60, 0x75, 0x7C, 0x60, 0x7D, 0x0A, 0x7C, 0x69, 0x8C, 0x6F, 0x9C, 0x6D, 0xAC, 0x73, 0xBC, 0x71, 0x0C, 0x70, 0x1C, 0x77, 0x4C, 0x7C, 0x7C, 0x68, 0x26, 0x7C, 0x7C,
		0x7D, 0x7C, 0x7C, 0x7C, 0x65, 0x32, 0x7C, 0x7C, 0xF7, 0x32, 0x7C, 0x7C, 0x7D, 0x7C, 0x7C, 0x7C, 0xF7, 0x32, 0x7C, 0x7C, 0x5D, 0x7C, 0x7C, 0x7C, 0x7C, 0x3A, 0x7C, 0x7C, 0x87, 0x3A, 0x7C, 0x7C,
		0x80, 0x0F, 0x7C, 0x7C, 0x5D, 0x6C, 0x78, 0x7C, 0x6C, 0x08, 0x6E, 0x7C, 0x74, 0x48, 0x6A, 0x7C, 0x7C, 0x3A, 0x7C, 0x7C, 0x87, 0x3A, 0x7C, 0x7C, 0x80, 0x0F, 0x7C, 0x7C, 0x7D, 0x76, 0x78, 0x7C,
		0x76, 0x7D, 0x6F, 0x7C, 0x7F, 0x1C, 0x7E, 0x2C, 0x7D, 0x7C, 0x7C, 0x7C, 0x7C, 0x7C, 0x7C, 0x7C, 0x7D, 0x7C, 0x7C, 0x7C, 0x7C, 0x7C, 0x7C, 0x7C, 0x7C, 0x7C, 0x7C, 0x7C, 0x7C, 0x7C, 0x7C, 0x7C,
		0x7C, 0x7C, 0x7C, 0x7C, 0x7C, 0x7C, 0x7C, 0x7C, 0x7C, 0x7C, 0x7C, 0x7C, 0x7C, 0x7C, 0x7C, 0x7C, 0x7C, 0x7C, 0x7C, 0x7C, 0x7C, 0x7C, 0x7C, 0x7C, 0x7C, 0x7C, 0x7C, 0x7C, 0x7C, 0x7C, 0x7C, 0x7C,
		0x7C, 0x7C, 0x7C, 0x7C, 0x7C, 0x7C, 0x7C, 0x7C, 0x7C, 0x7C, 0x7C, 0x7C, 0x7C, 0x7C, 0x7C, 0x7C, 0x7C, 0x7C, 0x7C, 0x7C, 0x7C, 0x7C, 0x7C, 0x7C, 0x7C, 0x7C, 0x7C, 0x7C, 0x7C, 0x7C, 0x7C, 0x7C,
		0x7C, 0x7C, 0x7C, 0x7C, 0x7C, 0x7C, 0x7C, 0x7C, 0x7C, 0x7C, 0x7C, 0x7C, 0x7C, 0x7C, 0x7C, 0x7C, 0x7C, 0x7C, 0x7C, 0x7C, 0x7C, 0x7C, 0x7C, 0x7C, 0x7C, 0x7C, 0x7C, 0x7C, 0x7C, 0x7C, 0x7C, 0x7C,
		0x7C, 0x7C, 0x7C, 0x7C, 0x7C, 0x7C, 0x7C, 0x7C, 0x7C, 0x7C, 0x7C, 0x7C, 0x7C, 0x7C, 0x7C, 0x7C, 0x7C, 0x7C, 0x7C, 0x7C, 0x7C, 0x7C, 0x7C, 0x7C, 0x7C, 0x7C, 0x7C, 0x7C, 0x7C, 0x7C, 0x7C, 0x7C,
		0x7C, 0x7C, 0x7C, 0x7C, 0x7C, 0x7C, 0x7C, 0x7C, 0x7C, 0x7C, 0x7C, 0x7C, 0x7C, 0x7C, 0x7C, 0x7C, 0x7C, 0x7C, 0x7C, 0x7C, 0x7C, 0x7C, 0x7C, 0x7C, 0x7C, 0x7C, 0x7C, 0x7C, 0x7C, 0x7C, 0x7C, 0x7C,
		0x7C, 0x7C, 0x7C, 0x7C, 0x7C, 0x7C, 0x7C, 0x7C, 0x7C, 0x7C, 0x7C, 0x7C, 0x7C, 0x7C, 0x7C, 0x7C, 0x7C, 0x7C, 0x7C, 0x7C, 0x7C, 0x7C, 0x7C, 0x7C, 0x7C, 0x7C, 0x7C, 0x7C, 0x7C, 0x7C, 0x7C, 0x7C,
		0x7C, 0x7C, 0x7C, 0x7C, 0x7C, 0x7C, 0x7C, 0x7C, 0x7C, 0x7C, 0x7C, 0x7C, 0x7C, 0x7C, 0x7C, 0x7C, 0x7C, 0x7C, 0x7C, 0x7C, 0x7C, 0x7C, 0x7C, 0x7C, 0x7C, 0x7C, 0x7C, 0x7C, 0x7C, 0x7C, 0x7C, 0x7C,
		0x7C, 0x7C, 0x7C, 0x7C, 0x7C, 0x7C, 0x7C, 0x7C, 0x7C, 0x7C, 0x7C, 0x7C, 0x7C, 0x7C, 0x7C, 0x7C, 0x7C, 0x7C, 0x7C, 0x7C, 0x7C, 0x7C, 0x7C, 0x7C, 0x7C, 0x7C, 0x7C, 0x7C, 0x7C, 0x7C, 0x7C, 0x7C,
		0x7C, 0x7C, 0x7C, 0x7C, 0x7C, 0x7C, 0x7C, 0x7C, 0x7C, 0x7C, 0x7C, 0x7C, 0x7C, 0x7C, 0x7C, 0x7C, 0x7C, 0x7C, 0x7C, 0x7C, 0x7C, 0x7C, 0x7C, 0x7C, 0x7C, 0x7C, 0x7C, 0x7C, 0x7C, 0x7C, 0x7C, 0x7C,
		0x7C, 0x7C, 0x7C, 0x7C, 0x7C, 0x7C, 0x7C, 0x7C, 0x7C, 0x7C, 0x7C, 0x7C, 0x7C, 0x7C, 0x7C, 0x7C, 0x7C, 0x7C, 0x7C, 0x7C, 0x7C, 0x7C, 0x7C, 0x7C, 0x7C, 0x7C, 0x7C, 0x7C, 0x7C, 0x7C, 0x7C, 0x7C,
		0x7C, 0x7C, 0x7C, 0x7C, 0x7C, 0x7C, 0x7C, 0x7C, 0x7C, 0x7C, 0x7C, 0x7C, 0x7C, 0x7C, 0x7C, 0x7C, 0x7C, 0x7C, 0x7C, 0x7C, 0x7C, 0x7C, 0x7C, 0x7C, 0x7C, 0x7C, 0x7C, 0x7C, 0x7C, 0x7C, 0x7C, 0x7C,
		0x7C, 0x7C, 0x7C, 0x7C, 0x7C, 0x7C, 0x7C, 0x7C, 0x7C, 0x7C, 0x7C, 0x7C, 0x7C, 0x7C, 0x7C, 0x7C, 0x7C, 0x7C, 0x7C, 0x7C, 0x7C, 0x7C, 0x7C, 0x7C, 0x7C, 0x7C, 0x7C, 0x7C, 0x7C, 0x7C, 0x7C, 0x7C,
		0x7C, 0x7C, 0x7C, 0x7C, 0x7C, 0x7C, 0x7C, 0x7C, 0x7C, 0x7C, 0x7C, 0x7C, 0x7C, 0x7C, 0x7C, 0x7C, 0x7C, 0x7C, 0x7C, 0x7C, 0x7C, 0x7C, 0x7C, 0x7C, 0x7C, 0x7C, 0x7C, 0x7C, 0x7C, 0x7C, 0x7C, 0x7C,
		0x7C, 0x7C, 0x7C, 0x7C, 0x7C, 0x7C, 0x7C, 0x7C, 0x7C, 0x7C, 0x7C, 0x7C, 0x7C, 0x7C, 0x7C, 0x7C, 0x7C, 0x7C, 0x7C, 0x7C, 0x7C, 0x7C, 0x7C, 0x7C, 0x7C, 0x7C, 0x7C, 0x7C, 0x7C, 0x7C, 0x7C, 0x7C,
		0x7C, 0x7C, 0x7C, 0x7C, 0x7C, 0x7C, 0x7C, 0x7C, 0x7C, 0x7C, 0x7C, 0x7C, 0x7C, 0x7C, 0x7C, 0x7C, 0x7C, 0x7C, 0x7C, 0x7C, 0x7C, 0x7C, 0x7C, 0x7C, 0x7C, 0x7C, 0x7C, 0x7C, 0x7C, 0x7C, 0x7C, 0x7C,
		0x15, 0x0E, 0x19, 0x0A, 0x7C, 0x7C, 0x7C, 0x7C, 0x7C, 0x7C, 0x7C, 0x7C, 0x7C, 0x7C, 0x7C, 0x7C, 0x39, 0x3F, 0x2F, 0x4D, 0x5C, 0x7C, 0x7C, 0x7C, 0xAC, 0x07, 0xB5, 0x21, 0x63, 0x69, 0x92, 0x8F,
		0x45, 0x8F, 0x49, 0x30, 0xC6, 0xFC, 0x63, 0xA2, 0x83, 0x7B, 0x73, 0x27, 0x3D, 0x4B, 0x6E, 0x2E, 0xD9, 0x71, 0x25, 0x8F, 0x36, 0x3E, 0xF6, 0xE3, 0xB7, 0x1C, 0xBD, 0x88, 0xA6, 0x3D, 0x99, 0x6E,
		0x40, 0x96, 0xB7, 0xF9, 0x07, 0x66, 0xAD, 0xC5, 0x3D, 0x72, 0xA0, 0x42, 0x62, 0xE6, 0x90, 0x09, 0x3F, 0x77, 0x9D, 0x38, 0x3F, 0x74, 0xAA, 0x0F, 0xD4, 0x18, 0x7C, 0xFC, 0x7D, 0x7C, 0x7C, 0x7C,
		0x7C, 0x7C, 0x7C, 0x7C, 0x7C, 0x7C, 0x7C, 0x7C, 0x7C, 0x7C, 0x7C, 0x7C, 0x7C, 0x7C, 0x7C, 0x7C, 0x7C, 0x7C, 0x7C, 0x7C, 0x7C, 0x7C, 0x7C, 0x7C, 0x7C, 0x7C, 0x7C, 0x7C, 0x7C, 0x7C, 0x7C, 0x7C,
		0x7C, 0x7C, 0x7C, 0x7C, 0x7C, 0x7C, 0x7C, 0x7C, 0x7C, 0x7C, 0x7C, 0x7C, 0x7C, 0x7C, 0x7C, 0x7C, 0x7C, 0x7C, 0x7C, 0x7C, 0x7C, 0x7C, 0x7C, 0x7C, 0x7C, 0x7C, 0x7C, 0x7C, 0x7C, 0x7C, 0x7C, 0x7C,
		0x7C, 0x7C, 0x7C, 0x7C, 0x7C, 0x7C, 0x7C, 0x7C, 0x7C, 0x7C, 0x7C, 0x7C, 0x7C, 0x7C, 0x7C, 0x7C, 0x7C, 0x7C, 0x7C, 0x7C, 0x7C, 0x7C, 0x7C, 0x7C, 0x7C, 0x7C, 0x7C, 0x7C, 0x7C, 0x7C, 0x7C, 0x7C,
		0x7C, 0x7C, 0x7C, 0x7C, 0x7C, 0x7C, 0x7C, 0x7C, 0x7C, 0x7C, 0x7C, 0x7C, 0x7C, 0x7C, 0x7C, 0x7C, 0x7C, 0x7C, 0x7C, 0x7C, 0x7C, 0x7C, 0x7C, 0x7C, 0x7C, 0x7C, 0x7C, 0x7C, 0x7C, 0x7C, 0x7C, 0x7C,
		0x7C, 0x7C, 0x7C, 0x7C, 0x7C, 0x7C, 0x7C, 0x7C, 0x7C, 0x7C, 0x7C, 0x7C, 0x7C, 0x7C, 0x7C, 0x7C, 0x7C, 0x7C, 0x7C, 0x7C, 0x7C, 0x7C, 0x7C, 0x7C, 0x7C, 0x7C, 0x7C, 0x7C, 0x7C, 0x7C, 0x7C, 0x7C,
		0x7C, 0x7C, 0x7C, 0x7C, 0x7C, 0x7C, 0x7C, 0x7C, 0x7C, 0x7C, 0x7C, 0x7C, 0x7C, 0x7C, 0x7C, 0x7C, 0x7C, 0x7C, 0x7C, 0x7C, 0x7C, 0x7C, 0x7C, 0x7C, 0x7C, 0x7C, 0x7C, 0x7C, 0x7C, 0x7C, 0x7C, 0x7C,
		0x7C, 0x7C, 0x7C, 0x7C, 0x7C, 0x7C, 0x7C, 0x7C, 0x7C, 0x7C, 0x7C, 0x7C, 0x7C, 0x7C, 0x7C, 0x7C, 0x7C, 0x7C, 0x7C, 0x7C, 0x7C, 0x7C, 0x7C, 0x7C, 0x7C, 0x7C, 0x7C, 0x7C, 0x7C, 0x7C, 0x7C, 0x7C,
		0x7C, 0x7C, 0x7C, 0x7C, 0x7C, 0x7C, 0x7C, 0x7C, 0x7C, 0x7C, 0x7C, 0x7C, 0x7C, 0x7C, 0x7C, 0x7C, 0x7C, 0x7C, 0x7C, 0x7C, 0x7C, 0x7C, 0x7C, 0x7C, 0x7C, 0x7C, 0x7C, 0x7C, 0x7C, 0x7C, 0x7C, 0x7C,
		0x7C, 0x7C, 0x7C, 0x7C, 0x7C, 0x7C, 0x7C, 0x7C, 0x7C, 0x7C, 0x7C, 0x7C, 0x7C, 0x7C, 0x7C, 0x7C, 0x7C, 0x7C, 0x7C, 0x7C, 0x7C, 0x7C, 0x7C, 0x7C, 0x7C, 0x7C, 0x7C, 0x7C, 0x7C, 0x7C, 0x7C, 0x7C,
		0x7C, 0x7C, 0x7C, 0x7C, 0x7C, 0x7C, 0x7C, 0x7C, 0x7C, 0x7C, 0x7C, 0x7C, 0x7C, 0x7C, 0x7C, 0x7C, 0x7C, 0x7C, 0x7C, 0x7C, 0x7C, 0x7C, 0x7C, 0x7C, 0x7C, 0x7C, 0x7C, 0x7C, 0x7C, 0x7C, 0x7C, 0x7C,
		0x7C, 0x7C, 0x7C, 0x7C, 0x7C, 0x7C, 0x7C, 0x7C, 0x7C, 0x7C, 0x7C, 0x7C, 0x7C, 0x7C, 0x7C, 0x7C, 0x7C, 0x7C, 0x7C, 0x7C, 0x7C, 0x7C, 0x7C, 0x7C, 0x7C, 0x7C, 0x7C, 0x7C, 0x7C, 0x7C, 0x7C, 0x7C,
		0x7C, 0x7C, 0x7C, 0x7C, 0x7C, 0x7C, 0x7C, 0x7C, 0x7C, 0x7C, 0x7C, 0x7C, 0x7C, 0x7C, 0x7C, 0x7C, 0x7C, 0x7C, 0x7C, 0x7C, 0x7C, 0x7C, 0x7C, 0x7C, 0x7C, 0x7C, 0x7C, 0x7C, 0x7C, 0x7C, 0x7C, 0x7C,
		0x7C, 0x7C, 0x7C, 0x7C, 0x7C, 0x7C, 0x7C, 0x7C, 0x7C, 0x7C, 0x7C, 0x7C, 0x7C, 0x7C, 0x7C, 0x7C, 0x7C, 0x7C, 0x7C, 0x7C, 0x7C, 0x7C, 0x7C, 0x7C, 0x7C, 0x7C, 0x7C, 0x7C, 0x7C, 0x7C, 0x7C, 0x7C,
		0x7C, 0x6C, 0x7C, 0x7C, 0x61, 0x6C, 0x7C, 0x7C, 0xB8, 0x0C, 0x7C, 0x7C, 0x61, 0x6C, 0x7C, 0x7C, 0x40, 0x6C, 0x7C, 0x7C, 0xCC, 0x0C, 0x7C, 0x7C, 0x40, 0x6C, 0x7C, 0x7C, 0x1B, 0x6C, 0x7C, 0x7C,
		0xE4, 0x0C, 0x7C, 0x7C, 0x1B, 0x6C, 0x7C, 0x7C, 0xE6, 0x6C, 0x7C, 0x7C, 0xF8, 0x0C, 0x7C, 0x7C, 0xE6, 0x6C, 0x7C, 0x7C, 0xD8, 0x6C, 0x7C, 0x7C, 0x08, 0x0C, 0x7C, 0x7C, 0xD8, 0x6C, 0x7C, 0x7C,
		0xD6, 0x6C, 0x7C, 0x7C, 0x18, 0x0C, 0x7C, 0x7C, 0xCC, 0x6C, 0x7C, 0x7C, 0xAE, 0x6C, 0x7C, 0x7C, 0xB8, 0x0C, 0x7C, 0x7C, 0xAE, 0x6C, 0x7C, 0x7C, 0x8D, 0x6C, 0x7C, 0x7C, 0x2C, 0x0C, 0x7C, 0x7C,
		0x8D, 0x6C, 0x7C, 0x7C, 0x4C, 0x6D, 0x7C, 0x7C, 0x40, 0x0C, 0x7C, 0x7C, 0x3C, 0x6D, 0x7C, 0x7C, 0x5F, 0x6E, 0x7C, 0x7C, 0x04, 0x0E, 0x7C, 0x7C, 0x5F, 0x6E, 0x7C, 0x7C, 0xA3, 0x6E, 0x7C, 0x7C,
		0x18, 0x0E, 0x7C, 0x7C, 0xA3, 0x6E, 0x7C, 0x7C, 0x89, 0x6E, 0x7C, 0x7C, 0x28, 0x0E, 0x7C, 0x7C, 0x7C, 0x6F, 0x7C, 0x7C, 0x0A, 0x6F, 0x7C, 0x7C, 0xF0, 0x0E, 0x7C, 0x7C, 0xFC, 0x6F, 0x7C, 0x7C,
		0x7D, 0x68, 0x7C, 0x7C, 0x40, 0x0E, 0x7C, 0x7C, 0x7D, 0x68, 0x7C, 0x7C, 0x42, 0x68, 0x7C, 0x7C, 0x54, 0x0E, 0x7C, 0x7C, 0x42, 0x68, 0x7C, 0x7C, 0x2C, 0x68, 0x7C, 0x7C, 0x64, 0x0E, 0x7C, 0x7C,
		0x2C, 0x68, 0x7C, 0x7C, 0x43, 0x69, 0x7C, 0x7C, 0x50, 0x0C, 0x7C, 0x7C, 0x3C, 0x69, 0x7C, 0x7C, 0x39, 0x6A, 0x7C, 0x7C, 0x00, 0x0F, 0x7C, 0x7C, 0x2C, 0x6A, 0x7C, 0x7C, 0xEC, 0x6A, 0x7C, 0x7C,
		0x5C, 0x0C, 0x7C, 0x7C, 0xEC, 0x6A, 0x7C, 0x7C, 0xCE, 0x6A, 0x7C, 0x7C, 0x70, 0x0E, 0x7C, 0x7C, 0xCE, 0x6A, 0x7C, 0x7C, 0xAB, 0x6A, 0x7C, 0x7C, 0x84, 0x0D, 0x7C, 0x7C, 0xAB, 0x6A, 0x7C, 0x7C,
		0x7D, 0x64, 0x7C, 0x7C, 0x9C, 0x0D, 0x7C, 0x7C, 0x7D, 0x64, 0x7C, 0x7C, 0xC0, 0x64, 0x7C, 0x7C, 0xB0, 0x0D, 0x7C, 0x7C, 0xC0, 0x64, 0x7C, 0x7C, 0xB0, 0x64, 0x7C, 0x7C, 0xD4, 0x0D, 0x7C, 0x7C,
		0xB0, 0x64, 0x7C, 0x7C, 0x93, 0x64, 0x7C, 0x7C, 0xC4, 0x0D, 0x7C, 0x7C, 0x93, 0x64, 0x7C, 0x7C, 0x39, 0x65, 0x7C, 0x7C, 0xD4, 0x0D, 0x7C, 0x7C, 0x39, 0x65, 0x7C, 0x7C, 0x1F, 0x65, 0x7C, 0x7C,
		0xE8, 0x0D, 0x7C, 0x7C, 0x1F, 0x65, 0x7C, 0x7C, 0x06, 0x65, 0x7C, 0x7C, 0xE8, 0x0D, 0x7C, 0x7C, 0x06, 0x65, 0x7C, 0x7C, 0xFD, 0x65, 0x7C, 0x7C, 0xF8, 0x0D, 0x7C, 0x7C, 0xEC, 0x65, 0x7C, 0x7C,
		0xCD, 0x65, 0x7C, 0x7C, 0x00, 0x0D, 0x7C, 0x7C, 0xCD, 0x65, 0x7C, 0x7C, 0x76, 0x67, 0x7C, 0x7C, 0x24, 0x0D, 0x7C, 0x7C, 0x76, 0x67, 0x7C, 0x7C, 0x6F, 0x67, 0x7C, 0x7C, 0x34, 0x0D, 0x7C, 0x7C,
		0x5C, 0x67, 0x7C, 0x7C, 0x2A, 0x67, 0x7C, 0x7C, 0x30, 0x0E, 0x7C, 0x7C, 0x1C, 0x67, 0x7C, 0x7C, 0x51, 0x59, 0x7C, 0x7C, 0x48, 0x13, 0x7C, 0x7C, 0x4C, 0x59, 0x7C, 0x7C, 0x79, 0x5A, 0x7C, 0x7C,
		0x74, 0x0C, 0x7C, 0x7C, 0x6C, 0x5A, 0x7C, 0x7C, 0x92, 0x5B, 0x7C, 0x7C, 0x4C, 0x0D, 0x7C, 0x7C, 0x8C, 0x5B, 0x7C, 0x7C, 0x3F, 0x54, 0x7C, 0x7C, 0x30, 0x0E, 0x7C, 0x7C, 0x3F, 0x54, 0x7C, 0x7C,
		0xB0, 0x54, 0x7C, 0x7C, 0x60, 0x13, 0x7C, 0x7C, 0xB0, 0x54, 0x7C, 0x7C, 0x8B, 0x54, 0x7C, 0x7C, 0x78, 0x13, 0x7C, 0x7C, 0x8B, 0x54, 0x7C, 0x7C, 0x75, 0x55, 0x7C, 0x7C, 0x78, 0x13, 0x7C, 0x7C,
		0x6C, 0x55, 0x7C, 0x7C, 0xD7, 0x55, 0x7C, 0x7C, 0x38, 0x0F, 0x7C, 0x7C, 0xD7, 0x55, 0x7C, 0x7C, 0xB2, 0x55, 0x7C, 0x7C, 0x8C, 0x12, 0x7C, 0x7C, 0xB2, 0x55, 0x7C, 0x7C, 0x55, 0x56, 0x7C, 0x7C,
		0xA4, 0x12, 0x7C, 0x7C, 0x55, 0x56, 0x7C, 0x7C, 0x53, 0x56, 0x7C, 0x7C, 0xB4, 0x12, 0x7C, 0x7C, 0x4C, 0x56, 0x7C, 0x7C, 0x93, 0x56, 0x7C, 0x7C, 0x7C, 0x0C, 0x7C, 0x7C, 0x8C, 0x56, 0x7C, 0x7C,
		0x66, 0x57, 0x7C, 0x7C, 0x5C, 0x0D, 0x7C, 0x7C, 0x66, 0x57, 0x7C, 0x7C, 0x66, 0x50, 0x7C, 0x7C, 0x7C, 0x0D, 0x7C, 0x7C, 0x66, 0x50, 0x7C, 0x7C, 0x4F, 0x50, 0x7C, 0x7C, 0x8C, 0x0C, 0x7C, 0x7C,
		0x3C, 0x50, 0x7C, 0x7C, 0xF2, 0x52, 0x7C, 0x7C, 0xB0, 0x0C, 0x7C, 0x7C, 0xEC, 0x52, 0x7C, 0x7C, 0x91, 0x52, 0x7C, 0x7C, 0xBC, 0x12, 0x7C, 0x7C, 0x91, 0x52, 0x7C, 0x7C, 0x14, 0x53, 0x7C, 0x7C,
		0xD0, 0x12, 0x7C, 0x7C, 0x14, 0x53, 0x7C, 0x7C, 0x12, 0x53, 0x7C, 0x7C, 0xE0, 0x12, 0x7C, 0x7C, 0x7C, 0x4C, 0x7C, 0x7C, 0xE3, 0x4D, 0x7C, 0x7C, 0xF4, 0x12, 0x7C, 0x7C, 0xDC, 0x4D, 0x7C, 0x7C,
		0x53, 0x4F, 0x7C, 0x7C, 0x94, 0x13, 0x7C, 0x7C, 0x4C, 0x4F, 0x7C, 0x7C, 0xEF, 0x4F, 0x7C, 0x7C, 0x18, 0x12, 0x7C, 0x7C, 0xDC, 0x4F, 0x7C, 0x7C, 0xB4, 0x4F, 0x7C, 0x7C, 0x20, 0x12, 0x7C, 0x7C,
		0xB4, 0x4F, 0x7C, 0x7C, 0x64, 0x48, 0x7C, 0x7C, 0x34, 0x12, 0x7C, 0x7C, 0x64, 0x48, 0x7C, 0x7C, 0x63, 0x48, 0x7C, 0x7C, 0x44, 0x12, 0x7C, 0x7C, 0x5C, 0x48, 0x7C, 0x7C, 0x24, 0x48, 0x7C, 0x7C,
		0x4C, 0x12, 0x7C, 0x7C, 0x24, 0x48, 0x7C, 0x7C, 0xD1, 0x48, 0x7C, 0x7C, 0x60, 0x12, 0x7C, 0x7C, 0xD1, 0x48, 0x7C, 0x7C, 0xAF, 0x48, 0x7C, 0x7C, 0x74, 0x12, 0x7C, 0x7C, 0xAF, 0x48, 0x7C, 0x7C,
		0xA5, 0x48, 0x7C, 0x7C, 0x84, 0x11, 0x7C, 0x7C, 0x9C, 0x48, 0x7C, 0x7C, 0xB8, 0x49, 0x7C, 0x7C, 0x30, 0x0F, 0x7C, 0x7C, 0xAC, 0x49, 0x7C, 0x7C, 0x66, 0x4B, 0x7C, 0x7C, 0x30, 0x0F, 0x7C, 0x7C,
		0x5C, 0x4B, 0x7C, 0x7C, 0x52, 0x45, 0x7C, 0x7C, 0x98, 0x11, 0x7C, 0x7C, 0x4C, 0x45, 0x7C, 0x7C, 0x60, 0x47, 0x7C, 0x7C, 0x9C, 0x13, 0x7C, 0x7C, 0x5C, 0x47, 0x7C, 0x7C, 0x54, 0x47, 0x7C, 0x7C,
		0xA4, 0x13, 0x7C, 0x7C, 0x54, 0x47, 0x7C, 0x7C, 0x51, 0x47, 0x7C, 0x7C, 0xB8, 0x13, 0x7C, 0x7C, 0x51, 0x47, 0x7C, 0x7C, 0x41, 0x47, 0x7C, 0x7C, 0xCC, 0x13, 0x7C, 0x7C, 0x41, 0x47, 0x7C, 0x7C,
		0x1B, 0x40, 0x7C, 0x7C, 0xEC, 0x13, 0x7C, 0x7C, 0x1B, 0x40, 0x7C, 0x7C, 0xDC, 0x40, 0x7C, 0x7C, 0xFC, 0x13, 0x7C, 0x7C, 0xDC, 0x40, 0x7C, 0x7C, 0x8C, 0x40, 0x7C, 0x7C, 0x0C, 0x13, 0x7C, 0x7C,
		0x8C, 0x40, 0x7C, 0x7C, 0x3A, 0x41, 0x7C, 0x7C, 0x1C, 0x13, 0x7C, 0x7C, 0x2C, 0x41, 0x7C, 0x7C, 0x8F, 0x42, 0x7C, 0x7C, 0x18, 0x0F, 0x7C, 0x7C, 0x7C, 0x43, 0x7C, 0x7C, 0x70, 0x3C, 0x7C, 0x7C,
		0x30, 0x13, 0x7C, 0x7C, 0x6C, 0x3C, 0x7C, 0x7C, 0x16, 0x3D, 0x7C, 0x7C, 0x30, 0x0F, 0x7C, 0x7C, 0x0C, 0x3D, 0x7C, 0x7C, 0xF3, 0x3D, 0x7C, 0x7C, 0x38, 0x0F, 0x7C, 0x7C, 0xF3, 0x3D, 0x7C, 0x7C,
		0xE1, 0x3E, 0x7C, 0x7C, 0x58, 0x0F, 0x7C, 0x7C, 0xE1, 0x3E, 0x7C, 0x7C, 0xDF, 0x3E, 0x7C, 0x7C, 0x68, 0x0F, 0x7C, 0x7C, 0xCC, 0x3E, 0x7C, 0x7C, 0xB3, 0x3E, 0x7C, 0x7C, 0x74, 0x0F, 0x7C, 0x7C,
		0xB3, 0x3E, 0x7C, 0x7C, 0x52, 0x3F, 0x7C, 0x7C, 0x88, 0x0E, 0x7C, 0x7C, 0x52, 0x3F, 0x7C, 0x7C, 0x0C, 0x39, 0x7C, 0x7C, 0xAC, 0x0E, 0x7C, 0x7C, 0x0C, 0x39, 0x7C, 0x7C, 0x09, 0x39, 0x7C, 0x7C,
		0xC0, 0x0E, 0x7C, 0x7C, 0x09, 0x39, 0x7C, 0x7C, 0x01, 0x39, 0x7C, 0x7C, 0xD0, 0x0E, 0x7C, 0x7C, 0xFC, 0x39, 0x7C, 0x7C, 0xD2, 0x39, 0x7C, 0x7C, 0xA4, 0x11, 0x7C, 0x7C, 0xD2, 0x39, 0x7C, 0x7C,
		0x9A, 0x39, 0x7C, 0x7C, 0xB8, 0x11, 0x7C, 0x7C, 0x9A, 0x39, 0x7C, 0x7C, 0x8A, 0x39, 0x7C, 0x7C, 0xCC, 0x11, 0x7C, 0x7C, 0x8A, 0x39, 0x7C, 0x7C, 0x81, 0x39, 0x7C, 0x7C, 0xDC, 0x11, 0x7C, 0x7C,
		0x7C, 0x3A, 0x7C, 0x7C, 0x87, 0x3A, 0x7C, 0x7C, 0x80, 0x0F, 0x7C, 0x7C, 0x87, 0x3A, 0x7C, 0x7C, 0x6E, 0x35, 0x7C, 0x7C, 0x98, 0x0F, 0x7C, 0x7C, 0x6E, 0x35, 0x7C, 0x7C, 0x60, 0x35, 0x7C, 0x7C,
		0xA8, 0x0F, 0x7C, 0x7C, 0x5C, 0x35, 0x7C, 0x7C, 0xFE, 0x36, 0x7C, 0x7C, 0xDC, 0x0E, 0x7C, 0x7C, 0xEC, 0x36, 0x7C, 0x7C, 0xCE, 0x36, 0x7C, 0x7C, 0x20, 0x12, 0x7C, 0x7C, 0xBC, 0x36, 0x7C, 0x7C,
		0x19, 0x2E, 0x7C, 0x7C, 0xD8, 0x0F, 0x7C, 0x7C, 0x0C, 0x2E, 0x7C, 0x7C, 0xF4, 0x2F, 0x7C, 0x7C, 0xE8, 0x0E, 0x7C, 0x7C, 0xEC, 0x2F, 0x7C, 0x7C, 0x25, 0x28, 0x7C, 0x7C, 0xF0, 0x0E, 0x7C, 0x7C,
		0x1C, 0x28, 0x7C, 0x7C, 0xA2, 0x29, 0x7C, 0x7C, 0xEC, 0x0F, 0x7C, 0x7C, 0x9C, 0x29, 0x7C, 0x7C, 0x11, 0x2A, 0x7C, 0x7C, 0xF0, 0x0E, 0x7C, 0x7C, 0x9C, 0x2A, 0x7C, 0x7C, 0x68, 0x26, 0x7C, 0x7C,
		0x74, 0x08, 0x7C, 0x7C, 0x4C, 0x26, 0x7C, 0x7C, 0x66, 0x27, 0x7C, 0x7C, 0x6C, 0x08, 0x7C, 0x7C, 0x7C, 0x7C, 0x7C, 0x7C, 0x7C, 0x7C, 0x7C, 0x7C, 0x7C, 0x7C, 0x7C, 0x7C, 0x7C, 0x7C, 0x7C, 0x7C,
		0x7C, 0x7C, 0x7C, 0x7C, 0x7C, 0x7C, 0x7C, 0x7C, 0x7C, 0x7C, 0x7C, 0x7C, 0x7C, 0x7C, 0x7C, 0x7C, 0x7C, 0x7C, 0x7C, 0x7C, 0x7C, 0x7C, 0x7C, 0x7C, 0x7C, 0x7C, 0x7C, 0x7C, 0x7C, 0x7C, 0x7C, 0x7C,
		0x7C, 0x7C, 0x7C, 0x7C, 0x7C, 0x7C, 0x7C, 0x7C, 0x7C, 0x7C, 0x7C, 0x7C, 0x7C, 0x7C, 0x7C, 0x7C, 0x7C, 0x7C, 0x7C, 0x7C, 0x7C, 0x7C, 0x7C, 0x7C, 0x7C, 0x7C, 0x7C, 0x7C, 0x7C, 0x7C, 0x7C, 0x7C,
		0x7C, 0x7C, 0x7C, 0x7C, 0x7C, 0x7C, 0x7C, 0x7C, 0x7C, 0x7C, 0x7C, 0x7C, 0x7C, 0x7C, 0x7C, 0x7C, 0x7C, 0x7C, 0x7C, 0x7C, 0x7C, 0x7C, 0x7C, 0x7C, 0x7C, 0x7C, 0x7C, 0x7C, 0x7C, 0x7C, 0x7C, 0x7C,
		0x7C, 0x7C, 0x7C, 0x7C, 0x7C, 0x7C, 0x7C, 0x7C, 0x7C, 0x7C, 0x7C, 0x7C, 0x7C, 0x7C, 0x7C, 0x7C, 0x7C, 0x7C, 0x7C, 0x7C, 0x7C, 0x7C, 0x7C, 0x7C, 0x7C, 0x7C, 0x7C, 0x7C, 0x7C, 0x7C, 0x7C, 0x7C,
		0x7C, 0x7C, 0x7C, 0x7C, 0x7C, 0x7C, 0x7C, 0x7C, 0x7C, 0x7C, 0x7C, 0x7C, 0x7C, 0x7C, 0x7C, 0x7C, 0x7C, 0x7C, 0x7C, 0x7C, 0x7C, 0x7C, 0x7C, 0x7C, 0x7C, 0x7C, 0x7C, 0x7C, 0x7C, 0x7C, 0x7C, 0x7C,
		0x7C, 0x7C, 0x7C, 0x7C, 0x7C, 0x7C, 0x7C, 0x7C, 0x7C, 0x7C, 0x7C, 0x7C, 0x7C, 0x7C, 0x7C, 0x7C, 0x7C, 0x7C, 0x7C, 0x7C, 0x7C, 0x7C, 0x7C, 0x7C, 0x7C, 0x7C, 0x7C, 0x7C, 0x7C, 0x7C, 0x7C, 0x7C,
		0x7C, 0x7C, 0x7C, 0x7C, 0x7C, 0x7C, 0x7C, 0x7C, 0x7C, 0x7C, 0x7C, 0x7C, 0x7C, 0x7C, 0x7C, 0x7C, 0x7C, 0x7C, 0x7C, 0x7C, 0x7C, 0x7C, 0x7C, 0x7C, 0x7C, 0x7C, 0x7C, 0x7C, 0x7C, 0x7C, 0x7C, 0x7C,
		0x7C, 0x7C, 0x7C, 0x7C, 0x7C, 0x7C, 0x7C, 0x7C, 0x7C, 0x7C, 0x7C, 0x7C, 0x7C, 0x7C, 0x7C, 0x7C, 0x7C, 0x7C, 0x7C, 0x7C, 0x7C, 0x7C, 0x7C, 0x7C, 0x7C, 0x7C, 0x7C, 0x7C, 0x7C, 0x7C, 0x7C, 0x7C,
		0x7C, 0x7C, 0x7C, 0x7C, 0x7C, 0x7C, 0x7C, 0x7C, 0x7C, 0x7C, 0x7C, 0x7C, 0x7C, 0x7C, 0x7C, 0x7C, 0x7C, 0x7C, 0x7C, 0x7C, 0x7C, 0x7C, 0x7C, 0x7C, 0x7C, 0x7C, 0x7C, 0x7C, 0x7C, 0x7C, 0x7C, 0x7C,
		0x7C, 0x7C, 0x7C, 0x7C, 0x7C, 0x7C, 0x7C, 0x7C, 0x7C, 0x7C, 0x7C, 0x7C, 0x7C, 0x7C, 0x7C, 0x7C, 0x7C, 0x7C, 0x7C, 0x7C, 0x7C, 0x7C, 0x7C, 0x7C, 0x7C, 0x7C, 0x7C, 0x7C, 0x7C, 0x7C, 0x7C, 0x7C,
		0xE4, 0xBC, 0x7C, 0x7C, 0x7C, 0x7C, 0x7C, 0x7C, 0x7C, 0x7C, 0x7C, 0x7C, 0xFA, 0xBB, 0x7C, 0x7C, 0x24, 0x1C, 0x7C, 0x7C, 0x3C, 0xBC, 0x7C, 0x7C, 0x7C, 0x7C, 0x7C, 0x7C, 0x7C, 0x7C, 0x7C, 0x7C,
		0x0A, 0xB4, 0x7C, 0x7C, 0x7C, 0x1C, 0x7C, 0x7C, 0x7C, 0x7C, 0x7C, 0x7C, 0x7C, 0x7C, 0x7C, 0x7C, 0x7C, 0x7C, 0x7C, 0x7C, 0x7C, 0x7C, 0x7C, 0x7C, 0x7C, 0x7C, 0x7C, 0x7C, 0x7C, 0x7C, 0x7C, 0x7C,
		0x46, 0xB4, 0x7C, 0x7C, 0x7C, 0x7C, 0x7C, 0x7C, 0x58, 0xB4, 0x7C, 0x7C, 0x7C, 0x7C, 0x7C, 0x7C, 0x78, 0xB4, 0x7C, 0x7C, 0x7C, 0x7C, 0x7C, 0x7C, 0x32, 0xB4, 0x7C, 0x7C, 0x7C, 0x7C, 0x7C, 0x7C,
		0xA4, 0xBB, 0x7C, 0x7C, 0x7C, 0x7C, 0x7C, 0x7C, 0xBA, 0xBB, 0x7C, 0x7C, 0x7C, 0x7C, 0x7C, 0x7C, 0xCE, 0xBB, 0x7C, 0x7C, 0x7C, 0x7C, 0x7C, 0x7C, 0xE8, 0xBB, 0x7C, 0x7C, 0x7C, 0x7C, 0x7C, 0x7C,
		0x90, 0xBB, 0x7C, 0x7C, 0x7C, 0x7C, 0x7C, 0x7C, 0x1E, 0xB4, 0x7C, 0x7C, 0x7C, 0x7C, 0x7C, 0x7C, 0x7C, 0x7C, 0x7C, 0x7C, 0x7C, 0x7C, 0x7C, 0x7C, 0x74, 0xBF, 0x7C, 0x7C, 0x7C, 0x7C, 0x7C, 0x7C,
		0x6E, 0xBF, 0x7C, 0x7C, 0x7C, 0x7C, 0x7C, 0x7C, 0x52, 0xBF, 0x7C, 0x7C, 0x7C, 0x7C, 0x7C, 0x7C, 0x3A, 0xBF, 0x7C, 0x7C, 0x7C, 0x7C, 0x7C, 0x7C, 0x22, 0xBF, 0x7C, 0x7C, 0x7C, 0x7C, 0x7C, 0x7C,
		0x10, 0xBF, 0x7C, 0x7C, 0x7C, 0x7C, 0x7C, 0x7C, 0x04, 0xBF, 0x7C, 0x7C, 0x7C, 0x7C, 0x7C, 0x7C, 0xF2, 0xBF, 0x7C, 0x7C, 0x7C, 0x7C, 0x7C, 0x7C, 0xD2, 0xBF, 0x7C, 0x7C, 0x7C, 0x7C, 0x7C, 0x7C,
		0xBC, 0xBF, 0x7C, 0x7C, 0x7C, 0x7C, 0x7C, 0x7C, 0xA8, 0xBF, 0x7C, 0x7C, 0x7C, 0x7C, 0x7C, 0x7C, 0x8E, 0xBF, 0x7C, 0x7C, 0x7C, 0x7C, 0x7C, 0x7C, 0x76, 0xB8, 0x7C, 0x7C, 0x7C, 0x7C, 0x7C, 0x7C,
		0x62, 0xB8, 0x7C, 0x7C, 0x7C, 0x7C, 0x7C, 0x7C, 0x4A, 0xB8, 0x7C, 0x7C, 0x7C, 0x7C, 0x7C, 0x7C, 0x2C, 0xB8, 0x7C, 0x7C, 0x7C, 0x7C, 0x7C, 0x7C, 0x22, 0xB8, 0x7C, 0x7C, 0x7C, 0x7C, 0x7C, 0x7C,
		0x0E, 0xB8, 0x7C, 0x7C, 0x7C, 0x7C, 0x7C, 0x7C, 0xF4, 0xB8, 0x7C, 0x7C, 0x7C, 0x7C, 0x7C, 0x7C, 0xE4, 0xB8, 0x7C, 0x7C, 0x7C, 0x7C, 0x7C, 0x7C, 0xCC, 0xB8, 0x7C, 0x7C, 0x7C, 0x7C, 0x7C, 0x7C,
		0xB2, 0xB8, 0x7C, 0x7C, 0x7C, 0x7C, 0x7C, 0x7C, 0xA2, 0xB8, 0x7C, 0x7C, 0x7C, 0x7C, 0x7C, 0x7C, 0x80, 0xB8, 0x7C, 0x7C, 0x7C, 0x7C, 0x7C, 0x7C, 0x74, 0xB9, 0x7C, 0x7C, 0x7C, 0x7C, 0x7C, 0x7C,
		0x48, 0xB9, 0x7C, 0x7C, 0x7C, 0x7C, 0x7C, 0x7C, 0x38, 0xB9, 0x7C, 0x7C, 0x7C, 0x7C, 0x7C, 0x7C, 0x1C, 0xB9, 0x7C, 0x7C, 0x7C, 0x7C, 0x7C, 0x7C, 0x04, 0xB9, 0x7C, 0x7C, 0x7C, 0x7C, 0x7C, 0x7C,
		0xF0, 0xB9, 0x7C, 0x7C, 0x7C, 0x7C, 0x7C, 0x7C, 0xDE, 0xB9, 0x7C, 0x7C, 0x7C, 0x7C, 0x7C, 0x7C, 0xC6, 0xB9, 0x7C, 0x7C, 0x7C, 0x7C, 0x7C, 0x7C, 0xB0, 0xB9, 0x7C, 0x7C, 0x7C, 0x7C, 0x7C, 0x7C,
		0x94, 0xB9, 0x7C, 0x7C, 0x7C, 0x7C, 0x7C, 0x7C, 0x78, 0xBA, 0x7C, 0x7C, 0x7C, 0x7C, 0x7C, 0x7C, 0x5C, 0xBA, 0x7C, 0x7C, 0x7C, 0x7C, 0x7C, 0x7C, 0x46, 0xBA, 0x7C, 0x7C, 0x7C, 0x7C, 0x7C, 0x7C,
		0x2A, 0xBA, 0x7C, 0x7C, 0x7C, 0x7C, 0x7C, 0x7C, 0x1E, 0xBA, 0x7C, 0x7C, 0x7C, 0x7C, 0x7C, 0x7C, 0x0E, 0xBA, 0x7C, 0x7C, 0x7C, 0x7C, 0x7C, 0x7C, 0xF6, 0xBA, 0x7C, 0x7C, 0x7C, 0x7C, 0x7C, 0x7C,
		0xE6, 0xBA, 0x7C, 0x7C, 0x7C, 0x7C, 0x7C, 0x7C, 0xCA, 0xBA, 0x7C, 0x7C, 0x7C, 0x7C, 0x7C, 0x7C, 0xB0, 0xBA, 0x7C, 0x7C, 0x7C, 0x7C, 0x7C, 0x7C, 0xA2, 0xBA, 0x7C, 0x7C, 0x7C, 0x7C, 0x7C, 0x7C,
		0x92, 0xBA, 0x7C, 0x7C, 0x7C, 0x7C, 0x7C, 0x7C, 0x74, 0xBB, 0x7C, 0x7C, 0x7C, 0x7C, 0x7C, 0x7C, 0x62, 0xBB, 0x7C, 0x7C, 0x7C, 0x7C, 0x7C, 0x7C, 0x4A, 0xBB, 0x7C, 0x7C, 0x7C, 0x7C, 0x7C, 0x7C,
		0x32, 0xBB, 0x7C, 0x7C, 0x7C, 0x7C, 0x7C, 0x7C, 0x1C, 0xBB, 0x7C, 0x7C, 0x7C, 0x7C, 0x7C, 0x7C, 0x0A, 0xBB, 0x7C, 0x7C, 0x7C, 0x7C, 0x7C, 0x7C, 0x8A, 0xBE, 0x7C, 0x7C, 0x7C, 0x7C, 0x7C, 0x7C,
		0x9A, 0xBE, 0x7C, 0x7C, 0x7C, 0x7C, 0x7C, 0x7C, 0xAE, 0xBE, 0x7C, 0x7C, 0x7C, 0x7C, 0x7C, 0x7C, 0xB8, 0xBE, 0x7C, 0x7C, 0x7C, 0x7C, 0x7C, 0x7C, 0xD0, 0xBE, 0x7C, 0x7C, 0x7C, 0x7C, 0x7C, 0x7C,
		0xE4, 0xBE, 0x7C, 0x7C, 0x7C, 0x7C, 0x7C, 0x7C, 0xFC, 0xBE, 0x7C, 0x7C, 0x7C, 0x7C, 0x7C, 0x7C, 0xFE, 0xB4, 0x7C, 0x7C, 0x7C, 0x7C, 0x7C, 0x7C, 0x7C, 0x7C, 0x7C, 0x7C, 0x7C, 0x7C, 0x7C, 0x7C,
		0x0F, 0x7C, 0x39, 0x04, 0x3D, 0x10, 0x10, 0x13, 0x1F, 0x1D, 0x08, 0x19, 0x2C, 0x13, 0x13, 0x10, 0x2B, 0x15, 0x08, 0x14, 0x28, 0x1D, 0x1B, 0x7C, 0xF7, 0x7C, 0x39, 0x04, 0x3A, 0x0E, 0x19, 0x19,
		0x2C, 0x13, 0x13, 0x10, 0x2B, 0x15, 0x08, 0x14, 0x28, 0x1D, 0x1B, 0x7C, 0xC6, 0x79, 0x2E, 0x08, 0x10, 0x35, 0x12, 0x15, 0x08, 0x29, 0x12, 0x15, 0x1F, 0x13, 0x18, 0x19, 0x2F, 0x08, 0x0E, 0x15,
		0x12, 0x1B, 0x7C, 0x7C, 0x19, 0x7F, 0x37, 0x19, 0x2F, 0x19, 0x08, 0x39, 0x0A, 0x19, 0x12, 0x08, 0x7C, 0x7C, 0x8B, 0x7E, 0x37, 0x19, 0x35, 0x12, 0x15, 0x08, 0x15, 0x1D, 0x10, 0x15, 0x06, 0x19,
		0x39, 0x0A, 0x19, 0x12, 0x08, 0x7C, 0x67, 0x7B, 0x26, 0x0B, 0x3F, 0x0E, 0x19, 0x1D, 0x08, 0x19, 0x3A, 0x15, 0x10, 0x19, 0x7C, 0x7C, 0x0C, 0x7C, 0x39, 0x04, 0x3D, 0x10, 0x10, 0x13, 0x1F, 0x1D,
		0x08, 0x19, 0x2C, 0x13, 0x13, 0x10, 0x7C, 0x7C, 0x6E, 0x7B, 0x26, 0x0B, 0x3F, 0x10, 0x13, 0x0F, 0x19, 0x7C, 0x00, 0x78, 0x33, 0x1E, 0x2E, 0x19, 0x1A, 0x19, 0x0E, 0x19, 0x12, 0x1F, 0x19, 0x33,
		0x1E, 0x16, 0x19, 0x1F, 0x08, 0x3E, 0x05, 0x34, 0x1D, 0x12, 0x18, 0x10, 0x19, 0x7C, 0xFB, 0x7F, 0x37, 0x19, 0x2B, 0x1D, 0x15, 0x08, 0x3A, 0x13, 0x0E, 0x2F, 0x15, 0x12, 0x1B, 0x10, 0x19, 0x33,
		0x1E, 0x16, 0x19, 0x1F, 0x08, 0x7C, 0xF4, 0x78, 0x33, 0x1E, 0x1A, 0x38, 0x19, 0x0E, 0x19, 0x1A, 0x19, 0x0E, 0x19, 0x12, 0x1F, 0x19, 0x33, 0x1E, 0x16, 0x19, 0x1F, 0x08, 0x7C, 0x7C, 0xC7, 0x7B,
		0x26, 0x0B, 0x2B, 0x0E, 0x15, 0x08, 0x19, 0x3A, 0x15, 0x10, 0x19, 0x7C, 0x43, 0x7C, 0x38, 0x1E, 0x1B, 0x2C, 0x0E, 0x15, 0x12, 0x08, 0x7C, 0x7C, 0xDF, 0x7D, 0x35, 0x12, 0x15, 0x08, 0x15, 0x1D,
		0x10, 0x15, 0x06, 0x19, 0x2F, 0x30, 0x15, 0x0F, 0x08, 0x34, 0x19, 0x1D, 0x18, 0x7C, 0x99, 0x7C, 0x39, 0x04, 0x0C, 0x35, 0x12, 0x08, 0x19, 0x0E, 0x10, 0x13, 0x1F, 0x17, 0x19, 0x18, 0x2C, 0x09,
		0x0F, 0x14, 0x39, 0x12, 0x08, 0x0E, 0x05, 0x2F, 0x30, 0x15, 0x0F, 0x08, 0x7C, 0x7C, 0x88, 0x7E, 0x37, 0x19, 0x35, 0x12, 0x15, 0x08, 0x15, 0x1D, 0x10, 0x15, 0x06, 0x19, 0x38, 0x0C, 0x1F, 0x7C,
		0x34, 0x7F, 0x37, 0x19, 0x2E, 0x19, 0x10, 0x19, 0x1D, 0x0F, 0x19, 0x2F, 0x0C, 0x15, 0x12, 0x30, 0x13, 0x1F, 0x17, 0x7C, 0x98, 0x7C, 0x39, 0x04, 0x0C, 0x35, 0x12, 0x08, 0x19, 0x0E, 0x10, 0x13,
		0x1F, 0x17, 0x19, 0x18, 0x2C, 0x13, 0x0C, 0x39, 0x12, 0x08, 0x0E, 0x05, 0x2F, 0x30, 0x15, 0x0F, 0x08, 0x7C, 0xC6, 0x7B, 0x26, 0x0B, 0x2B, 0x1D, 0x15, 0x08, 0x3A, 0x13, 0x0E, 0x2F, 0x15, 0x12,
		0x1B, 0x10, 0x19, 0x33, 0x1E, 0x16, 0x19, 0x1F, 0x08, 0x7C, 0x99, 0x7E, 0x37, 0x19, 0x3A, 0x10, 0x09, 0x0F, 0x14, 0x2D, 0x09, 0x19, 0x09, 0x19, 0x18, 0x38, 0x0C, 0x1F, 0x0F, 0x7C, 0xC1, 0x78,
		0x2C, 0x0F, 0x3F, 0x0E, 0x19, 0x1D, 0x08, 0x19, 0x2F, 0x05, 0x0F, 0x08, 0x19, 0x11, 0x28, 0x14, 0x0E, 0x19, 0x1D, 0x18, 0x7C, 0x7C, 0xB3, 0x7C, 0x39, 0x04, 0x2F, 0x05, 0x0F, 0x08, 0x19, 0x11,
		0x28, 0x15, 0x11, 0x19, 0x28, 0x13, 0x30, 0x13, 0x1F, 0x1D, 0x10, 0x28, 0x15, 0x11, 0x19, 0x7C, 0x9F, 0x7B, 0x23, 0x0A, 0x0F, 0x12, 0x0C, 0x0E, 0x15, 0x12, 0x08, 0x1A, 0x7C, 0x7C, 0x7A, 0x7F,
		0x37, 0x19, 0x35, 0x12, 0x0F, 0x19, 0x0E, 0x08, 0x2D, 0x09, 0x19, 0x09, 0x19, 0x38, 0x0C, 0x1F, 0x7C, 0x7C, 0x3C, 0x7A, 0x2E, 0x08, 0x10, 0x28, 0x15, 0x11, 0x19, 0x28, 0x13, 0x28, 0x15, 0x11,
		0x19, 0x3A, 0x15, 0x19, 0x10, 0x18, 0x0F, 0x7C, 0x63, 0x79, 0x2C, 0x0F, 0x28, 0x14, 0x0E, 0x19, 0x1D, 0x18, 0x28, 0x05, 0x0C, 0x19, 0x7C, 0x7C, 0xB6, 0x78, 0x2C, 0x0F, 0x3B, 0x19, 0x08, 0x3F,
		0x09, 0x0E, 0x0E, 0x19, 0x12, 0x08, 0x28, 0x14, 0x0E, 0x19, 0x1D, 0x18, 0x35, 0x18, 0x7C, 0x7C, 0xC5, 0x7E, 0x37, 0x19, 0x3D, 0x1F, 0x0D, 0x09, 0x15, 0x0E, 0x19, 0x2F, 0x0C, 0x15, 0x12, 0x30,
		0x13, 0x1F, 0x17, 0x2E, 0x1D, 0x15, 0x0F, 0x19, 0x28, 0x13, 0x38, 0x0C, 0x1F, 0x7C, 0x83, 0x78, 0x2C, 0x0F, 0x2C, 0x0E, 0x13, 0x1F, 0x19, 0x0F, 0x0F, 0x28, 0x05, 0x0C, 0x19, 0x7C, 0x80, 0x78,
		0x2C, 0x0F, 0x30, 0x13, 0x13, 0x17, 0x09, 0x0C, 0x2C, 0x0E, 0x13, 0x1F, 0x19, 0x0F, 0x0F, 0x3E, 0x05, 0x2C, 0x0E, 0x13, 0x1F, 0x19, 0x0F, 0x0F, 0x35, 0x18, 0x7C, 0x7C, 0x96, 0x7B, 0x23, 0x0B,
		0x1F, 0x0F, 0x12, 0x15, 0x1F, 0x11, 0x0C, 0x7C, 0xA1, 0x78, 0x2C, 0x0F, 0x3B, 0x19, 0x08, 0x2C, 0x0E, 0x13, 0x1F, 0x19, 0x0F, 0x0F, 0x35, 0x12, 0x14, 0x19, 0x0E, 0x15, 0x08, 0x19, 0x18, 0x3A,
		0x0E, 0x13, 0x11, 0x29, 0x12, 0x15, 0x0D, 0x09, 0x19, 0x2C, 0x0E, 0x13, 0x1F, 0x19, 0x0F, 0x0F, 0x35, 0x18, 0x7C, 0x7C, 0x2E, 0x7B, 0x26, 0x0B, 0x33, 0x0C, 0x19, 0x12, 0x2C, 0x0E, 0x13, 0x1F,
		0x19, 0x0F, 0x0F, 0x7C, 0x0F, 0x7B, 0x26, 0x0B, 0x2D, 0x09, 0x19, 0x0E, 0x05, 0x35, 0x12, 0x1A, 0x13, 0x0E, 0x11, 0x1D, 0x08, 0x15, 0x13, 0x12, 0x2C, 0x0E, 0x13, 0x1F, 0x19, 0x0F, 0x0F, 0x7C,
		0x2D, 0x79, 0x2E, 0x08, 0x10, 0x3F, 0x13, 0x0C, 0x05, 0x29, 0x12, 0x15, 0x1F, 0x13, 0x18, 0x19, 0x2F, 0x08, 0x0E, 0x15, 0x12, 0x1B, 0x7C, 0x7C, 0xBF, 0x7F, 0x31, 0x11, 0x35, 0x0F, 0x3D, 0x18,
		0x18, 0x0E, 0x19, 0x0F, 0x0F, 0x2A, 0x1D, 0x10, 0x15, 0x18, 0x7C, 0x7C, 0xCD, 0x7B, 0x26, 0x0B, 0x28, 0x19, 0x0E, 0x11, 0x15, 0x12, 0x1D, 0x08, 0x19, 0x2C, 0x0E, 0x13, 0x1F, 0x19, 0x0F, 0x0F,
		0x7C, 0x7C, 0x0B, 0x78, 0x33, 0x1E, 0x33, 0x0C, 0x19, 0x12, 0x33, 0x1E, 0x16, 0x19, 0x1F, 0x08, 0x3E, 0x05, 0x2C, 0x13, 0x15, 0x12, 0x08, 0x19, 0x0E, 0x7C, 0xA7, 0x78, 0x2C, 0x0F, 0x3B, 0x19,
		0x08, 0x2C, 0x0E, 0x13, 0x1F, 0x19, 0x0F, 0x0F, 0x35, 0x18, 0x7C, 0x7C, 0x53, 0x79, 0x2E, 0x08, 0x10, 0x3D, 0x0C, 0x0C, 0x19, 0x12, 0x18, 0x29, 0x12, 0x15, 0x1F, 0x13, 0x18, 0x19, 0x28, 0x13,
		0x2F, 0x08, 0x0E, 0x15, 0x12, 0x1B, 0x7C, 0x7C, 0xFD, 0x7B, 0x26, 0x0B, 0x2D, 0x09, 0x19, 0x0E, 0x05, 0x2F, 0x05, 0x11, 0x1E, 0x13, 0x10, 0x15, 0x1F, 0x30, 0x15, 0x12, 0x17, 0x33, 0x1E, 0x16,
		0x19, 0x1F, 0x08, 0x7C, 0x24, 0x7B, 0x26, 0x0B, 0x33, 0x0C, 0x19, 0x12, 0x2F, 0x05, 0x11, 0x1E, 0x13, 0x10, 0x15, 0x1F, 0x30, 0x15, 0x12, 0x17, 0x33, 0x1E, 0x16, 0x19, 0x1F, 0x08, 0x7C, 0x7C,
		0xAE, 0x7E, 0x37, 0x19, 0x38, 0x19, 0x10, 0x1D, 0x05, 0x39, 0x04, 0x19, 0x1F, 0x09, 0x08, 0x15, 0x13, 0x12, 0x28, 0x14, 0x0E, 0x19, 0x1D, 0x18, 0x7C, 0x7C, 0xFE, 0x7B, 0x26, 0x0B, 0x2D, 0x09,
		0x19, 0x0E, 0x05, 0x2F, 0x05, 0x0F, 0x08, 0x19, 0x11, 0x35, 0x12, 0x1A, 0x13, 0x0E, 0x11, 0x1D, 0x08, 0x15, 0x13, 0x12, 0x7C, 0x7C, 0xA8, 0x7B, 0x23, 0x0F, 0x08, 0x0E, 0x15, 0x1F, 0x11, 0x0C,
		0x7C, 0x7C, 0xB1, 0x7E, 0x37, 0x19, 0x3F, 0x10, 0x19, 0x1D, 0x0E, 0x39, 0x0A, 0x19, 0x12, 0x08, 0x7C, 0x7C, 0x99, 0x7D, 0x35, 0x13, 0x38, 0x19, 0x10, 0x19, 0x08, 0x19, 0x2F, 0x05, 0x11, 0x1E,
		0x13, 0x10, 0x15, 0x1F, 0x30, 0x15, 0x12, 0x17, 0x7C, 0x7C, 0x2A, 0x7F, 0x37, 0x19, 0x2E, 0x19, 0x0F, 0x19, 0x08, 0x39, 0x0A, 0x19, 0x12, 0x08, 0x7C, 0x7C, 0xA8, 0x7D, 0x35, 0x13, 0x3F, 0x0E,
		0x19, 0x1D, 0x08, 0x19, 0x32, 0x13, 0x08, 0x15, 0x1A, 0x15, 0x1F, 0x1D, 0x08, 0x15, 0x13, 0x12, 0x39, 0x0A, 0x19, 0x12, 0x08, 0x7C, 0x17, 0x7F, 0x37, 0x19, 0x2F, 0x19, 0x08, 0x2C, 0x0E, 0x15,
		0x13, 0x0E, 0x15, 0x08, 0x05, 0x28, 0x14, 0x0E, 0x19, 0x1D, 0x18, 0x7C, 0x9F, 0x7D, 0x35, 0x13, 0x38, 0x19, 0x10, 0x19, 0x08, 0x19, 0x38, 0x19, 0x0A, 0x15, 0x1F, 0x19, 0x7C, 0x7C, 0x08, 0x7F,
		0x37, 0x19, 0x2F, 0x19, 0x08, 0x28, 0x15, 0x11, 0x19, 0x0E, 0x39, 0x04, 0x7C, 0x7C, 0x62, 0x79, 0x2C, 0x0F, 0x28, 0x19, 0x0E, 0x11, 0x15, 0x12, 0x1D, 0x08, 0x19, 0x2F, 0x05, 0x0F, 0x08, 0x19,
		0x11, 0x28, 0x14, 0x0E, 0x19, 0x1D, 0x18, 0x7C, 0xDF, 0x7E, 0x35, 0x13, 0x1A, 0x3F, 0x13, 0x11, 0x0C, 0x10, 0x19, 0x08, 0x19, 0x2E, 0x19, 0x0D, 0x09, 0x19, 0x0F, 0x08, 0x7C, 0x7C, 0xA4, 0x7D,
		0x35, 0x13, 0x3F, 0x0E, 0x19, 0x1D, 0x08, 0x19, 0x2F, 0x05, 0x11, 0x1E, 0x13, 0x10, 0x15, 0x1F, 0x30, 0x15, 0x12, 0x17, 0x7C, 0x7C, 0xB9, 0x78, 0x2C, 0x0F, 0x3B, 0x19, 0x08, 0x3F, 0x09, 0x0E,
		0x0E, 0x19, 0x12, 0x08, 0x2C, 0x0E, 0x13, 0x1F, 0x19, 0x0F, 0x0F, 0x35, 0x18, 0x7C, 0xB2, 0x7D, 0x35, 0x13, 0x3F, 0x0E, 0x19, 0x1D, 0x08, 0x19, 0x38, 0x19, 0x0A, 0x15, 0x1F, 0x19, 0x7C, 0x7C,
		0x7C, 0x7F, 0x37, 0x19, 0x35, 0x12, 0x15, 0x08, 0x15, 0x1D, 0x10, 0x15, 0x06, 0x19, 0x28, 0x15, 0x11, 0x19, 0x0E, 0x39, 0x04, 0x7C, 0xB5, 0x7E, 0x37, 0x19, 0x3F, 0x1D, 0x12, 0x1F, 0x19, 0x10,
		0x28, 0x15, 0x11, 0x19, 0x0E, 0x7C, 0x12, 0x08, 0x13, 0x0F, 0x17, 0x0E, 0x12, 0x10, 0x52, 0x19, 0x04, 0x19, 0x7C, 0x7C, 0x62, 0x7C, 0x3E, 0x3F, 0x0E, 0x05, 0x0C, 0x08, 0x33, 0x0C, 0x19, 0x12,
		0x3D, 0x10, 0x1B, 0x13, 0x0E, 0x15, 0x08, 0x14, 0x11, 0x2C, 0x0E, 0x13, 0x0A, 0x15, 0x18, 0x19, 0x0E, 0x7C, 0x76, 0x7C, 0x3E, 0x3F, 0x0E, 0x05, 0x0C, 0x08, 0x38, 0x19, 0x0F, 0x08, 0x0E, 0x13,
		0x05, 0x34, 0x1D, 0x0F, 0x14, 0x7C, 0x67, 0x7C, 0x3E, 0x3F, 0x0E, 0x05, 0x0C, 0x08, 0x34, 0x1D, 0x0F, 0x14, 0x38, 0x1D, 0x08, 0x1D, 0x7C, 0x7C, 0x68, 0x7C, 0x3E, 0x3F, 0x0E, 0x05, 0x0C, 0x08,
		0x3A, 0x15, 0x12, 0x15, 0x0F, 0x14, 0x34, 0x1D, 0x0F, 0x14, 0x7C, 0x7C, 0x59, 0x7C, 0x3E, 0x3F, 0x0E, 0x05, 0x0C, 0x08, 0x2A, 0x19, 0x0E, 0x15, 0x1A, 0x05, 0x2F, 0x15, 0x1B, 0x12, 0x1D, 0x08,
		0x09, 0x0E, 0x19, 0x7C, 0x78, 0x7C, 0x3E, 0x3F, 0x0E, 0x05, 0x0C, 0x08, 0x3F, 0x10, 0x13, 0x0F, 0x19, 0x3D, 0x10, 0x1B, 0x13, 0x0E, 0x15, 0x08, 0x14, 0x11, 0x2C, 0x0E, 0x13, 0x0A, 0x15, 0x18,
		0x19, 0x0E, 0x7C, 0x7C, 0x61, 0x7C, 0x3E, 0x3F, 0x0E, 0x05, 0x0C, 0x08, 0x35, 0x11, 0x0C, 0x13, 0x0E, 0x08, 0x37, 0x19, 0x05, 0x2C, 0x1D, 0x15, 0x0E, 0x7C, 0x77, 0x7C, 0x3E, 0x3F, 0x0E, 0x05,
		0x0C, 0x08, 0x38, 0x19, 0x0F, 0x08, 0x0E, 0x13, 0x05, 0x37, 0x19, 0x05, 0x7C, 0x7C, 0x79, 0x7C, 0x3E, 0x3F, 0x0E, 0x05, 0x0C, 0x08, 0x3F, 0x0E, 0x19, 0x1D, 0x08, 0x19, 0x34, 0x1D, 0x0F, 0x14,
		0x7C, 0x7C, 0x66, 0x7C, 0x3E, 0x3F, 0x0E, 0x05, 0x0C, 0x08, 0x3B, 0x19, 0x08, 0x2C, 0x0E, 0x13, 0x0C, 0x19, 0x0E, 0x08, 0x05, 0x7C, 0x17, 0x0F, 0x19, 0x1F, 0x18, 0x18, 0x52, 0x0F, 0x05, 0x0F,
		0x7C, 0x7C, 0xC1, 0x7B, 0x23, 0x23, 0x3F, 0x23, 0x0F, 0x0C, 0x19, 0x1F, 0x15, 0x1A, 0x15, 0x1F, 0x23, 0x14, 0x1D, 0x12, 0x18, 0x10, 0x19, 0x0E, 0x7C, 0x7C, 0x7C, 0x7C, 0x7C, 0x7C, 0x7C, 0x7C,
		0x7C, 0x7C, 0x7C, 0x7C, 0x7C, 0x7C, 0x7C, 0x7C, 0x7C, 0x7C, 0x7C, 0x7C, 0x7C, 0x7C, 0x7C, 0x7C, 0x7C, 0x7C, 0x7C, 0x7C, 0x7C, 0x7C, 0x7C, 0x7C, 0x7C, 0x7C, 0x7C, 0x7C, 0x7C, 0x7C, 0x7C, 0x7C,
		0x7C, 0x7C, 0x7C, 0x7C, 0x7C, 0x7C, 0x7C, 0x7C, 0x7C, 0x7C, 0x7C, 0x7C, 0x7C, 0x7C, 0x7C, 0x7C, 0x7C, 0x7C, 0x7C, 0x7C, 0x7C, 0x7C, 0x7C, 0x7C, 0x7C, 0x7C, 0x7C, 0x7C, 0x7C, 0x7C, 0x7C, 0x7C,
		0x7C, 0x7C, 0x7C, 0x7C, 0x7C, 0x7C, 0x7C, 0x7C, 0x7C, 0x7C, 0x7C, 0x7C, 0x7C, 0x7C, 0x7C, 0x7C, 0x7C, 0x7C, 0x7C, 0x7C, 0x7C, 0x7C, 0x7C, 0x7C, 0x7C, 0x7C, 0x7C, 0x7C, 0x7C, 0x7C, 0x7C, 0x7C,
		0x7C, 0x7C, 0x7C, 0x7C, 0x7C, 0x7C, 0x7C, 0x7C, 0x7C, 0x7C, 0x7C, 0x7C, 0x7C, 0x7C, 0x7C, 0x7C, 0x7C, 0x7C, 0x7C, 0x7C, 0x7C, 0x7C, 0x7C, 0x7C, 0x7C, 0x7C, 0x7C, 0x7C, 0x7C, 0x7C, 0x7C, 0x7C,
		0x7C, 0x7C, 0x7C, 0x7C, 0x7C, 0x7C, 0x7C, 0x7C, 0x7C, 0x7C, 0x7C, 0x7C, 0x7C, 0x7C, 0x7C, 0x7C, 0x7C, 0x7C, 0x7C, 0x7C, 0x7C, 0x7C, 0x7C, 0x7C, 0x7C, 0x7C, 0x7C, 0x7C, 0x7C, 0x7C, 0x7C, 0x7C,
		0x7C, 0x7C, 0x7C, 0x7C, 0x7C, 0x7C, 0x7C, 0x7C, 0x7C, 0x7C, 0x7C, 0x7C, 0x7C, 0x7C, 0x7C, 0x7C, 0x7C, 0x7C, 0x7C, 0x7C, 0x7C, 0x7C, 0x7C, 0x7C, 0x7C, 0x7C, 0x7C, 0x7C, 0x7C, 0x7C, 0x7C, 0x7C,
		0x7C, 0x7C, 0x7C, 0x7C, 0x7C, 0x7C, 0x7C, 0x7C, 0x7C, 0x7C, 0x7C, 0x7C, 0x7C, 0x7C, 0x7C, 0x7C, 0x7C, 0x7C, 0x7C, 0x7C, 0x7C, 0x7C, 0x7C, 0x7C, 0x7C, 0x7C, 0x7C, 0x7C, 0x7C, 0x7C, 0x7C, 0x7C,
		0x7C, 0x7C, 0x7C, 0x7C, 0x7C, 0x7C, 0x7C, 0x7C, 0x7C, 0x7C, 0x7C, 0x7C, 0x7C, 0x7C, 0x7C, 0x7C, 0x7C, 0x7C, 0x7C, 0x7C, 0x7C, 0x7C, 0x7C, 0x7C, 0x7C, 0x7C, 0x7C, 0x7C, 0x7C, 0x7C, 0x7C, 0x7C,
		0x7C, 0x7C, 0x7C, 0x7C, 0x7C, 0x7C, 0x7C, 0x7C, 0x7C, 0x7C, 0x7C, 0x7C, 0x7C, 0x7C, 0x7C, 0x7C, 0x7C, 0x7C, 0x7C, 0x7C, 0x7C, 0x7C, 0x7C, 0x7C, 0x7C, 0x7C, 0x7C, 0x7C, 0x7C, 0x7C, 0x7C, 0x7C,
		0x7C, 0x7C, 0x7C, 0x7C, 0x7C, 0x7C, 0x7C, 0x7C, 0x7C, 0x7C, 0x7C, 0x7C, 0x7C, 0x7C, 0x7C, 0x7C, 0x7C, 0x7C, 0x7C, 0x7C, 0x7C, 0x7C, 0x7C, 0x7C, 0x7C, 0x7C, 0x7C, 0x7C, 0x7C, 0x7C, 0x7C, 0x7C,
		0x7C, 0x7C, 0x7C, 0x7C, 0x7C, 0x7C, 0x7C, 0x7C, 0x7C, 0x7C, 0x7C, 0x7C, 0x7C, 0x7C, 0x7C, 0x7C, 0x7C, 0x7C, 0x7C, 0x7C, 0x7C, 0x7C, 0x7C, 0x7C, 0x7C, 0x7C, 0x7C, 0x7C, 0x7C, 0x7C, 0x7C, 0x7C,
		0x7C, 0xFC, 0x7C, 0x7C, 0x70, 0x7C, 0x7C, 0x7C, 0x24, 0xDC, 0x7C, 0x7C, 0x7C, 0x7C, 0x7C, 0x7C, 0x7C, 0x7C, 0x7C, 0x7C, 0x7C, 0x7C, 0x7C, 0x7C, 0x7C, 0x7C, 0x7C, 0x7C, 0x7C, 0x7C, 0x7C, 0x7C,
		0x7C, 0x7C, 0x7C, 0x7C, 0x7C, 0x7C, 0x7C, 0x7C, 0x7C, 0x7C, 0x7C, 0x7C, 0x7C, 0x7C, 0x7C, 0x7C, 0x7C, 0x7C, 0x7C, 0x7C, 0x7C, 0x7C, 0x7C, 0x7C, 0x7C, 0x7C, 0x7C, 0x7C, 0x7C, 0x7C, 0x7C, 0x7C,
		0x7C, 0x7C, 0x7C, 0x7C, 0x7C, 0x7C, 0x7C, 0x7C, 0x7C, 0x7C, 0x7C, 0x7C, 0x7C, 0x7C, 0x7C, 0x7C, 0x7C, 0x7C, 0x7C, 0x7C, 0x7C, 0x7C, 0x7C, 0x7C, 0x7C, 0x7C, 0x7C, 0x7C, 0x7C, 0x7C, 0x7C, 0x7C,
		0x7C, 0x7C, 0x7C, 0x7C, 0x7C, 0x7C, 0x7C, 0x7C, 0x7C, 0x7C, 0x7C, 0x7C, 0x7C, 0x7C, 0x7C, 0x7C, 0x7C, 0x7C, 0x7C, 0x7C, 0x7C, 0x7C, 0x7C, 0x7C, 0x7C, 0x7C, 0x7C, 0x7C, 0x7C, 0x7C, 0x7C, 0x7C,
		0x7C, 0x7C, 0x7C, 0x7C, 0x7C, 0x7C, 0x7C, 0x7C, 0x7C, 0x7C, 0x7C, 0x7C, 0x7C, 0x7C, 0x7C, 0x7C, 0x7C, 0x7C, 0x7C, 0x7C, 0x7C, 0x7C, 0x7C, 0x7C, 0x7C, 0x7C, 0x7C, 0x7C, 0x7C, 0x7C, 0x7C, 0x7C,
		0x7C, 0x7C, 0x7C, 0x7C, 0x7C, 0x7C, 0x7C, 0x7C, 0x7C, 0x7C, 0x7C, 0x7C, 0x7C, 0x7C, 0x7C, 0x7C, 0x7C, 0x7C, 0x7C, 0x7C, 0x7C, 0x7C, 0x7C, 0x7C, 0x7C, 0x7C, 0x7C, 0x7C, 0x7C, 0x7C, 0x7C, 0x7C,
		0x7C, 0x7C, 0x7C, 0x7C, 0x7C, 0x7C, 0x7C, 0x7C, 0x7C, 0x7C, 0x7C, 0x7C, 0x7C, 0x7C, 0x7C, 0x7C, 0x7C, 0x7C, 0x7C, 0x7C, 0x7C, 0x7C, 0x7C, 0x7C, 0x7C, 0x7C, 0x7C, 0x7C, 0x7C, 0x7C, 0x7C, 0x7C,
		0x7C, 0x7C, 0x7C, 0x7C, 0x7C, 0x7C, 0x7C, 0x7C, 0x7C, 0x7C, 0x7C, 0x7C, 0x7C, 0x7C, 0x7C, 0x7C, 0x7C, 0x7C, 0x7C, 0x7C, 0x7C, 0x7C, 0x7C, 0x7C, 0x7C, 0x7C, 0x7C, 0x7C, 0x7C, 0x7C, 0x7C, 0x7C,
		0x7C, 0x7C, 0x7C, 0x7C, 0x7C, 0x7C, 0x7C, 0x7C, 0x7C, 0x7C, 0x7C, 0x7C, 0x7C, 0x7C, 0x7C, 0x7C, 0x7C, 0x7C, 0x7C, 0x7C, 0x7C, 0x7C, 0x7C, 0x7C, 0x7C, 0x7C, 0x7C, 0x7C, 0x7C, 0x7C, 0x7C, 0x7C,
		0x7C, 0x7C, 0x7C, 0x7C, 0x7C, 0x7C, 0x7C, 0x7C, 0x7C, 0x7C, 0x7C, 0x7C, 0x7C, 0x7C, 0x7C, 0x7C, 0x7C, 0x7C, 0x7C, 0x7C, 0x7C, 0x7C, 0x7C, 0x7C, 0x7C, 0x7C, 0x7C, 0x7C, 0x7C, 0x7C, 0x7C, 0x7C,
		0x7C, 0x7C, 0x7C, 0x7C, 0x7C, 0x7C, 0x7C, 0x7C, 0x7C, 0x7C, 0x7C, 0x7C, 0x7C, 0x7C, 0x7C, 0x7C, 0x7C, 0x7C, 0x7C, 0x7C, 0x7C, 0x7C, 0x7C, 0x7C, 0x7C, 0x7C, 0x7C, 0x7C, 0x7C, 0x7C, 0x7C, 0x7C,
		0x7C, 0x7C, 0x7C, 0x7C, 0x7C, 0x7C, 0x7C, 0x7C, 0x7C, 0x7C, 0x7C, 0x7C, 0x7C, 0x7C, 0x7C, 0x7C, 0x7C, 0x7C, 0x7C, 0x7C, 0x7C, 0x7C, 0x7C, 0x7C, 0x7C, 0x7C, 0x7C, 0x7C, 0x7C, 0x7C, 0x7C, 0x7C,
		0x7C, 0x7C, 0x7C, 0x7C, 0x7C, 0x7C, 0x7C, 0x7C, 0x7C, 0x7C, 0x7C, 0x7C, 0x7C, 0x7C, 0x7C, 0x7C, 0x7C, 0x7C, 0x7C, 0x7C, 0x7C, 0x7C, 0x7C, 0x7C, 0x7C, 0x7C, 0x7C, 0x7C, 0x7C, 0x7C, 0x7C, 0x7C,
		0x7C, 0x7C, 0x7C, 0x7C, 0x7C, 0x7C, 0x7C, 0x7C, 0x7C, 0x7C, 0x7C, 0x7C, 0x7C, 0x7C, 0x7C, 0x7C, 0x7C, 0x7C, 0x7C, 0x7C, 0x7C, 0x7C, 0x7C, 0x7C, 0x7C, 0x7C, 0x7C, 0x7C, 0x7C, 0x7C, 0x7C, 0x7C,
		0x7C, 0x7C, 0x7C, 0x7C, 0x7C, 0x7C, 0x7C, 0x7C, 0x7C, 0x7C, 0x7C, 0x7C, 0x7C, 0x7C, 0x7C, 0x7C, 0x7C, 0x7C, 0x7C, 0x7C, 0x7C, 0x7C, 0x7C, 0x7C, 0x7C, 0x7C, 0x7C, 0x7C, 0x7C, 0x7C, 0x7C, 0x7C,
		0x7C, 0x7C, 0x7C, 0x7C, 0x7C, 0x7C, 0x7C, 0x7C, 0x7C, 0x7C, 0x7C, 0x7C, 0x7C, 0x7C, 0x7C, 0x7C, 0x7C, 0x7C, 0x7C, 0x7C, 0x7C, 0x7C, 0x7C, 0x7C, 0x7C, 0x7C, 0x7C, 0x7C, 0x7C, 0x7C, 0x7C, 0x7C,
		0xCC, 0x54, 0x7C, 0x7C, 0x7C, 0x7E, 0x7E, 0x7C, 0x4C, 0xFE, 0x54, 0xDF, 0x7A, 0x75, 0x56, 0xFA, 0x34, 0xFA, 0x8B, 0x71, 0x7D, 0x7B, 0x7E, 0xDC, 0xFE, 0x54, 0xE8, 0x4C, 0xFE, 0x54, 0xEC, 0x7E,
		0x7D, 0x7D, 0x4D, 0x73, 0x4C, 0x71, 0x7A, 0x75, 0x1C, 0xFA, 0x34, 0x7D, 0x19, 0x7F, 0x78, 0x7E, 0x7D, 0x79, 0x7C, 0x4C, 0x20, 0x7A, 0x76, 0x57, 0x7A, 0x7D, 0x78, 0x7D, 0xFE, 0x4B, 0x7E, 0x7D,
		0x78, 0xDC, 0x32, 0x4C, 0x30, 0x4C, 0x6B, 0x7A, 0x76, 0x57, 0x7A, 0x7D, 0x78, 0x7D, 0xFE, 0x4B, 0x7E, 0x7D, 0x73, 0x4C, 0x75, 0x7F, 0x7D, 0x7C, 0xDC, 0x78, 0xDE, 0x7E, 0xFC, 0x7C, 0x4C, 0x4D,
		0x4C, 0x71, 0x7A, 0x75, 0x1C, 0xFA, 0x34, 0x7D, 0x19, 0x7F, 0x78, 0x7E, 0x7D, 0x79, 0x7C, 0x78, 0x5C, 0x31, 0x2E, 0x31, 0x4C, 0x5A, 0x4E, 0xCA, 0x24, 0x63, 0xE9, 0x52, 0x81, 0x35, 0x86, 0xD8,
		0xCB, 0x6D, 0xDD, 0x28, 0xF8, 0xD9, 0x70, 0x7C, 0xCD, 0x74, 0x26, 0xCA, 0xD3, 0x81, 0x40, 0xDD, 0x08, 0xDC, 0xFE, 0x71, 0xB5, 0x4C, 0xFE, 0x7A, 0x0D, 0x4C, 0xFE, 0x78, 0x25, 0xDC, 0x7F, 0x7E,
		0x7D, 0x7E, 0x7E, 0x6F, 0x4F, 0x7C, 0x7C, 0x7C, 0x12, 0x6E, 0x55, 0xF9, 0x13, 0x76, 0xA2, 0x10, 0x80, 0x7C, 0x7C, 0x7C, 0x7C, 0x7C, 0x12, 0x4C, 0x71, 0x7A, 0x75, 0x56, 0xFA, 0x34, 0xFA, 0x8B,
		0x71, 0x7D, 0x7D, 0x77, 0x79, 0x7C, 0x4C, 0xFD, 0xF2, 0x4D, 0x77, 0x4C, 0x75, 0x7A, 0x7F, 0x29, 0x78, 0x7A, 0x6F, 0x7E, 0x29, 0x2F, 0x4D, 0x6F, 0x4C, 0x6D, 0x7A, 0x7F, 0x29, 0x78, 0x74, 0x6F,
		0x76, 0x2B, 0x1D, 0x0F, 0x14, 0x15, 0x12, 0x1B, 0x08, 0x13, 0x12, 0x4D, 0x6C, 0x4C, 0x72, 0x7A, 0x7F, 0x29, 0x78, 0x7B, 0x6F, 0x7B, 0x2E, 0x19, 0x18, 0x11, 0x13, 0x12, 0x18, 0x4D, 0x62, 0x4C,
		0x60, 0x7A, 0x7F, 0x29, 0x78, 0x76, 0x6F, 0x69, 0x31, 0x15, 0x1F, 0x0E, 0x13, 0x0F, 0x13, 0x1A, 0x08, 0x5C, 0x3F, 0x13, 0x0E, 0x0C, 0x13, 0x0E, 0x1D, 0x08, 0x15, 0x13, 0x12, 0x4D, 0x44, 0x4C,
		0x4A, 0x7A, 0x7F, 0x29, 0x78, 0x7F, 0x6F, 0x53, 0x31, 0x15, 0x1F, 0x0E, 0x13, 0x0F, 0x13, 0x1A, 0x08, 0x5C, 0x2B, 0x15, 0x12, 0x18, 0x13, 0x0B, 0x0F, 0x5C, 0x28, 0x14, 0x15, 0x0E, 0x18, 0x5C,
		0x2C, 0x1D, 0x0E, 0x08, 0x05, 0x5C, 0x3F, 0x13, 0x11, 0x0C, 0x13, 0x12, 0x19, 0x12, 0x08, 0x5C, 0x3F, 0x3D, 0x5C, 0x4E, 0x4C, 0x4D, 0x48, 0x4C, 0x62, 0x6B, 0x71, 0x4E, 0x48, 0x4D, 0x4C, 0x4D,
		0x4C, 0x4D, 0x45, 0x4C, 0x48, 0x49, 0x4F, 0x26, 0x6B, 0x71, 0x4E, 0x49, 0x4D, 0x4C, 0x4C, 0x44, 0x4D, 0x45, 0x4C, 0x48, 0x49, 0x4F, 0x26, 0x4C, 0xFD, 0xED, 0x4D, 0x77, 0x4C, 0x75, 0x7A, 0x7F,
		0x29, 0x78, 0x7A, 0x6F, 0x7E, 0x29, 0x2F, 0x4D, 0x6F, 0x4C, 0x6D, 0x7A, 0x7F, 0x29, 0x78, 0x74, 0x6F, 0x76, 0x2B, 0x1D, 0x0F, 0x14, 0x15, 0x12, 0x1B, 0x08, 0x13, 0x12, 0x4D, 0x6C, 0x4C, 0x72,
		0x7A, 0x7F, 0x29, 0x78, 0x7B, 0x6F, 0x7B, 0x2E, 0x19, 0x18, 0x11, 0x13, 0x12, 0x18, 0x4D, 0x62, 0x4C, 0x60, 0x7A, 0x7F, 0x29, 0x78, 0x76, 0x6F, 0x69, 0x31, 0x15, 0x1F, 0x0E, 0x13, 0x0F, 0x13,
		0x1A, 0x08, 0x5C, 0x3F, 0x13, 0x0E, 0x0C, 0x13, 0x0E, 0x1D, 0x08, 0x15, 0x13, 0x12, 0x4D, 0x47, 0x4C, 0x45, 0x7A, 0x7F, 0x29, 0x78, 0x7F, 0x6F, 0x4E, 0x31, 0x15, 0x1F, 0x0E, 0x13, 0x0F, 0x13,
		0x1A, 0x08, 0x5C, 0x2B, 0x15, 0x12, 0x18, 0x13, 0x0B, 0x0F, 0x5C, 0x34, 0x1D, 0x0E, 0x18, 0x0B, 0x1D, 0x0E, 0x19, 0x5C, 0x3F, 0x13, 0x11, 0x0C, 0x1D, 0x08, 0x15, 0x1E, 0x15, 0x10, 0x15, 0x08,
		0x05, 0x5C, 0x2C, 0x09, 0x1E, 0x10, 0x15, 0x0F, 0x14, 0x19, 0x0E, 0x4C, 0xFE, 0x7D, 0x5E, 0x4C, 0x71, 0x7A, 0x75, 0x56, 0xFA, 0x34, 0xFA, 0x8B, 0x71, 0x7D, 0x7D, 0x7D, 0x79, 0x7C, 0x7F, 0xFE,
		0x7D, 0x73, 0x7C, 0x4C, 0xFE, 0x7D, 0x76, 0x7E, 0xFE, 0x7D, 0x7D, 0x7C, 0xB5, 0xEA, 0x6B, 0x6A, 0x55, 0x66, 0xCE, 0x53, 0x1D, 0x3D, 0xAD, 0x7D, 0xFF, 0x28, 0xC6, 0x3C, 0xF8, 0x08, 0xD7, 0x3C,
		0x71, 0x6F, 0x81, 0x5E, 0x1A, 0xB6, 0x1B, 0xBA, 0x57, 0x96, 0xEA, 0x01, 0x01, 0xCB, 0x57, 0x64, 0x1E, 0x70, 0xAD, 0x76, 0xFD, 0xCE, 0x7D, 0xE2, 0xDC, 0x7B, 0x94, 0x39, 0x6B, 0x44, 0x4B, 0x3B,
		0x15, 0xD9, 0xED, 0x1D, 0x59, 0xB6, 0x11, 0xD5, 0xD7, 0x7F, 0xA3, 0x5C, 0x53, 0x86, 0x26, 0xEB, 0xBC, 0xF1, 0x19, 0xE8, 0xFC, 0x1D, 0x19, 0x8C, 0x23, 0x37, 0xB4, 0x06, 0x75, 0x6F, 0x7B, 0xFF,
		0xF3, 0x83, 0x23, 0x75, 0x47, 0xA5, 0x82, 0xBB, 0xCC, 0x86, 0x1B, 0x70, 0x6F, 0x84, 0x67, 0x18, 0x95, 0x5D, 0x0B, 0x3A, 0xA4, 0xF6, 0xC3, 0x0F, 0x4D, 0x51, 0xF9, 0xD4, 0x66, 0x76, 0xA6, 0xB9,
		0x50, 0x3A, 0xE0, 0x02, 0x7D, 0xD5, 0x95, 0x34, 0x33, 0xE3, 0x16, 0xC9, 0xF6, 0x54, 0x13, 0x99, 0x61, 0xE7, 0x6D, 0xCD, 0x2E, 0xA9, 0x60, 0x84, 0x38, 0xC9, 0xF6, 0x67, 0x91, 0xF5, 0x3A, 0x18,
		0x70, 0x5D, 0x8C, 0x7D, 0x3E, 0x21, 0x65, 0x45, 0xD9, 0x3D, 0x0B, 0xAF, 0x9B, 0x29, 0xD7, 0x57, 0x88, 0xC2, 0xD3, 0xD7, 0x8B, 0x91, 0x42, 0xE5, 0x7C, 0xA0, 0x13, 0xE1, 0xCF, 0x36, 0xE9, 0x6C,
		0x0E, 0x7B, 0x40, 0x40, 0xA2, 0x85, 0x4E, 0x2B, 0x8B, 0x8C, 0x54, 0xD2, 0x97, 0x6C, 0x2F, 0x27, 0xF8, 0x32, 0x78, 0x4E, 0xBE, 0x02, 0x07, 0xDC, 0x93, 0x40, 0x26, 0xAC, 0x66, 0xB0, 0x18, 0x3A,
		0x05, 0xE8, 0x95, 0x50, 0x7F, 0x07, 0x2C, 0x64, 0x80, 0xEA, 0x7D, 0x69, 0x85, 0x5D, 0x5C, 0x77, 0x66, 0x1D, 0x22, 0xBD, 0x9C, 0x7A, 0xE1, 0xE6, 0xEE, 0x4E, 0xFB, 0xA9, 0xCF, 0x3C, 0x3D, 0xC9,
		0xF7, 0xE6, 0x95, 0xC3, 0x17, 0x8F, 0x3E, 0x10, 0x03, 0x76, 0xA6, 0xD9, 0x7E, 0x7F, 0x7D, 0x7C, 0x7D, 0xDF, 0xFE, 0x7D, 0xBD, 0x4C, 0xFE, 0x7D, 0xC1, 0x4C, 0x50, 0x7A, 0x7F, 0x29, 0x61, 0x59,
		0x78, 0x59, 0x4C, 0x5F, 0x7A, 0x76, 0x57, 0x7A, 0x7D, 0x78, 0x7D, 0xFE, 0x4B, 0x76, 0x7F, 0x79, 0x7A, 0x77, 0x57, 0x7A, 0x7D, 0x78, 0x7D, 0xFE, 0x4B, 0x76, 0x7F, 0x79, 0x7D, 0x7A, 0x74, 0x57,
		0x7A, 0x7D, 0x79, 0x79, 0x7B, 0x7F, 0x7F, 0x4C, 0x61, 0x7A, 0x7F, 0x29, 0x61, 0x72, 0x78, 0x6A, 0x78, 0x68, 0xAD, 0xC9, 0x8A, 0xB2, 0x61, 0xCB, 0xE8, 0x0A, 0xBB, 0xED, 0xC0, 0xDD, 0x3C, 0x23,
		0x69, 0x37, 0x0A, 0x27, 0x76, 0xD8, 0x4C, 0x39, 0x7A, 0x7F, 0x29, 0x61, 0x6D, 0x78, 0x42, 0x4C, 0x40, 0xD8, 0x46, 0x4C, 0x44, 0x4D, 0x62, 0x4C, 0x60, 0x7A, 0x7F, 0x29, 0x78, 0x77, 0x6F, 0x69,
		0x31, 0x15, 0x1F, 0x0E, 0x13, 0x0F, 0x13, 0x1A, 0x08, 0x5C, 0x3F, 0x13, 0x0E, 0x0C, 0x13, 0x0E, 0x1D, 0x08, 0x15, 0x13, 0x12, 0x4D, 0x6A, 0x4C, 0x68, 0x7A, 0x7F, 0x29, 0x78, 0x79, 0x6F, 0x71,
		0x4E, 0x4F, 0x4E, 0x4D, 0x48, 0x4B, 0x57, 0x49, 0x4C, 0x4F, 0x4E, 0x4D, 0x4A, 0x4C, 0x63, 0x7A, 0x7F, 0x29, 0x61, 0x5F, 0x78, 0x64, 0x4C, 0x6A, 0xFC, 0x68, 0xB4, 0x46, 0xE0, 0xDB, 0x36, 0xBF,
		0x5F, 0x8E, 0x59, 0x02, 0xC5, 0xA6, 0xD7, 0x55, 0x2F, 0x72, 0x28, 0x7C, 0xBF, 0xDD, 0x4C, 0x08, 0x7A, 0x7F, 0x29, 0x61, 0x63, 0x78, 0x11, 0x4C, 0x17, 0x4C, 0x15, 0xDC, 0x1B, 0xDC, 0x19, 0xFA,
		0x1F, 0x14, 0x08, 0x08, 0x0C, 0x46, 0x53, 0x53, 0x0B, 0x0B, 0x0B, 0x52, 0x11, 0x15, 0x1F, 0x0E, 0x13, 0x0F, 0x13, 0x1A, 0x08, 0x52, 0x1F, 0x13, 0x11, 0x53, 0x0C, 0x17, 0x15, 0x13, 0x0C, 0x0F,
		0x53, 0x1F, 0x0E, 0x10, 0x53, 0x31, 0x15, 0x1F, 0x0E, 0x13, 0x0F, 0x13, 0x1A, 0x08, 0x59, 0x4E, 0x4C, 0x2B, 0x15, 0x12, 0x18, 0x13, 0x0B, 0x0F, 0x59, 0x4E, 0x4C, 0x28, 0x14, 0x15, 0x0E, 0x18,
		0x59, 0x4E, 0x4C, 0x2C, 0x1D, 0x0E, 0x08, 0x05, 0x59, 0x4E, 0x4C, 0x3F, 0x13, 0x11, 0x0C, 0x13, 0x12, 0x19, 0x12, 0x08, 0x59, 0x4E, 0x4C, 0x3F, 0x3D, 0x59, 0x4E, 0x4C, 0x4E, 0x4C, 0x4D, 0x48,
		0x52, 0x1F, 0x0E, 0x10, 0x4C, 0xFD, 0xFD, 0x7A, 0x74, 0x57, 0x7A, 0x7D, 0x79, 0x79, 0x7B, 0x7D, 0x7D, 0x78, 0x09, 0x4C, 0x0F, 0x4C, 0x0D, 0x7A, 0x74, 0x57, 0x7A, 0x7D, 0x79, 0x79, 0x7B, 0x4C,
		0x7E, 0xFA, 0x19, 0x14, 0x08, 0x08, 0x0C, 0x46, 0x53, 0x53, 0x0B, 0x0B, 0x0B, 0x52, 0x11, 0x15, 0x1F, 0x0E, 0x13, 0x0F, 0x13, 0x1A, 0x08, 0x52, 0x1F, 0x13, 0x11, 0x53, 0x0C, 0x17, 0x15, 0x13,
		0x0C, 0x0F, 0x53, 0x1F, 0x19, 0x0E, 0x08, 0x0F, 0x53, 0x31, 0x15, 0x1F, 0x0E, 0x13, 0x0F, 0x13, 0x1A, 0x08, 0x59, 0x4E, 0x4C, 0x2B, 0x15, 0x12, 0x18, 0x13, 0x0B, 0x0F, 0x59, 0x4E, 0x4C, 0x28,
		0x14, 0x15, 0x0E, 0x18, 0x59, 0x4E, 0x4C, 0x2C, 0x1D, 0x0E, 0x08, 0x05, 0x59, 0x4E, 0x4C, 0x3F, 0x13, 0x11, 0x0C, 0x13, 0x12, 0x19, 0x12, 0x08, 0x59, 0x4E, 0x4C, 0x3F, 0x3D, 0x59, 0x4E, 0x4C,
		0x4E, 0x4C, 0x4D, 0x48, 0x52, 0x1F, 0x0E, 0x08, 0x4C, 0x70, 0x7A, 0x7F, 0x29, 0x61, 0x6F, 0x7D, 0x7D, 0x83, 0x78, 0x7E, 0x4C, 0x7C, 0x4C, 0x71, 0x7A, 0x75, 0x56, 0xFA, 0x34, 0xFA, 0x8B, 0x71,
		0x7D, 0x7D, 0x77, 0x79, 0x7C, 0x7F, 0xFE, 0x7E, 0x7D, 0x7C, 0x44, 0x0C, 0x99, 0xFF, 0x7F, 0x26, 0x0E, 0xA7, 0x18, 0xF9, 0x11, 0xFC, 0x9D, 0x04, 0x4F, 0xB1, 0x47, 0xD1, 0xAE, 0x33, 0x65, 0xD7,
		0x85, 0xDF, 0xAB, 0xBB, 0x34, 0x2B, 0x3F, 0xA1, 0xFB, 0x23, 0x15, 0x6C, 0x54, 0x5C, 0xA3, 0x35, 0xEE, 0xAB, 0x33, 0xF3, 0xC6, 0x79, 0x55, 0xC2, 0x32, 0x6A, 0x88, 0x5F, 0x35, 0x6C, 0x7A, 0x36,
		0x46, 0x64, 0x1F, 0x55, 0xE6, 0x55, 0xC4, 0x51, 0x43, 0xD0, 0xFA, 0xE5, 0x69, 0xDF, 0x14, 0x90, 0x72, 0x21, 0x7D, 0x5B, 0x54, 0x5E, 0x5D, 0xC0, 0x94, 0x31, 0xC8, 0x38, 0xAE, 0x95, 0xEB, 0x31,
		0xBE, 0x0A, 0x66, 0x5C, 0xFC, 0xDB, 0xC0, 0x09, 0x74, 0xAB, 0x7A, 0x33, 0x4E, 0xCE, 0xA5, 0x07, 0x7E, 0x1F, 0xAC, 0xA5, 0x4B, 0x2E, 0x06, 0xF6, 0x85, 0x23, 0x64, 0xC0, 0xC9, 0x32, 0xBE, 0x66,
		0x39, 0x47, 0xDF, 0x22, 0x29, 0xFA, 0xEB, 0xED, 0x3D, 0x16, 0x56, 0xF4, 0x6F, 0x80, 0x85, 0x22, 0xF4, 0xE2, 0x19, 0x69, 0xF1, 0xC7, 0x27, 0x30, 0xC6, 0x19, 0x40, 0xE4, 0xED, 0x05, 0xE8, 0x01,
		0x54, 0x1C, 0x2D, 0x93, 0x17, 0x71, 0x2A, 0x88, 0x61, 0xD8, 0x05, 0xA7, 0x74, 0xBA, 0xC5, 0x40, 0x38, 0x86, 0x20, 0xFF, 0xE5, 0x9D, 0x5A, 0x25, 0x30, 0xB9, 0x41, 0x86, 0x09, 0x1D, 0xFC, 0x1C,
		0x06, 0x61, 0xAE, 0xE9, 0x25, 0x7A, 0x61, 0xFE, 0xF7, 0x70, 0x9E, 0xB9, 0xD8, 0x1E, 0x58, 0x22, 0xAC, 0xE5, 0x26, 0x65, 0x16, 0xA5, 0x1E, 0x5F, 0xCA, 0x97, 0x66, 0x04, 0x07, 0x31, 0x6C, 0xC9,
		0xDB, 0xA8, 0x9F, 0xDD, 0x4C, 0x09, 0x7D, 0x7F, 0xC0, 0xE0, 0x0D, 0x43, 0xB4, 0x8F, 0x5C, 0x69, 0x5B, 0x47, 0xCE, 0x44, 0xCD, 0x26, 0xD2, 0x59, 0x98, 0x0A, 0x21, 0x06, 0xC4, 0x60, 0x21, 0x41,
		0x84, 0x52, 0x8A, 0xDB, 0xAF, 0xBE, 0x9B, 0xDA, 0x61, 0xD7, 0x7E, 0x33, 0x8C, 0x51, 0x8A, 0xFB, 0x16, 0xFA, 0x90, 0x0D, 0xE4, 0xD6, 0x12, 0x54, 0xB4, 0x9A, 0xE6, 0x7D, 0x2D, 0x55, 0xDB, 0x6B,
		0xCD, 0x7F, 0x1D, 0x6F, 0xED, 0x63, 0x76, 0x92, 0x86, 0xF1, 0x79, 0x74, 0x65, 0x08, 0xAC, 0x5A, 0x65, 0x13, 0x58, 0xC0, 0x62, 0x32, 0x85, 0x3E, 0x25, 0xE3, 0xD3, 0xC1, 0x67, 0x50, 0x4D, 0x17,
		0xA6, 0x0F, 0x5F, 0x03, 0x64, 0x5E, 0x55, 0x14, 0xF4, 0xA3, 0x5F, 0x38, 0xB5, 0x57, 0x74, 0xBF, 0x1F, 0xEB, 0x17, 0x97, 0x0C, 0x5C, 0x58, 0x57, 0x4C, 0x15, 0x9A, 0x15, 0x63, 0x65, 0x9B, 0x69,
		0x9D, 0xAD, 0xDD, 0xE1, 0xA0, 0x7F, 0x5F, 0x2E, 0x1F, 0xB5, 0xC7, 0x07, 0xFF, 0xEC, 0x68, 0x26, 0x89, 0x0A, 0x7F, 0x6C, 0x20, 0x91, 0x49, 0xF3, 0x45, 0x39, 0x3B, 0x9F, 0xC2, 0xEA, 0x0D, 0xF4,
		0x49, 0xED, 0x0E, 0x48, 0x97, 0x03, 0xAB, 0x6F, 0x31, 0xE3, 0xCA, 0x79, 0x19, 0x1B, 0x6B, 0x91, 0x17, 0x69, 0x8C, 0x24, 0x4C, 0x14, 0xB4, 0x30, 0x10, 0x7D, 0xD7, 0x8F, 0x60, 0xBD, 0xA3, 0x63,
		0x9B, 0xB8, 0xAE, 0xEF, 0x29, 0xEC, 0x9A, 0x7D, 0x00, 0x84, 0xB0, 0x2A, 0x49, 0x9D, 0xB1, 0x0C, 0x28, 0x58, 0x73, 0xAC, 0x79, 0xE3, 0x6A, 0xF2, 0xEC, 0x90, 0x66, 0x35, 0x8E, 0x32, 0x73, 0x79,
		0x7C, 0x48, 0xA5, 0xE2, 0x36, 0xDA, 0x25, 0xE6, 0x18, 0xAE, 0xFC, 0xAC, 0x72, 0xD4, 0xD3, 0x2B, 0xAF, 0x6E, 0x20, 0xD1, 0xA7, 0x48, 0x56, 0x77, 0x50, 0x6A, 0x76, 0x53, 0xE9, 0xA5, 0x02, 0x1C,
		0x39, 0x9A, 0xE1, 0xBD, 0xBD, 0xCF, 0x86, 0x2A, 0xA3, 0xA8, 0x7F, 0xFC, 0xB2, 0x1C, 0x2F, 0x16, 0x25, 0x09, 0x72, 0xA3, 0x7C, 0x15, 0xA0, 0x00, 0x5B, 0x84, 0xB0, 0xB4, 0x8C, 0x0F, 0xC8, 0x11,
		0x6A, 0xE7, 0xF3, 0x91, 0x63, 0xA8, 0x76, 0xBA, 0x8C, 0x70, 0x4C, 0xFE, 0x7B, 0x2C, 0x4C, 0xFE, 0x79, 0x44, 0xDC, 0x7F, 0x7E, 0x7D, 0x7E, 0x7E, 0x6F, 0x4F, 0x7C, 0x7C, 0x7C, 0x71, 0x15, 0x71,
		0x21, 0x04, 0xEF, 0xAC, 0x0A, 0xA3, 0x7C, 0x7C, 0x7C, 0x7C, 0x7C, 0x71, 0x4C, 0x71, 0x7A, 0x75, 0x56, 0xFA, 0x34, 0xFA, 0x8B, 0x71, 0x7D, 0x7D, 0x77, 0x79, 0x7C, 0x4C, 0xFD, 0xF4, 0x4D, 0x77,
		0x4C, 0x75, 0x7A, 0x7F, 0x29, 0x78, 0x7A, 0x6F, 0x7E, 0x29, 0x2F, 0x4D, 0x6F, 0x4C, 0x6D, 0x7A, 0x7F, 0x29, 0x78, 0x74, 0x6F, 0x76, 0x2B, 0x1D, 0x0F, 0x14, 0x15, 0x12, 0x1B, 0x08, 0x13, 0x12,
		0x4D, 0x6C, 0x4C, 0x72, 0x7A, 0x7F, 0x29, 0x78, 0x7B, 0x6F, 0x7B, 0x2E, 0x19, 0x18, 0x11, 0x13, 0x12, 0x18, 0x4D, 0x62, 0x4C, 0x60, 0x7A, 0x7F, 0x29, 0x78, 0x76, 0x6F, 0x69, 0x31, 0x15, 0x1F,
		0x0E, 0x13, 0x0F, 0x13, 0x1A, 0x08, 0x5C, 0x3F, 0x13, 0x0E, 0x0C, 0x13, 0x0E, 0x1D, 0x08, 0x15, 0x13, 0x12, 0x4D, 0x4E, 0x4C, 0x4C, 0x7A, 0x7F, 0x29, 0x78, 0x7F, 0x6F, 0x55, 0x31, 0x15, 0x1F,
		0x0E, 0x13, 0x0F, 0x13, 0x1A, 0x08, 0x5C, 0x2E, 0x13, 0x13, 0x08, 0x5C, 0x3F, 0x19, 0x0E, 0x08, 0x15, 0x1A, 0x15, 0x1F, 0x1D, 0x08, 0x19, 0x5C, 0x3D, 0x09, 0x08, 0x14, 0x13, 0x0E, 0x15, 0x08,
		0x05, 0x5C, 0x4E, 0x4C, 0x4D, 0x4C, 0x4C, 0x62, 0x6B, 0x71, 0x4D, 0x48, 0x4D, 0x4C, 0x4D, 0x49, 0x4E, 0x4C, 0x4F, 0x4D, 0x4E, 0x4B, 0x26, 0x6B, 0x71, 0x4E, 0x45, 0x4D, 0x4C, 0x4D, 0x49, 0x4E,
		0x4C, 0x48, 0x4D, 0x4E, 0x4B, 0x26, 0x4C, 0xFD, 0xF2, 0x4D, 0x77, 0x4C, 0x75, 0x7A, 0x7F, 0x29, 0x78, 0x7A, 0x6F, 0x7E, 0x29, 0x2F, 0x4D, 0x6F, 0x4C, 0x6D, 0x7A, 0x7F, 0x29, 0x78, 0x74, 0x6F,
		0x76, 0x2B, 0x1D, 0x0F, 0x14, 0x15, 0x12, 0x1B, 0x08, 0x13, 0x12, 0x4D, 0x6C, 0x4C, 0x72, 0x7A, 0x7F, 0x29, 0x78, 0x7B, 0x6F, 0x7B, 0x2E, 0x19, 0x18, 0x11, 0x13, 0x12, 0x18, 0x4D, 0x62, 0x4C,
		0x60, 0x7A, 0x7F, 0x29, 0x78, 0x76, 0x6F, 0x69, 0x31, 0x15, 0x1F, 0x0E, 0x13, 0x0F, 0x13, 0x1A, 0x08, 0x5C, 0x3F, 0x13, 0x0E, 0x0C, 0x13, 0x0E, 0x1D, 0x08, 0x15, 0x13, 0x12, 0x4D, 0x44, 0x4C,
		0x4A, 0x7A, 0x7F, 0x29, 0x78, 0x7F, 0x6F, 0x53, 0x31, 0x15, 0x1F, 0x0E, 0x13, 0x0F, 0x13, 0x1A, 0x08, 0x5C, 0x2B, 0x15, 0x12, 0x18, 0x13, 0x0B, 0x0F, 0x5C, 0x28, 0x14, 0x15, 0x0E, 0x18, 0x5C,
		0x2C, 0x1D, 0x0E, 0x08, 0x05, 0x5C, 0x3F, 0x13, 0x11, 0x0C, 0x13, 0x12, 0x19, 0x12, 0x08, 0x5C, 0x3F, 0x3D, 0x5C, 0x4E, 0x4C, 0x4D, 0x48, 0x4C, 0xFE, 0x7E, 0x5E, 0x4C, 0x71, 0x7A, 0x75, 0x56,
		0xFA, 0x34, 0xFA, 0x8B, 0x71, 0x7D, 0x7D, 0x7D, 0x79, 0x7C, 0x7F, 0xFE, 0x7E, 0x73, 0x7C, 0x4C, 0xFE, 0x7E, 0x76, 0x7E, 0xFE, 0x7E, 0x7D, 0x7C, 0xB7, 0x23, 0x62, 0xD7, 0x2D, 0x88, 0xAF, 0x01,
		0x1D, 0x51, 0xAE, 0x65, 0xE6, 0xC1, 0x59, 0x81, 0xEB, 0x20, 0x09, 0xB1, 0xB0, 0x5F, 0xCC, 0xE5, 0x29, 0x8E, 0xC5, 0xFC, 0x7F, 0x4A, 0x16, 0x13, 0xFC, 0xBA, 0x70, 0xC9, 0xC6, 0x40, 0x5B, 0x39,
		0x78, 0x7A, 0x69, 0x17, 0xD1, 0x72, 0xA2, 0x02, 0x3B, 0xD2, 0x44, 0x7F, 0x0F, 0x17, 0x41, 0x54, 0x6F, 0x71, 0x58, 0x50, 0x53, 0x45, 0x64, 0x34, 0xDB, 0x3A, 0x22, 0x74, 0xD5, 0xB8, 0x2F, 0x1C,
		0xB5, 0xF0, 0x4C, 0xDF, 0xBA, 0x01, 0x1F, 0x5D, 0x3A, 0x9C, 0x74, 0xEF, 0x53, 0xC4, 0xE9, 0xEB, 0x13, 0x55, 0x83, 0x05, 0xA4, 0xF2, 0xEB, 0x45, 0xB4, 0x4F, 0xDF, 0x2B, 0x62, 0x4C, 0x0E, 0x68,
		0x92, 0xCB, 0x06, 0x03, 0x83, 0x25, 0xA7, 0x49, 0xAC, 0x09, 0x95, 0xB5, 0xCE, 0x0E, 0xE1, 0x2A, 0xBD, 0xB7, 0xCB, 0x50, 0xCB, 0xBB, 0xE7, 0x62, 0x53, 0x17, 0xE1, 0x9C, 0x35, 0x46, 0x67, 0x88,
		0x45, 0xAF, 0xC1, 0xD4, 0x77, 0xDB, 0x15, 0xE5, 0x27, 0x6F, 0x60, 0x32, 0x1B, 0x75, 0x4B, 0xD2, 0xDC, 0xD4, 0x5A, 0x19, 0x26, 0xC6, 0x03, 0xD1, 0xC7, 0x35, 0xB6, 0xF5, 0x7A, 0x1B, 0x5E, 0xB9,
		0x94, 0xEE, 0x67, 0x65, 0xF3, 0x7E, 0x0D, 0x63, 0x27, 0xBD, 0x08, 0x58, 0x7A, 0xD0, 0x94, 0x06, 0x54, 0xD5, 0x14, 0xFF, 0xD8, 0x3E, 0xC0, 0x53, 0x58, 0x02, 0xFD, 0x8D, 0x03, 0x5B, 0x18, 0xF3,
		0x0C, 0x1B, 0x14, 0xBF, 0x0E, 0x87, 0x15, 0xAB, 0x99, 0x8C, 0x72, 0x50, 0x5E, 0x4F, 0x98, 0x67, 0xBB, 0x67, 0xAB, 0x59, 0x31, 0x53, 0x80, 0x0A, 0x87, 0x4D, 0x00, 0x8E, 0xE4, 0xE3, 0xF2, 0x63,
		0x16, 0xE5, 0x1C, 0xD7, 0xC3, 0x8D, 0x4E, 0x73, 0xB6, 0x81, 0x4F, 0x34, 0xE1, 0x25, 0x20, 0x24, 0xD1, 0x9E, 0x41, 0x55, 0x04, 0x54, 0x4C, 0x08, 0xB4, 0x49, 0x32, 0x8E, 0x93, 0xEA, 0x64, 0x26,
		0xA7, 0x1C, 0xD4, 0xC2, 0x9B, 0x81, 0xE6, 0xD0, 0x85, 0xBC, 0x41, 0x9F, 0x01, 0x32, 0x36, 0xB3, 0x77, 0x19, 0xA3, 0x5D, 0xD8, 0x0D, 0x98, 0x5E, 0x5E, 0xFF, 0x8E, 0x2F, 0x1C, 0x2E, 0xF2, 0x2D,
		0xFD, 0x46, 0x49, 0xDC, 0x96, 0x95, 0x80, 0xBD, 0x09, 0x9C, 0xF9, 0xBE, 0x7A, 0x3F, 0x50, 0xEF, 0x72, 0xAF, 0xCB, 0x1E, 0xD3, 0x2E, 0x5B, 0x49, 0x0F, 0x43, 0xA7, 0x6D, 0xD8, 0x35, 0x85, 0xC7,
		0x9F, 0xA3, 0x43, 0xE9, 0xA5, 0x85, 0xA8, 0xEF, 0x94, 0x0C, 0xA5, 0xD0, 0x27, 0x74, 0x70, 0x35, 0x4D, 0x0F, 0x23, 0xBA, 0x2F, 0x50, 0xE7, 0x75, 0x09, 0x34, 0x38, 0x4F, 0x35, 0xE5, 0x0B, 0x4C,
		0x5E, 0x6D, 0xFD, 0xA8, 0x6C, 0x2A, 0x2A, 0x52, 0x58, 0xA0, 0xF0, 0xB8, 0xE7, 0xC8, 0x69, 0xDF, 0x1D, 0xF6, 0xA4, 0xB8, 0x93, 0x99, 0xB1, 0x38, 0x87, 0xD1, 0x08, 0x94, 0x7F, 0xDE, 0x11, 0x15,
		0xBC, 0xEF, 0xDB, 0x0A, 0xC3, 0x6A, 0xA5, 0x05, 0x2D, 0xCE, 0xD4, 0x6C, 0xEC, 0x7D, 0xA0, 0xFB, 0x4A, 0x42, 0x2D, 0xD7, 0x0D, 0xA5, 0xAD, 0x32, 0xE9, 0xF2, 0x9A, 0xA4, 0x27, 0x8F, 0xD5, 0x49,
		0x0C, 0xFB, 0x75, 0x47, 0xF0, 0x29, 0x8C, 0xA9, 0x0F, 0x49, 0x0D, 0x68, 0x82, 0x17, 0x72, 0x2A, 0x69, 0xCF, 0x17, 0x48, 0xC3, 0x08, 0x79, 0x92, 0xDC, 0x47, 0x11, 0x84, 0x12, 0x4D, 0x6E, 0x9E,
		0x3B, 0x88, 0x37, 0x9B, 0xCB, 0x35, 0x71, 0x97, 0x19, 0xB7, 0xDD, 0x5F, 0xF8, 0xD8, 0x07, 0x27, 0x8D, 0x9E, 0x81, 0x18, 0x15, 0xB2, 0xCF, 0x63, 0x67, 0x27, 0xE3, 0x14, 0x8C, 0x09, 0x5E, 0x04,
		0x13, 0xD4, 0x45, 0xB7, 0x8C, 0x82, 0x98, 0xDA, 0x1B, 0xC5, 0x77, 0x3A, 0x0D, 0x82, 0x06, 0x02, 0x09, 0x6F, 0x42, 0x2B, 0x9D, 0x2A, 0x2C, 0xE1, 0x7E, 0x7F, 0x7D, 0x7C, 0x7D, 0xDF, 0xFE, 0x7D,
		0xD5, 0x4C, 0xFE, 0x7D, 0xD9, 0x4C, 0x6C, 0x7A, 0x75, 0x57, 0x7A, 0x7D, 0x78, 0x7D, 0xFE, 0x4B, 0x69, 0x7D, 0x78, 0x7F, 0x7E, 0x7D, 0x7C, 0x4C, 0x61, 0x7A, 0x7F, 0x29, 0x61, 0x72, 0x78, 0x6A,
		0x78, 0x68, 0xB4, 0x46, 0xE0, 0xDB, 0x36, 0xBF, 0x5F, 0x8E, 0x59, 0x02, 0xC5, 0xA6, 0xD7, 0x55, 0x2F, 0x72, 0x28, 0x7C, 0xBF, 0xDD, 0x4C, 0x18, 0x7A, 0x7F, 0x29, 0x61, 0x5C, 0x78, 0x21, 0x4C,
		0x27, 0x4C, 0x7A, 0x7A, 0x78, 0x29, 0x61, 0x5C, 0x7C, 0x4C, 0x2D, 0x7A, 0x70, 0x57, 0x7A, 0x7D, 0x78, 0x7D, 0xFE, 0x4B, 0x30, 0xFF, 0x01, 0x7D, 0x7D, 0x4C, 0x3D, 0x4C, 0x43, 0x7A, 0x74, 0x57,
		0x7A, 0x7D, 0x79, 0x79, 0x7B, 0x7E, 0x7D, 0x6A, 0x4F, 0x14, 0x08, 0x08, 0x0C, 0x46, 0x53, 0x53, 0x0B, 0x0B, 0x0B, 0x52, 0x11, 0x15, 0x1F, 0x0E, 0x13, 0x0F, 0x13, 0x1A, 0x08, 0x52, 0x1F, 0x13,
		0x11, 0x53, 0x0C, 0x17, 0x15, 0x13, 0x0C, 0x0F, 0x53, 0x38, 0x13, 0x1F, 0x0F, 0x53, 0x2E, 0x19, 0x0C, 0x13, 0x0F, 0x15, 0x08, 0x13, 0x0E, 0x05, 0x52, 0x14, 0x08, 0x11, 0x4C, 0x65, 0x7A, 0x75,
		0x57, 0x7A, 0x7D, 0x78, 0x7D, 0xFE, 0x4B, 0x68, 0x7E, 0x78, 0x70, 0x62, 0x76, 0x7C, 0x2F, 0x7C, 0x09, 0x7C, 0x1E, 0x7C, 0x3F, 0x7C, 0x3D, 0x4C, 0x77, 0x7A, 0x7F, 0x29, 0x61, 0x73, 0x78, 0x78,
		0x7F, 0x7E, 0x7D, 0xFA, 0x4C, 0x73, 0x7A, 0x7F, 0x29, 0x61, 0x6F, 0x7D, 0x7D, 0x83, 0x78, 0x79, 0x4C, 0x7F, 0x7D, 0x7D, 0x83, 0x4C, 0x63, 0x7A, 0x7F, 0x29, 0x61, 0x5F, 0x78, 0x64, 0x4C, 0x6A,
		0xFC, 0x68, 0xA9, 0x8A, 0x2A, 0xB7, 0xF3, 0x94, 0xDE, 0x20, 0x1E, 0x14, 0xAD, 0x41, 0xE8, 0xEC, 0x27, 0xAB, 0xB2, 0xE6, 0x64, 0xB8, 0x4C, 0x2A, 0x7A, 0x7F, 0x29, 0x61, 0x63, 0x78, 0x33, 0x4C,
		0x31, 0x4C, 0x37, 0xDC, 0x35, 0xDC, 0x3B, 0xFA, 0x39, 0x14, 0x08, 0x08, 0x0C, 0x46, 0x53, 0x53, 0x1F, 0x0E, 0x10, 0x52, 0x11, 0x15, 0x1F, 0x0E, 0x13, 0x0F, 0x13, 0x1A, 0x08, 0x52, 0x1F, 0x13,
		0x11, 0x53, 0x0C, 0x17, 0x15, 0x53, 0x1F, 0x0E, 0x10, 0x53, 0x0C, 0x0E, 0x13, 0x18, 0x09, 0x1F, 0x08, 0x0F, 0x53, 0x31, 0x15, 0x1F, 0x2E, 0x13, 0x13, 0x3F, 0x19, 0x0E, 0x3D, 0x09, 0x08, 0x23,
		0x4E, 0x4C, 0x4D, 0x4C, 0x51, 0x4C, 0x4A, 0x51, 0x4E, 0x4F, 0x52, 0x1F, 0x0E, 0x10, 0x4C, 0x26, 0x7A, 0x74, 0x57, 0x7A, 0x7D, 0x79, 0x79, 0x7B, 0x7D, 0x7D, 0x78, 0x32, 0x4C, 0x30, 0x4C, 0x36,
		0x7A, 0x74, 0x57, 0x7A, 0x7D, 0x79, 0x79, 0x7B, 0x4C, 0x7E, 0xFA, 0x42, 0x14, 0x08, 0x08, 0x0C, 0x46, 0x53, 0x53, 0x0B, 0x0B, 0x0B, 0x52, 0x11, 0x15, 0x1F, 0x0E, 0x13, 0x0F, 0x13, 0x1A, 0x08,
		0x52, 0x1F, 0x13, 0x11, 0x53, 0x0C, 0x17, 0x15, 0x53, 0x1F, 0x19, 0x0E, 0x08, 0x0F, 0x53, 0x31, 0x15, 0x1F, 0x2E, 0x13, 0x13, 0x3F, 0x19, 0x0E, 0x3D, 0x09, 0x08, 0x23, 0x4E, 0x4C, 0x4D, 0x4C,
		0x51, 0x4C, 0x4A, 0x51, 0x4E, 0x4F, 0x52, 0x1F, 0x0E, 0x08, 0x4C, 0x71, 0x7A, 0x75, 0x56, 0xFA, 0x34, 0xFA, 0x8B, 0x71, 0x7D, 0x7D, 0x77, 0x79, 0x7C, 0x7F, 0xFE, 0x7E, 0x7D, 0x7C, 0xEA, 0xC9,
		0xBF, 0x47, 0x4D, 0x8E, 0x07, 0x17, 0xDD, 0x63, 0x25, 0xA1, 0x08, 0x50, 0x4B, 0x18, 0xCD, 0xC0, 0xDC, 0xEF, 0x85, 0x8F, 0x4F, 0x3B, 0x95, 0x85, 0x21, 0x8E, 0x61, 0xF5, 0x88, 0x2B, 0xE2, 0x9F,
		0x43, 0x6C, 0xDF, 0x25, 0x2C, 0x64, 0x79, 0x47, 0x68, 0x55, 0x3D, 0xCA, 0xDB, 0x72, 0x27, 0xFD, 0xDE, 0xB0, 0xC1, 0xF8, 0x3E, 0xBD, 0xB8, 0xC2, 0xAD, 0xF8, 0xBE, 0xB8, 0xC1, 0x70, 0xF0, 0x3B,
		0xC0, 0xC1, 0xF4, 0xFA, 0x87, 0x26, 0x74, 0xEA, 0xD2, 0x50, 0x53, 0xA3, 0xC3, 0xEF, 0x1A, 0xDF, 0x57, 0x5C, 0xB6, 0xF8, 0xF6, 0x15, 0x39, 0x5B, 0x43, 0x0F, 0x5F, 0x4E, 0xEF, 0x16, 0x5F, 0x95,
		0x83, 0x81, 0xA5, 0x64, 0x91, 0xB2, 0x83, 0xC1, 0x17, 0x3D, 0x0F, 0xF1, 0x2B, 0xE0, 0x84, 0xC8, 0x11, 0x35, 0xE4, 0x79, 0x9A, 0xDF, 0x49, 0xD5, 0x8C, 0x02, 0x12, 0xFA, 0xBC, 0x17, 0xD4, 0x74,
		0x1B, 0x59, 0xD3, 0xBC, 0xE5, 0xF0, 0xA7, 0xDB, 0x7A, 0x31, 0x3C, 0xEF, 0x64, 0xF7, 0xD5, 0x25, 0x9A, 0xE5, 0x68, 0xC5, 0x6E, 0x6B, 0xFD, 0x38, 0xD0, 0x2B, 0xBF, 0xD2, 0xF2, 0xD2, 0xE8, 0x07,
		0xB7, 0x47, 0xF2, 0xA1, 0x06, 0xC8, 0x0D, 0x27, 0xC6, 0x57, 0xBF, 0xBB, 0xAC, 0xF9, 0x5F, 0x37, 0x4B, 0x6E, 0x0B, 0xD9, 0x36, 0x53, 0x03, 0x66, 0xCB, 0x1F, 0xC5, 0x38, 0x25, 0x91, 0xEE, 0x4C,
		0xB0, 0x98, 0x00, 0x75, 0xEE, 0x6E, 0x6D, 0x63, 0x2E, 0x89, 0x62, 0x7E, 0xED, 0xD8, 0xAB, 0xAB, 0x99, 0xF3, 0xFC, 0x3B, 0x83, 0x64, 0xE7, 0x03, 0xAD, 0xE0, 0x7A, 0x0D, 0xA0, 0x8F, 0x0A, 0x65,
		0x0B, 0xEC, 0xA9, 0x56, 0x73, 0xC0, 0x10, 0x6E, 0xB8, 0xB9, 0x70, 0x5C, 0x1A, 0x89, 0x72, 0x53, 0x2C, 0xEF, 0xA4, 0xB6, 0x87, 0x03, 0x99, 0x2A, 0x91, 0x75, 0xA4, 0xDB, 0x2F, 0xCD, 0xBB, 0x56,
		0x15, 0x04, 0xA0, 0x8C, 0x23, 0x9B, 0x37, 0x5C, 0xCA, 0xD3, 0x1F, 0xC9, 0x9D, 0xCD, 0x20, 0xFC, 0x32, 0xE0, 0x06, 0xD5, 0x61, 0x31, 0x8B, 0x54, 0x3A, 0x04, 0x5D, 0x7A, 0xE9, 0x31, 0x4E, 0xA1,
		0x1C, 0x3E, 0x98, 0xCA, 0x66, 0xB8, 0x8E, 0x3A, 0x4A, 0xA2, 0x49, 0x0F, 0x7E, 0xBD, 0xC9, 0x99, 0x23, 0xC5, 0x57, 0x25, 0x39, 0x06, 0xEE, 0x3F, 0xAB, 0xB8, 0x95, 0x1F, 0xA1, 0x4A, 0xF3, 0x0A,
		0xBB, 0x54, 0xB6, 0xD4, 0x38, 0x67, 0x94, 0x4E, 0x66, 0x1A, 0xB1, 0x99, 0x34, 0x20, 0x36, 0x76, 0x1C, 0x57, 0x3A, 0xEE, 0x7A, 0x1C, 0xEA, 0xE4, 0xA0, 0xA5, 0x4F, 0xAB, 0x5D, 0x0B, 0x03, 0xF4,
		0x11, 0xD0, 0x3B, 0x0E, 0xA6, 0xDE, 0x3A, 0x12, 0xD7, 0x18, 0x14, 0x57, 0xAE, 0x32, 0xE4, 0x87, 0x49, 0xB0, 0x03, 0x90, 0x43, 0x6F, 0x11, 0x6D, 0x99, 0xA7, 0x0B, 0x91, 0xBD, 0xBF, 0x02, 0x63,
		0x16, 0x36, 0x68, 0x84, 0xC8, 0xDB, 0x5D, 0xBA, 0x0D, 0xFA, 0x1B, 0x0C, 0xB1, 0xA4, 0x65, 0xDF, 0x21, 0x63, 0xDC, 0xE7, 0xE6, 0x00, 0xB9, 0x21, 0x31, 0x0E, 0xF2, 0x08, 0x7B, 0x03, 0xDB, 0x31,
		0x7C, 0x80, 0xA1, 0x14, 0x58, 0x6E, 0x0B, 0x56, 0x29, 0x09, 0x5B, 0xB1, 0xD5, 0x50, 0x61, 0xF2, 0x00, 0x65, 0x92, 0x15, 0x50, 0xE3, 0x08, 0x59, 0x4F, 0xFE, 0x74, 0xA7, 0x44, 0xB0, 0x00, 0xBB,
		0x33, 0x10, 0x46, 0x17, 0xBE, 0x4B, 0x6D, 0x04, 0x0E, 0x82, 0x29, 0x25, 0x18, 0x1C, 0x4F, 0x42, 0x52, 0xA3, 0xB8, 0x51, 0x9B, 0x50, 0xAB, 0x87, 0x76, 0xFE, 0x59, 0x13, 0xC4, 0xAB, 0x70, 0xF8,
		0xD9, 0x9D, 0xB8, 0x08, 0x12, 0x56, 0xE9, 0x4E, 0xE2, 0xDC, 0x82, 0xB1, 0xC8, 0x64, 0xF3, 0xAF, 0x47, 0xD1, 0x4E, 0xCE, 0xCD, 0xE6, 0xC4, 0x11, 0x79, 0x3F, 0x87, 0x83, 0x71, 0x73, 0x4D, 0xFE,
		0x66, 0x31, 0x4C, 0xFE, 0x66, 0x35, 0x7E, 0x7D, 0x7D, 0x4C, 0xFD, 0xDA, 0x4C, 0xFD, 0xF2, 0x4D, 0x77, 0x4C, 0x75, 0x7A, 0x7F, 0x29, 0x78, 0x7A, 0x6F, 0x7E, 0x29, 0x2F, 0x4D, 0x6F, 0x4C, 0x6D,
		0x7A, 0x7F, 0x29, 0x78, 0x74, 0x6F, 0x76, 0x2B, 0x1D, 0x0F, 0x14, 0x15, 0x12, 0x1B, 0x08, 0x13, 0x12, 0x4D, 0x6C, 0x4C, 0x72, 0x7A, 0x7F, 0x29, 0x78, 0x7B, 0x6F, 0x7B, 0x2E, 0x19, 0x18, 0x11,
		0x13, 0x12, 0x18, 0x4D, 0x62, 0x4C, 0x60, 0x7A, 0x7F, 0x29, 0x78, 0x76, 0x6F, 0x69, 0x31, 0x15, 0x1F, 0x0E, 0x13, 0x0F, 0x13, 0x1A, 0x08, 0x5C, 0x3F, 0x13, 0x0E, 0x0C, 0x13, 0x0E, 0x1D, 0x08,
		0x15, 0x13, 0x12, 0x4D, 0x44, 0x4C, 0x4A, 0x7A, 0x7F, 0x29, 0x78, 0x7F, 0x6F, 0x53, 0x31, 0x15, 0x1F, 0x0E, 0x13, 0x0F, 0x13, 0x1A, 0x08, 0x5C, 0x2B, 0x15, 0x12, 0x18, 0x13, 0x0B, 0x0F, 0x5C,
		0x28, 0x14, 0x15, 0x0E, 0x18, 0x5C, 0x2C, 0x1D, 0x0E, 0x08, 0x05, 0x5C, 0x3F, 0x13, 0x11, 0x0C, 0x13, 0x12, 0x19, 0x12, 0x08, 0x5C, 0x3F, 0x3D, 0x5C, 0x4E, 0x4C, 0x4D, 0x48, 0x7E, 0x6F, 0x4F,
		0x7C, 0x7C, 0x7C, 0x12, 0x6E, 0x55, 0xF9, 0x13, 0x76, 0xA2, 0x10, 0x80, 0x7C, 0x7C, 0x7C, 0x7C, 0x7C, 0x12, 0x4C, 0x71, 0x7A, 0x75, 0x1C, 0xFA, 0x34, 0x7D, 0x19, 0x7F, 0x78, 0x7E, 0x7D, 0x79,
		0x7C, 0xDC, 0xFD, 0xB8, 0x4C, 0x65, 0x7A, 0x75, 0x56, 0xFA, 0x34, 0xFA, 0x8B, 0x71, 0x7D, 0x75, 0x7F, 0x4D, 0x70, 0x7A, 0x76, 0x57, 0x7A, 0x7D, 0x78, 0x7D, 0xFE, 0x4B, 0x7E, 0x7D, 0x78, 0x4C,
		0x60, 0x7A, 0x76, 0x57, 0x7A, 0x7D, 0x78, 0x7D, 0xFE, 0x4B, 0x7E, 0x7D, 0x77, 0x4D, 0x72, 0x4C, 0x70, 0x7A, 0x76, 0x57, 0x7A, 0x7D, 0x78, 0x7D, 0xFE, 0x4B, 0x7E, 0x7D, 0x69, 0x4C, 0x53, 0x7A,
		0x75, 0x56, 0xFA, 0x34, 0xFA, 0x8B, 0x71, 0x7D, 0x75, 0x78, 0x4D, 0x5E, 0x78, 0x5C, 0x05, 0x70, 0xCB, 0x73, 0x81, 0xF8, 0x80, 0x5E, 0xFF, 0x7B, 0x75, 0x34, 0xCF, 0x1D, 0x4D, 0x9B, 0x42, 0x83,
		0xB7, 0xF9, 0xBE, 0xDA, 0xC8, 0x00, 0xC8, 0x5A, 0xCF, 0x29, 0x08, 0xFC, 0x93, 0xDA, 0x4C, 0x24, 0x7A, 0x76, 0x57, 0x7A, 0x7D, 0x78, 0x7D, 0xFE, 0x4B, 0x7E, 0x7D, 0x70, 0x4D, 0x36, 0x4C, 0x34,
		0xDC, 0x66, 0xFC, 0x64, 0x1B, 0x11, 0x21, 0xA2, 0x32, 0xED, 0xFF, 0xCD, 0x33, 0x9D, 0x1C, 0x13, 0x1E, 0xFC, 0x1B, 0x53, 0x1B, 0x75, 0xEA, 0x2C, 0x2D, 0x10, 0x2F, 0x84, 0xDD, 0x56, 0xFC, 0x54,
		0x14, 0x08, 0x08, 0x0C, 0x0F, 0x46, 0x53, 0x53, 0x0B, 0x0B, 0x0B, 0x52, 0x11, 0x15, 0x1F, 0x0E, 0x13, 0x0F, 0x13, 0x1A, 0x08, 0x52, 0x1F, 0x13, 0x11, 0x53, 0x19, 0x12, 0x51, 0x09, 0x0F, 0x53,
		0x0B, 0x15, 0x12, 0x18, 0x13, 0x0B, 0x0F, 0x5C, 0x4C, 0x71, 0x7A, 0x75, 0x56, 0xFA, 0x34, 0xFA, 0x8B, 0x71, 0x7D, 0x7D, 0x7D, 0x79, 0x7C, 0x78, 0xFE, 0x7D, 0x7C, 0x6A, 0x39, 0x0C, 0x6A, 0x9C,
		0xCB, 0xF2, 0x1B, 0xC3, 0x76, 0x47, 0x41, 0x28, 0x03, 0x82, 0xD0, 0x6C, 0xC7, 0x4D, 0xDD, 0x90, 0xA0, 0xA9, 0xE3, 0x44, 0xC0, 0x53, 0x2A, 0x27, 0x63, 0xC3, 0xB4, 0x32, 0xE7, 0xA1, 0x0D, 0x15,
		0x58, 0x59, 0x8A, 0xA3, 0xBE, 0x5A, 0x76, 0xFB, 0xA7, 0x43, 0x83, 0x60, 0x9E, 0xF7, 0x16, 0x72, 0x26, 0xDF, 0x2B, 0xB9, 0x79, 0x76, 0xC3, 0x12, 0x41, 0x61, 0x94, 0xF1, 0x46, 0x65, 0x6F, 0xBC,
		0x2A, 0xC6, 0x23, 0x58, 0xB0, 0x66, 0xDA, 0x81, 0x9D, 0x0C, 0x76, 0x6A, 0x63, 0x40, 0xD8, 0x4B, 0xEB, 0xF5, 0x29, 0x1A, 0x7F, 0xA2, 0x24, 0x7F, 0x6F, 0x7E, 0xCC, 0x46, 0x2F, 0xF8, 0x6F, 0xF3,
		0x1B, 0xCA, 0x65, 0x6D, 0x93, 0xE8, 0xD9, 0x2C, 0x6C, 0x28, 0xD6, 0x48, 0xC1, 0x00, 0x26, 0xD5, 0x74, 0x3D, 0x15, 0xCA, 0x5A, 0x13, 0x2E, 0xE6, 0xE2, 0x58, 0xA9, 0x36, 0x32, 0x20, 0x7B, 0x9A,
		0xA2, 0x82, 0xC7, 0xCA, 0x41, 0x56, 0xBB, 0x50, 0x12, 0xDD, 0x58, 0x2C, 0x22, 0x8F, 0xEE, 0x47, 0x50, 0x99, 0xA3, 0xEA, 0xED, 0x27, 0xAF, 0x24, 0x6D, 0x00, 0x4C, 0x4F, 0xF2, 0x17, 0x6A, 0xEB,
		0x2C, 0x70, 0xA1, 0xCF, 0x4B, 0xAD, 0x2D, 0x9F, 0x37, 0xA2, 0xBF, 0x28, 0x56, 0x19, 0x4F, 0xE2, 0xF6, 0xA4, 0x0D, 0x89, 0xC5, 0xFF, 0x10, 0x6D, 0x63, 0x43, 0x36, 0xE2, 0x19, 0xF7, 0x25, 0x30,
		0x2C, 0x75, 0xDC, 0x9A, 0x1C, 0xB8, 0x1B, 0x74, 0x7F, 0x4D, 0x32, 0xB2, 0x1D, 0x32, 0x90, 0x3F, 0x97, 0xB4, 0xED, 0x29, 0x96, 0x94, 0x2F, 0xB9, 0x1C, 0xE2, 0x34, 0x1C, 0xFC, 0xBE, 0x78, 0x8E,
		0xB9, 0x0D, 0x96, 0x46, 0xCD, 0x76, 0xAE, 0x1E, 0x38, 0xB7, 0x65, 0x87, 0xB3, 0x7C, 0xA2, 0x5B, 0x60, 0x5F, 0x59, 0xF5, 0xAF, 0xEA, 0x5B, 0x9D, 0xB9, 0xBC, 0x97, 0xDD, 0xFE, 0x6B, 0xCC, 0x4C,
		0xFE, 0x6B, 0xD0, 0x7A, 0x76, 0x57, 0x7A, 0x7D, 0x78, 0x7D, 0xFE, 0x4B, 0x7F, 0x7F, 0x7D, 0x4D, 0xFE, 0x6B, 0xE0, 0x4C, 0xFE, 0x6B, 0xE4, 0x7A, 0x75, 0x56, 0xFA, 0x34, 0xFA, 0x8B, 0x71, 0x7D,
		0x7B, 0x7E, 0xDC, 0xFE, 0x6B, 0xF5, 0x4C, 0xFE, 0x6B, 0xF9, 0x7E, 0x7D, 0x7F, 0x4D, 0x73, 0x4C, 0x71, 0x7A, 0x75, 0x1C, 0xFA, 0x34, 0x7D, 0x19, 0x7F, 0x78, 0x7E, 0x7D, 0x79, 0x7C, 0x4C, 0xFE,
		0x7D, 0x26, 0x7A, 0x77, 0x56, 0xFA, 0x34, 0xFA, 0x8B, 0x71, 0x7D, 0x75, 0x6C, 0x7D, 0x78, 0xDC, 0xFE, 0x7D, 0x35, 0x78, 0xFE, 0x7D, 0x39, 0x4C, 0xFE, 0x7D, 0x3D, 0x7E, 0x7D, 0x7D, 0x7A, 0x76,
		0x57, 0x7A, 0x7D, 0x78, 0x7D, 0xF8, 0x25, 0x76, 0x7F, 0x7D, 0x4C, 0x4D, 0x4C, 0x71, 0x7A, 0x75, 0x1C, 0xFA, 0x34, 0x7D, 0x19, 0x7F, 0x78, 0x7E, 0x7D, 0x79, 0x7C, 0x78, 0x5C, 0xBE, 0xB8, 0x7C,
		0x88, 0xAC, 0x27, 0x91, 0x8B, 0x71, 0xFD, 0xDE, 0x20, 0x01, 0x24, 0x16, 0x7C, 0x6A, 0xAE, 0xF6, 0x93, 0x76, 0x29, 0x46, 0x68, 0xD6, 0x91, 0x7B, 0x5F, 0xA2, 0xA1, 0xB1, 0x98, 0x7E, 0x7A, 0x1B,
		0x36, 0x32, 0xD1, 0xD9, 0x4D, 0x64, 0x6F, 0x4E, 0x4C, 0x4E, 0x48, 0x4D, 0x4E, 0x4D, 0x4C, 0x4C, 0x44, 0x4F, 0x45, 0x49, 0x4D, 0x52, 0x4F, 0x44, 0x4D, 0x26, 0x4C, 0x78, 0xFC, 0x7E, 0x7D, 0x88,
		0xDC, 0xFD, 0xA5, 0xD8, 0xFD, 0xAA, 0x4C, 0xFD, 0xAF, 0x4D, 0x77, 0x4C, 0x75, 0x7A, 0x7F, 0x29, 0x78, 0x7A, 0x6F, 0x7E, 0x29, 0x2F, 0x4D, 0x6F, 0x4C, 0x6D, 0x7A, 0x7F, 0x29, 0x78, 0x74, 0x6F,
		0x76, 0x2B, 0x1D, 0x0F, 0x14, 0x15, 0x12, 0x1B, 0x08, 0x13, 0x12, 0x4D, 0x6C, 0x4C, 0x72, 0x7A, 0x7F, 0x29, 0x78, 0x7B, 0x6F, 0x7B, 0x2E, 0x19, 0x18, 0x11, 0x13, 0x12, 0x18, 0x4D, 0x62, 0x4C,
		0x60, 0x7A, 0x7F, 0x29, 0x78, 0x76, 0x6F, 0x69, 0x31, 0x15, 0x1F, 0x0E, 0x13, 0x0F, 0x13, 0x1A, 0x08, 0x5C, 0x3F, 0x13, 0x0E, 0x0C, 0x13, 0x0E, 0x1D, 0x08, 0x15, 0x13, 0x12, 0x4D, 0x51, 0x4C,
		0x57, 0x7A, 0x7F, 0x29, 0x78, 0x77, 0x6F, 0x58, 0x31, 0x15, 0x1F, 0x0E, 0x13, 0x0F, 0x13, 0x1A, 0x08, 0x5C, 0x35, 0x0E, 0x19, 0x10, 0x1D, 0x12, 0x18, 0x5C, 0x33, 0x0C, 0x19, 0x0E, 0x1D, 0x08,
		0x15, 0x13, 0x12, 0x0F, 0x5C, 0x30, 0x15, 0x11, 0x15, 0x08, 0x19, 0x18, 0x4D, 0x5B, 0x4C, 0x59, 0x7A, 0x7F, 0x29, 0x78, 0x77, 0x6F, 0x62, 0x12, 0x2F, 0x14, 0x15, 0x19, 0x10, 0x18, 0x5C, 0x28,
		0x2F, 0x2F, 0x5C, 0x39, 0x2F, 0x32, 0x46, 0x49, 0x49, 0x4D, 0x3D, 0x51, 0x4C, 0x49, 0x39, 0x4C, 0x51, 0x38, 0x45, 0x48, 0x4B, 0x4D, 0x59, 0x4C, 0x5F, 0x7A, 0x7F, 0x29, 0x78, 0x7F, 0x6F, 0x60,
		0x31, 0x15, 0x1F, 0x0E, 0x13, 0x0F, 0x13, 0x1A, 0x08, 0x5C, 0x28, 0x15, 0x11, 0x19, 0x51, 0x2F, 0x08, 0x1D, 0x11, 0x0C, 0x5C, 0x2F, 0x19, 0x0E, 0x0A, 0x15, 0x1F, 0x19, 0xDC, 0xFE, 0x6D, 0x82,
		0x4C, 0xFE, 0x7B, 0x54, 0x4C, 0xFE, 0x79, 0x6C, 0xDC, 0x7F, 0x7E, 0x7D, 0x7E, 0x7E, 0x6F, 0x4F, 0x7C, 0x7C, 0x7E, 0x7D, 0xAD, 0x39, 0x25, 0xE4, 0x6C, 0xB0, 0x3E, 0x33, 0x7C, 0x7D, 0x7C, 0x7C,
		0x7E, 0x7D, 0x4C, 0x71, 0x7A, 0x75, 0x56, 0xFA, 0x34, 0xFA, 0x8B, 0x71, 0x7D, 0x7D, 0x77, 0x79, 0x7C, 0x4C, 0x00, 0x4D, 0x77, 0x4C, 0x75, 0x7A, 0x7F, 0x29, 0x78, 0x7A, 0x6F, 0x7E, 0x29, 0x2F,
		0x4D, 0x6F, 0x4C, 0x6D, 0x7A, 0x7F, 0x29, 0x78, 0x74, 0x6F, 0x76, 0x2B, 0x1D, 0x0F, 0x14, 0x15, 0x12, 0x1B, 0x08, 0x13, 0x12, 0x4D, 0x6C, 0x4C, 0x72, 0x7A, 0x7F, 0x29, 0x78, 0x7B, 0x6F, 0x7B,
		0x2E, 0x19, 0x18, 0x11, 0x13, 0x12, 0x18, 0x4D, 0x62, 0x4C, 0x60, 0x7A, 0x7F, 0x29, 0x78, 0x76, 0x6F, 0x69, 0x31, 0x15, 0x1F, 0x0E, 0x13, 0x0F, 0x13, 0x1A, 0x08, 0x5C, 0x3F, 0x13, 0x0E, 0x0C,
		0x13, 0x0E, 0x1D, 0x08, 0x15, 0x13, 0x12, 0x4D, 0x5A, 0x4C, 0x58, 0x7A, 0x7F, 0x29, 0x78, 0x7F, 0x6F, 0x61, 0x31, 0x15, 0x1F, 0x0E, 0x13, 0x0F, 0x13, 0x1A, 0x08, 0x5C, 0x28, 0x15, 0x11, 0x19,
		0x51, 0x2F, 0x08, 0x1D, 0x11, 0x0C, 0x5C, 0x2C, 0x3F, 0x3D, 0x5C, 0x4E, 0x4C, 0x4D, 0x4C, 0x4C, 0x62, 0x6B, 0x71, 0x4E, 0x48, 0x4C, 0x4B, 0x4E, 0x49, 0x4D, 0x44, 0x4F, 0x4D, 0x4E, 0x4E, 0x26,
		0x6B, 0x71, 0x4E, 0x49, 0x4D, 0x4C, 0x4E, 0x4E, 0x4D, 0x44, 0x4F, 0x4D, 0x4E, 0x4E, 0x26, 0x4C, 0xFD, 0xAF, 0x4D, 0x77, 0x4C, 0x75, 0x7A, 0x7F, 0x29, 0x78, 0x7A, 0x6F, 0x7E, 0x29, 0x2F, 0x4D,
		0x6F, 0x4C, 0x6D, 0x7A, 0x7F, 0x29, 0x78, 0x74, 0x6F, 0x76, 0x2B, 0x1D, 0x0F, 0x14, 0x15, 0x12, 0x1B, 0x08, 0x13, 0x12, 0x4D, 0x6C, 0x4C, 0x72, 0x7A, 0x7F, 0x29, 0x78, 0x7B, 0x6F, 0x7B, 0x2E,
		0x19, 0x18, 0x11, 0x13, 0x12, 0x18, 0x4D, 0x62, 0x4C, 0x60, 0x7A, 0x7F, 0x29, 0x78, 0x76, 0x6F, 0x69, 0x31, 0x15, 0x1F, 0x0E, 0x13, 0x0F, 0x13, 0x1A, 0x08, 0x5C, 0x3F, 0x13, 0x0E, 0x0C, 0x13,
		0x0E, 0x1D, 0x08, 0x15, 0x13, 0x12, 0x4D, 0x51, 0x4C, 0x57, 0x7A, 0x7F, 0x29, 0x78, 0x77, 0x6F, 0x58, 0x31, 0x15, 0x1F, 0x0E, 0x13, 0x0F, 0x13, 0x1A, 0x08, 0x5C, 0x35, 0x0E, 0x19, 0x10, 0x1D,
		0x12, 0x18, 0x5C, 0x33, 0x0C, 0x19, 0x0E, 0x1D, 0x08, 0x15, 0x13, 0x12, 0x0F, 0x5C, 0x30, 0x15, 0x11, 0x15, 0x08, 0x19, 0x18, 0x4D, 0x5B, 0x4C, 0x59, 0x7A, 0x7F, 0x29, 0x78, 0x77, 0x6F, 0x62,
		0x12, 0x2F, 0x14, 0x15, 0x19, 0x10, 0x18, 0x5C, 0x28, 0x2F, 0x2F, 0x5C, 0x39, 0x2F, 0x32, 0x46, 0x49, 0x49, 0x4D, 0x3D, 0x51, 0x4C, 0x49, 0x39, 0x4C, 0x51, 0x38, 0x45, 0x48, 0x4B, 0x4D, 0x59,
		0x4C, 0x5F, 0x7A, 0x7F, 0x29, 0x78, 0x7F, 0x6F, 0x60, 0x31, 0x15, 0x1F, 0x0E, 0x13, 0x0F, 0x13, 0x1A, 0x08, 0x5C, 0x28, 0x15, 0x11, 0x19, 0x51, 0x2F, 0x08, 0x1D, 0x11, 0x0C, 0x5C, 0x2F, 0x19,
		0x0E, 0x0A, 0x15, 0x1F, 0x19, 0x4C, 0xFE, 0x7E, 0x5E, 0x4C, 0x71, 0x7A, 0x75, 0x56, 0xFA, 0x34, 0xFA, 0x8B, 0x71, 0x7D, 0x7D, 0x7D, 0x79, 0x7C, 0x7F, 0xFE, 0x7E, 0x73, 0x7C, 0x4C, 0xFE, 0x7E,
		0x76, 0x7E, 0xFE, 0x7E, 0x7D, 0x7C, 0xC9, 0x16, 0xA3, 0x84, 0x00, 0xBF, 0xC7, 0xC7, 0x58, 0x9B, 0x30, 0xC5, 0x1C, 0x04, 0x22, 0x74, 0xFE, 0x3A, 0xAE, 0x90, 0x2D, 0x34, 0x2D, 0x20, 0x60, 0xAB,
		0xD8, 0x85, 0x4B, 0x01, 0x1A, 0x10, 0xF5, 0xF3, 0x11, 0x78, 0x6E, 0x4A, 0xE8, 0x8C, 0xEC, 0xB5, 0xC7, 0xE6, 0x2A, 0x0F, 0xF6, 0x33, 0x7E, 0xBC, 0x34, 0xA3, 0xBF, 0x38, 0x7C, 0xE1, 0x27, 0x84,
		0xDC, 0x1B, 0xE9, 0x57, 0x16, 0x2F, 0xB7, 0xD3, 0x20, 0x22, 0x56, 0xE0, 0x38, 0xDD, 0x71, 0xA4, 0xC0, 0xE0, 0x87, 0x65, 0x19, 0x77, 0x6F, 0x18, 0x4E, 0xEA, 0x7E, 0x79, 0x70, 0xA6, 0x5A, 0x2F,
		0x46, 0x59, 0xF4, 0xC5, 0xEB, 0x79, 0xCF, 0xEA, 0x3E, 0x8F, 0x83, 0xFA, 0xEA, 0xC9, 0x37, 0x4F, 0xE4, 0x09, 0x1F, 0xA5, 0xA3, 0x4E, 0x62, 0x3D, 0x9C, 0x45, 0xA8, 0x3C, 0x99, 0xB0, 0xD1, 0x95,
		0xFC, 0x33, 0xAF, 0x58, 0xC1, 0x34, 0x1C, 0xA2, 0x9A, 0xE4, 0xFE, 0x16, 0xF7, 0xEA, 0x1A, 0x4E, 0x44, 0x45, 0xE7, 0x17, 0xF5, 0x2B, 0x18, 0x67, 0xC9, 0xAF, 0xF8, 0xF7, 0x7C, 0x27, 0x6B, 0x45,
		0x85, 0x03, 0x30, 0xC4, 0x15, 0x32, 0xF8, 0x84, 0x97, 0x52, 0x99, 0x5F, 0xA7, 0x67, 0x5F, 0xA7, 0xD6, 0xA3, 0x8C, 0x62, 0xD2, 0x61, 0xA6, 0x42, 0x51, 0xD8, 0xE0, 0x07, 0xB8, 0x6D, 0xD0, 0x9E,
		0xE9, 0x0B, 0xD4, 0xDD, 0x0F, 0x37, 0x77, 0x7B, 0x12, 0x84, 0xF7, 0x46, 0xDF, 0xB5, 0x6C, 0x52, 0xF7, 0xE8, 0xE3, 0x0E, 0xCC, 0x2D, 0x75, 0xC8, 0x13, 0xCA, 0xE8, 0xCA, 0xB7, 0x89, 0x23, 0x8F,
		0xDC, 0x42, 0x17, 0x72, 0x5A, 0x52, 0xCE, 0x4B, 0x0E, 0xA4, 0x27, 0x5D, 0xB4, 0x36, 0x86, 0xB1, 0xC4, 0xF6, 0xB5, 0x9E, 0x5A, 0x71, 0xFC, 0x0B, 0x3D, 0x7A, 0x95, 0xEC, 0x1C, 0xD3, 0x77, 0xF1,
		0xE5, 0xEC, 0x15, 0x4E, 0xF9, 0x15, 0xB0, 0x1D, 0xE5, 0x0E, 0x08, 0xD7, 0x14, 0x4F, 0x14, 0xFB, 0x8D, 0x6B, 0x10, 0xF4, 0xBC, 0xB3, 0xE9, 0x8A, 0xB8, 0x56, 0xEC, 0x05, 0x5C, 0x81, 0x73, 0xDE,
		0x34, 0x4F, 0x15, 0x4E, 0xC2, 0xDA, 0xD3, 0x8F, 0xCC, 0xEE, 0x0F, 0xF8, 0x5E, 0x4E, 0x48, 0xFF, 0xDA, 0x30, 0x47, 0x55, 0xDE, 0xC2, 0xEC, 0xDD, 0xB0, 0x4F, 0x14, 0x43, 0x43, 0x1D, 0xEC, 0xD1,
		0x9C, 0x28, 0x0A, 0x36, 0x27, 0xCF, 0x29, 0x8F, 0x99, 0x7D, 0x20, 0xA2, 0x7A, 0xAD, 0xDC, 0x2B, 0x97, 0xAB, 0xB6, 0x2D, 0xC0, 0x3D, 0x78, 0xC0, 0xD8, 0xA5, 0xBC, 0xC2, 0x42, 0x6F, 0xD4, 0x2E,
		0x45, 0x59, 0x95, 0x3C, 0xC0, 0x81, 0xB1, 0x5D, 0xC6, 0xD4, 0x85, 0xB9, 0x03, 0x5A, 0x85, 0xF9, 0x34, 0xEF, 0xB1, 0x22, 0x92, 0xA2, 0xF4, 0x85, 0x23, 0xB8, 0x9F, 0x59, 0xAD, 0x05, 0x9A, 0x1C,
		0xD3, 0x3D, 0x1D, 0x1E, 0xDF, 0x15, 0xC1, 0x44, 0xBA, 0x0D, 0xDF, 0xCA, 0x26, 0xC5, 0x73, 0x99, 0x05, 0xD0, 0x1D, 0x52, 0xB4, 0xC0, 0xBF, 0xB4, 0x03, 0xFC, 0xBE, 0xB4, 0xFE, 0x28, 0x19, 0xD6,
		0xD4, 0x78, 0xB8, 0x94, 0x7C, 0xEE, 0x3B, 0x65, 0x6B, 0xC2, 0x70, 0x86, 0xFE, 0x62, 0x72, 0xE7, 0xE4, 0x1F, 0x9A, 0x8B, 0xCF, 0x57, 0x45, 0x17, 0x89, 0x97, 0x8C, 0xD4, 0x95, 0x53, 0x20, 0x3C,
		0x45, 0x6B, 0xDB, 0xA7, 0xB0, 0x35, 0x58, 0x2C, 0x25, 0x00, 0xC4, 0x56, 0xAE, 0x1D, 0x19, 0x85, 0xD2, 0x73, 0x41, 0xD3, 0xD3, 0x24, 0x8C, 0x9C, 0xAB, 0xDE, 0xBB, 0x77, 0xF4, 0x70, 0x10, 0x49,
		0xE6, 0xA9, 0x03, 0x31, 0xA8, 0xF4, 0x86, 0x86, 0x37, 0x59, 0x89, 0x5E, 0x52, 0x23, 0xA7, 0x8B, 0x73, 0x91, 0x58, 0x63, 0x0A, 0x78, 0x7E, 0xAC, 0x33, 0xBB, 0xC9, 0x1C, 0x03, 0x71, 0xDA, 0x6B,
		0x32, 0xDF, 0x20, 0x3E, 0xBE, 0x3B, 0x7E, 0x7F, 0x7D, 0x7C, 0x7D, 0xDF, 0xFE, 0x7D, 0x35, 0x4C, 0xFE, 0x7D, 0x39, 0x4C, 0x61, 0x7A, 0x7F, 0x29, 0x61, 0x72, 0x78, 0x6A, 0x78, 0x68, 0xCC, 0x0E,
		0xD3, 0x27, 0xEA, 0xDE, 0x94, 0x40, 0x84, 0xE9, 0xD3, 0x55, 0xC1, 0xE4, 0x25, 0xF9, 0x25, 0xC0, 0xCE, 0x2E, 0x4C, 0x63, 0x7A, 0x7F, 0x29, 0x61, 0x5F, 0x78, 0x64, 0x4C, 0x6A, 0xFC, 0x68, 0xE3,
		0xDB, 0x69, 0x21, 0x7C, 0x22, 0x1E, 0x21, 0xFF, 0x88, 0x99, 0xAE, 0x19, 0xDB, 0x67, 0x2F, 0x49, 0x65, 0x95, 0x0E, 0x4C, 0x23, 0x7A, 0x7F, 0x29, 0x61, 0x63, 0x78, 0x24, 0x4C, 0x2A, 0x4C, 0x28,
		0xDC, 0x2E, 0xDC, 0x2C, 0xFA, 0x32, 0x14, 0x08, 0x08, 0x0C, 0x46, 0x53, 0x53, 0x0B, 0x0B, 0x0B, 0x52, 0x11, 0x15, 0x1F, 0x0E, 0x13, 0x0F, 0x13, 0x1A, 0x08, 0x52, 0x1F, 0x13, 0x11, 0x53, 0x0C,
		0x17, 0x15, 0x13, 0x0C, 0x0F, 0x53, 0x1F, 0x0E, 0x10, 0x53, 0x31, 0x15, 0x1F, 0x0E, 0x13, 0x0F, 0x13, 0x1A, 0x08, 0x59, 0x4E, 0x4C, 0x28, 0x15, 0x11, 0x19, 0x51, 0x2F, 0x08, 0x1D, 0x11, 0x0C,
		0x59, 0x4E, 0x4C, 0x2C, 0x3F, 0x3D, 0x59, 0x4E, 0x4C, 0x4E, 0x4C, 0x4D, 0x4C, 0x54, 0x4D, 0x55, 0x52, 0x1F, 0x0E, 0x10, 0x4C, 0x10, 0x7A, 0x74, 0x57, 0x7A, 0x7D, 0x79, 0x79, 0x7B, 0x7D, 0x7D,
		0x78, 0x1C, 0x4C, 0x22, 0x4C, 0x20, 0x7A, 0x74, 0x57, 0x7A, 0x7D, 0x79, 0x79, 0x7B, 0x4C, 0x7E, 0xFA, 0x2C, 0x14, 0x08, 0x08, 0x0C, 0x46, 0x53, 0x53, 0x0B, 0x0B, 0x0B, 0x52, 0x11, 0x15, 0x1F,
		0x0E, 0x13, 0x0F, 0x13, 0x1A, 0x08, 0x52, 0x1F, 0x13, 0x11, 0x53, 0x0C, 0x17, 0x15, 0x13, 0x0C, 0x0F, 0x53, 0x1F, 0x19, 0x0E, 0x08, 0x0F, 0x53, 0x31, 0x15, 0x1F, 0x0E, 0x13, 0x0F, 0x13, 0x1A,
		0x08, 0x59, 0x4E, 0x4C, 0x28, 0x15, 0x11, 0x19, 0x51, 0x2F, 0x08, 0x1D, 0x11, 0x0C, 0x59, 0x4E, 0x4C, 0x2C, 0x3F, 0x3D, 0x59, 0x4E, 0x4C, 0x4E, 0x4C, 0x4D, 0x4C, 0x54, 0x4D, 0x55, 0x52, 0x1F,
		0x0E, 0x08, 0x4C, 0x70, 0x7A, 0x7F, 0x29, 0x61, 0x6F, 0x7D, 0x7D, 0x83, 0x78, 0x7E, 0x4C, 0x7C, 0x4C, 0x6A, 0x7A, 0x7F, 0x29, 0x61, 0x59, 0x7D, 0x7D, 0x83, 0x78, 0x70, 0x4C, 0x76, 0x7A, 0x74,
		0x57, 0x7A, 0x7D, 0x79, 0x79, 0x7B, 0x7F, 0x74, 0x4C, 0x72, 0x7A, 0x7F, 0x29, 0x61, 0x73, 0x7D, 0x7D, 0x83, 0x78, 0x78, 0x7F, 0x7E, 0x7B, 0xFC, 0x4C, 0x71, 0x7A, 0x75, 0x56, 0xFA, 0x34, 0xFA,
		0x8B, 0x71, 0x7D, 0x7D, 0x77, 0x79, 0x7C, 0x7F, 0xFE, 0x7E, 0x7D, 0x7C, 0x46, 0x48, 0x7C, 0xB7, 0x41, 0x60, 0x2B, 0x47, 0x2F, 0x68, 0x16, 0xEB, 0x23, 0xEE, 0x37, 0x3B, 0x6D, 0x36, 0x80, 0x93,
		0x94, 0x4D, 0x92, 0x05, 0xC4, 0x46, 0xF8, 0x77, 0xB9, 0x21, 0xAA, 0x7A, 0xA0, 0x4F, 0x13, 0x76, 0x79, 0x3F, 0x9C, 0xC1, 0x3E, 0x73, 0x22, 0x13, 0x93, 0x08, 0x4F, 0x0A, 0x5D, 0x2C, 0x18, 0x24,
		0x05, 0xCC, 0x76, 0xE2, 0x7C, 0x5D, 0xB0, 0xC4, 0x09, 0xE7, 0x18, 0xC5, 0x35, 0xE1, 0xAD, 0x85, 0x92, 0x95, 0xD8, 0x81, 0x4E, 0x86, 0x49, 0xE1, 0xA7, 0x77, 0xDB, 0x1A, 0x75, 0x0C, 0xB6, 0x79,
		0x50, 0x37, 0x0B, 0x32, 0xA6, 0x9E, 0x51, 0xDF, 0xC2, 0xF7, 0xFD, 0xD7, 0xC3, 0x3A, 0x28, 0x52, 0xA9, 0xEB, 0x2C, 0x8C, 0x6A, 0x80, 0xB5, 0x85, 0x35, 0xB4, 0x9C, 0xE3, 0x30, 0x25, 0x0A, 0x9D,
		0xF3, 0x78, 0x43, 0xAB, 0xCF, 0x0E, 0x07, 0x86, 0x7B, 0xD1, 0x8B, 0x93, 0x65, 0xC0, 0x64, 0xD5, 0xCE, 0x73, 0xB1, 0x92, 0xE6, 0x5E, 0xE5, 0xFF, 0xE9, 0xCC, 0x00, 0x37, 0x0D, 0x95, 0xC7, 0x2B,
		0xE9, 0xA1, 0x4C, 0xA7, 0x4E, 0xC9, 0x45, 0xC3, 0xC4, 0x56, 0x5A, 0xF8, 0xB3, 0x8C, 0xFD, 0x62, 0x36, 0xE8, 0x4A, 0x6F, 0x28, 0xAC, 0x6B, 0x7B, 0x6B, 0x6E, 0x54, 0xBB, 0xF5, 0x16, 0x5C, 0x8B,
		0x2B, 0x23, 0xFB, 0xF8, 0xA5, 0x69, 0xEA, 0x5F, 0x59, 0x99, 0x2F, 0xF3, 0x86, 0x00, 0x45, 0xB9, 0x1D, 0x05, 0x9A, 0x93, 0x1D, 0x95, 0x9D, 0x0A, 0x67, 0xCB, 0xFD, 0x42, 0xD8, 0x82, 0xD5, 0x5D,
		0x2C, 0x86, 0xC8, 0x7E, 0x3D, 0xAE, 0x57, 0x4B, 0x30, 0xFA, 0xA9, 0x7F, 0x01, 0x40, 0xE6, 0x94, 0xFE, 0x9E, 0xC2, 0x68, 0xE8, 0x75, 0x09, 0x70, 0xA1, 0x00, 0x41, 0xAD, 0x25, 0x27, 0x60, 0xF4,
		0x60, 0xDC, 0x11, 0xFA, 0xE5, 0xE9, 0x41, 0x20, 0x64, 0xEE, 0x49, 0x5F, 0x58, 0x47, 0x9C, 0x48, 0x48, 0x2C, 0x6B, 0x2F, 0xD9, 0x8B, 0xFA, 0xCF, 0x56, 0xB8, 0x3F, 0xAF, 0xB4, 0x8D, 0x70, 0xD6,
		0x28, 0xC6, 0xE7, 0xA6, 0xD2, 0xB7, 0xC8, 0xF2, 0xFF, 0x58, 0xBF, 0x15, 0xF9, 0xF7, 0xC2, 0xF2, 0xC3, 0x83, 0xAE, 0xB6, 0x17, 0xA9, 0x39, 0x13, 0xB4, 0x4F, 0x91, 0xC5, 0x65, 0xA7, 0x65, 0x78,
		0x31, 0xF7, 0x2C, 0xF2, 0xBC, 0xEB, 0x5F, 0x88, 0x9A, 0x5A, 0xEA, 0x3D, 0x1C, 0x54, 0xAB, 0xFE, 0x01, 0xCC, 0xAF, 0x91, 0x31, 0x92, 0x6C, 0x97, 0xAA, 0xDE, 0x1B, 0xD8, 0x23, 0xD1, 0x64, 0x82,
		0x12, 0x12, 0xC9, 0x6B, 0x68, 0x41, 0x2B, 0xFC, 0x41, 0xA4, 0x18, 0x7B, 0x9C, 0x8D, 0x71, 0xDB, 0xD3, 0xA0, 0xE1, 0x0E, 0xBC, 0x4F, 0x21, 0xB6, 0x93, 0x09, 0xAA, 0x0C, 0x69, 0x42, 0x78, 0x18,
		0xB4, 0xD4, 0x70, 0x57, 0x09, 0x6E, 0x50, 0x11, 0x87, 0x6D, 0xA5, 0x26, 0xC8, 0x45, 0x40, 0x6B, 0x57, 0xFE, 0xD3, 0x62, 0x51, 0xF4, 0x00, 0xD6, 0x60, 0x91, 0x8C, 0x6F, 0xD0, 0x33, 0xBF, 0x01,
		0xEC, 0x8D, 0x93, 0x93, 0xE6, 0x98, 0x73, 0xDC, 0x6A, 0x12, 0x23, 0x06, 0xE8, 0x06, 0xFD, 0x34, 0xCF, 0x5A, 0x38, 0x06, 0x0D, 0x96, 0xA5, 0x5B, 0x70, 0xC6, 0x04, 0x20, 0xD5, 0x11, 0x8A, 0x35,
		0x39, 0x3C, 0xF7, 0xE6, 0x65, 0x9D, 0xE1, 0x9B, 0x03, 0xCB, 0x3C, 0xFC, 0xAA, 0xD2, 0xA7, 0x2F, 0x38, 0x43, 0x74, 0x6A, 0x87, 0x10, 0x58, 0xD0, 0xA6, 0xFF, 0xFF, 0xCD, 0x95, 0x8F, 0x5D, 0x8E,
		0xDC, 0x9E, 0xE7, 0xFC, 0x3C, 0x12, 0x95, 0x6D, 0x6C, 0x12, 0x88, 0xE3, 0x1B, 0xEE, 0xDD, 0x9C, 0x89, 0x02, 0x37, 0x14, 0x4D, 0x03, 0x17, 0xD6, 0x94, 0x16, 0x64, 0x72, 0x05, 0x16, 0x7C, 0x6F,
		0xF0, 0x1F, 0x70, 0x8B, 0xAF, 0xAE, 0x6E, 0xF7, 0x3A, 0xB3, 0x4E, 0x63, 0x4C, 0xFE, 0x7B, 0x0D, 0x4C, 0xFE, 0x79, 0x25, 0xDC, 0x7F, 0x7E, 0x7D, 0x7E, 0x7E, 0x6F, 0x4F, 0x7C, 0x7C, 0x7C, 0x69,
		0xB9, 0x9B, 0x17, 0xE2, 0x7E, 0xE7, 0x35, 0xE5, 0x7C, 0x7C, 0x7C, 0x7C, 0x7C, 0x69, 0x4C, 0x71, 0x7A, 0x75, 0x56, 0xFA, 0x34, 0xFA, 0x8B, 0x71, 0x7D, 0x7D, 0x77, 0x79, 0x7C, 0x4C, 0xFD, 0xF4,
		0x4D, 0x77, 0x4C, 0x75, 0x7A, 0x7F, 0x29, 0x78, 0x7A, 0x6F, 0x7E, 0x29, 0x2F, 0x4D, 0x6F, 0x4C, 0x6D, 0x7A, 0x7F, 0x29, 0x78, 0x74, 0x6F, 0x76, 0x2B, 0x1D, 0x0F, 0x14, 0x15, 0x12, 0x1B, 0x08,
		0x13, 0x12, 0x4D, 0x6C, 0x4C, 0x72, 0x7A, 0x7F, 0x29, 0x78, 0x7B, 0x6F, 0x7B, 0x2E, 0x19, 0x18, 0x11, 0x13, 0x12, 0x18, 0x4D, 0x62, 0x4C, 0x60, 0x7A, 0x7F, 0x29, 0x78, 0x76, 0x6F, 0x69, 0x31,
		0x15, 0x1F, 0x0E, 0x13, 0x0F, 0x13, 0x1A, 0x08, 0x5C, 0x3F, 0x13, 0x0E, 0x0C, 0x13, 0x0E, 0x1D, 0x08, 0x15, 0x13, 0x12, 0x4D, 0x4E, 0x4C, 0x4C, 0x7A, 0x7F, 0x29, 0x78, 0x7F, 0x6F, 0x55, 0x31,
		0x15, 0x1F, 0x0E, 0x13, 0x0F, 0x13, 0x1A, 0x08, 0x5C, 0x2E, 0x13, 0x13, 0x08, 0x5C, 0x3F, 0x19, 0x0E, 0x08, 0x15, 0x1A, 0x15, 0x1F, 0x1D, 0x08, 0x19, 0x5C, 0x3D, 0x09, 0x08, 0x14, 0x13, 0x0E,
		0x15, 0x08, 0x05, 0x5C, 0x4E, 0x4C, 0x4D, 0x4C, 0x4C, 0x62, 0x6B, 0x71, 0x4E, 0x4D, 0x4C, 0x45, 0x4F, 0x4C, 0x4D, 0x44, 0x4E, 0x4E, 0x4E, 0x49, 0x26, 0x6B, 0x71, 0x4F, 0x4C, 0x4C, 0x45, 0x4F,
		0x4C, 0x4D, 0x44, 0x4F, 0x4E, 0x4E, 0x49, 0x26, 0x4C, 0x00, 0x4D, 0x77, 0x4C, 0x75, 0x7A, 0x7F, 0x29, 0x78, 0x7A, 0x6F, 0x7E, 0x29, 0x2F, 0x4D, 0x6F, 0x4C, 0x6D, 0x7A, 0x7F, 0x29, 0x78, 0x74,
		0x6F, 0x76, 0x2B, 0x1D, 0x0F, 0x14, 0x15, 0x12, 0x1B, 0x08, 0x13, 0x12, 0x4D, 0x6C, 0x4C, 0x72, 0x7A, 0x7F, 0x29, 0x78, 0x7B, 0x6F, 0x7B, 0x2E, 0x19, 0x18, 0x11, 0x13, 0x12, 0x18, 0x4D, 0x62,
		0x4C, 0x60, 0x7A, 0x7F, 0x29, 0x78, 0x76, 0x6F, 0x69, 0x31, 0x15, 0x1F, 0x0E, 0x13, 0x0F, 0x13, 0x1A, 0x08, 0x5C, 0x3F, 0x13, 0x0E, 0x0C, 0x13, 0x0E, 0x1D, 0x08, 0x15, 0x13, 0x12, 0x4D, 0x5A,
		0x4C, 0x58, 0x7A, 0x7F, 0x29, 0x78, 0x7F, 0x6F, 0x61, 0x31, 0x15, 0x1F, 0x0E, 0x13, 0x0F, 0x13, 0x1A, 0x08, 0x5C, 0x28, 0x15, 0x11, 0x19, 0x51, 0x2F, 0x08, 0x1D, 0x11, 0x0C, 0x5C, 0x2C, 0x3F,
		0x3D, 0x5C, 0x4E, 0x4C, 0x4D, 0x4C, 0x4C, 0xFE, 0x7E, 0x5E, 0x4C, 0x71, 0x7A, 0x75, 0x56, 0xFA, 0x34, 0xFA, 0x8B, 0x71, 0x7D, 0x7D, 0x7D, 0x79, 0x7C, 0x7F, 0xFE, 0x7E, 0x73, 0x7C, 0x4C, 0xFE,
		0x7E, 0x76, 0x7E, 0xFE, 0x7E, 0x7D, 0x7C, 0x98, 0x9D, 0xDA, 0x30, 0x9B, 0xC8, 0x0E, 0x5D, 0x77, 0x05, 0xDE, 0xB7, 0xAB, 0x58, 0x05, 0xC1, 0x72, 0xA9, 0xFE, 0xAF, 0x81, 0x92, 0xE0, 0x7B, 0x7B,
		0xAE, 0xD5, 0x10, 0x32, 0x09, 0xB4, 0xB6, 0x49, 0x2B, 0x8A, 0x7D, 0x03, 0x10, 0x36, 0x9C, 0x9E, 0xC1, 0xC5, 0x42, 0x6B, 0x1C, 0x4F, 0x83, 0x20, 0x33, 0xBB, 0x1A, 0x8B, 0xE9, 0x2F, 0x0D, 0x26,
		0x9E, 0x02, 0x36, 0x26, 0x82, 0xC4, 0x4A, 0x1B, 0xF9, 0x3A, 0x5F, 0x70, 0xC9, 0xF1, 0x6F, 0xB3, 0x0B, 0x4E, 0xBC, 0x6C, 0x64, 0x94, 0x1C, 0x01, 0x16, 0x2E, 0xFF, 0x38, 0xCB, 0xDA, 0xF2, 0x3A,
		0x17, 0x7B, 0x68, 0x8F, 0xB9, 0x0A, 0x89, 0xFA, 0x2C, 0xA0, 0xBD, 0x38, 0xB4, 0x0D, 0x20, 0x2D, 0x4D, 0x4B, 0xDC, 0x76, 0x44, 0x12, 0xF1, 0x91, 0xAB, 0x73, 0xA4, 0x5A, 0x2F, 0x00, 0x45, 0x1D,
		0x7E, 0x06, 0xB8, 0xD6, 0x81, 0x0E, 0x15, 0xD3, 0x61, 0xD7, 0xD0, 0x8A, 0x4A, 0xC2, 0x49, 0x5A, 0x18, 0xA6, 0xE4, 0x47, 0xC6, 0x66, 0x07, 0x4F, 0xD1, 0xFC, 0x27, 0x02, 0xF0, 0x6C, 0x60, 0xE1,
		0x2E, 0x82, 0xCA, 0x94, 0x1E, 0x59, 0xA0, 0x16, 0x73, 0xB3, 0x21, 0x88, 0x82, 0xF2, 0x2F, 0xB3, 0xAA, 0x90, 0xF9, 0x2A, 0x31, 0x93, 0xA1, 0xC0, 0xF1, 0xD8, 0x9F, 0xED, 0xF3, 0xCE, 0x45, 0x50,
		0x2D, 0xE0, 0x95, 0x0C, 0x15, 0x71, 0xB6, 0x4A, 0x51, 0x0C, 0xF2, 0x4D, 0xB4, 0x49, 0x54, 0xC1, 0x9F, 0xC8, 0xFB, 0x58, 0xBF, 0x9C, 0xB5, 0xF3, 0x02, 0xC9, 0x28, 0xF3, 0xA0, 0x86, 0x79, 0x29,
		0xE4, 0x11, 0x14, 0x47, 0xE6, 0x3A, 0xC1, 0x91, 0xD8, 0xD2, 0x06, 0x55, 0x4B, 0xD0, 0xB7, 0x97, 0xFF, 0x39, 0x9B, 0x3A, 0x12, 0xB6, 0x4E, 0xA9, 0xBC, 0xFA, 0x4C, 0x20, 0x33, 0x50, 0x9E, 0x1E,
		0xCE, 0xB1, 0xC5, 0x9E, 0xF1, 0xF4, 0x98, 0xEA, 0xD0, 0x7D, 0x36, 0xC7, 0xC2, 0x0D, 0xD5, 0x6B, 0x27, 0x1B, 0x1C, 0xA2, 0x84, 0xEE, 0xED, 0x62, 0x61, 0x41, 0x81, 0x5C, 0xB3, 0x0F, 0x01, 0x3D,
		0xE6, 0x3A, 0x09, 0xB1, 0xB8, 0x23, 0x48, 0xA1, 0x6E, 0xF5, 0xAA, 0x81, 0xD9, 0x5C, 0x01, 0x02, 0x80, 0xA5, 0xE2, 0x39, 0xA3, 0xCA, 0x0E, 0x53, 0xA7, 0x01, 0x23, 0xFC, 0xC6, 0xA7, 0xD6, 0x02,
		0x4A, 0x90, 0x4A, 0x30, 0x8A, 0x57, 0x12, 0xD4, 0x6E, 0x2D, 0x94, 0xC3, 0x79, 0x7F, 0xDF, 0xAD, 0x0F, 0xDA, 0x31, 0x4B, 0x08, 0xE8, 0x60, 0x48, 0xFE, 0x73, 0x8C, 0x6C, 0x8E, 0xCB, 0x3B, 0x64,
		0x91, 0xDB, 0x94, 0xE5, 0x00, 0x43, 0x30, 0xA7, 0xD3, 0x22, 0xBE, 0x8F, 0xA9, 0xA4, 0x0F, 0x41, 0x3F, 0x32, 0xBD, 0x4F, 0x45, 0x30, 0xF2, 0x7E, 0xC0, 0x3E, 0x14, 0x52, 0x6C, 0x96, 0xF8, 0x2D,
		0x3A, 0x9E, 0xAD, 0xC1, 0x16, 0x64, 0x26, 0x1D, 0x7D, 0x0F, 0xB6, 0x1B, 0xDE, 0x22, 0xAB, 0x54, 0x0A, 0x7E, 0x9E, 0x4F, 0x64, 0x0E, 0xAB, 0xDB, 0x5C, 0x8C, 0xBE, 0x86, 0x6E, 0x76, 0xAB, 0x1F,
		0x13, 0x70, 0xB5, 0x4A, 0x18, 0xF7, 0x27, 0xDC, 0xDA, 0xFF, 0x5D, 0x21, 0x23, 0x4C, 0x08, 0xED, 0xE8, 0xE8, 0xA4, 0xC5, 0x2C, 0x85, 0x77, 0xF5, 0x1D, 0x8F, 0x4A, 0x7A, 0x49, 0x64, 0xF8, 0x3B,
		0xA7, 0xA0, 0x67, 0xAD, 0x81, 0xCE, 0xA8, 0x60, 0xB9, 0x17, 0x8A, 0x20, 0x2E, 0x2D, 0x21, 0x6E, 0xA7, 0x59, 0xC6, 0xD3, 0x2C, 0x79, 0x06, 0x10, 0xB9, 0x6D, 0x61, 0x0E, 0x93, 0xF1, 0x85, 0x2E,
		0xB8, 0xF9, 0x6B, 0xEF, 0xBC, 0x40, 0x69, 0xA7, 0x66, 0x4B, 0xBB, 0x74, 0x69, 0x64, 0x43, 0x04, 0xD7, 0x39, 0xCA, 0x89, 0x62, 0xFB, 0x22, 0xA6, 0xF3, 0xE2, 0x6A, 0x0E, 0x15, 0xBA, 0xD2, 0x07,
		0xCB, 0xCB, 0x42, 0x16, 0x9E, 0x52, 0xD1, 0x7E, 0x7F, 0x7D, 0x7C, 0x7D, 0xDF, 0xFE, 0x7D, 0xA1, 0x4C, 0xFE, 0x7D, 0xA5, 0x4C, 0x6E, 0x7A, 0x75, 0x57, 0x7A, 0x7D, 0x78, 0x7D, 0xFE, 0x4B, 0x69,
		0x7D, 0x78, 0x79, 0x7E, 0x7F, 0x7D, 0x7C, 0x7D, 0x4C, 0x5F, 0x7A, 0x75, 0x57, 0x7A, 0x7D, 0x78, 0x7D, 0xFE, 0x4B, 0x69, 0x7E, 0x78, 0x6A, 0x78, 0x68, 0x56, 0xDB, 0x2E, 0x82, 0x18, 0xB8, 0xE6,
		0xC2, 0xFE, 0xED, 0x40, 0x3A, 0x49, 0x55, 0xB3, 0x6C, 0x83, 0x53, 0x78, 0x92, 0x4C, 0x61, 0x7A, 0x7F, 0x29, 0x61, 0x72, 0x78, 0x6A, 0x78, 0x68, 0xE3, 0xDB, 0x69, 0x21, 0x7C, 0x22, 0x1E, 0x21,
		0xFF, 0x88, 0x99, 0xAE, 0x19, 0xDB, 0x67, 0x2F, 0x49, 0x65, 0x95, 0x0E, 0x4C, 0x20, 0x7A, 0x7F, 0x29, 0x61, 0x5C, 0x78, 0x29, 0x4C, 0x2F, 0x4C, 0x2D, 0x7A, 0x70, 0x57, 0x7A, 0x7D, 0x78, 0x7D,
		0xFE, 0x4B, 0x30, 0xFF, 0x01, 0x7D, 0x7D, 0x4C, 0x3D, 0x4C, 0x43, 0x7A, 0x74, 0x57, 0x7A, 0x7D, 0x79, 0x79, 0x7B, 0x7E, 0x7D, 0x6A, 0x4F, 0x14, 0x08, 0x08, 0x0C, 0x46, 0x53, 0x53, 0x0B, 0x0B,
		0x0B, 0x52, 0x11, 0x15, 0x1F, 0x0E, 0x13, 0x0F, 0x13, 0x1A, 0x08, 0x52, 0x1F, 0x13, 0x11, 0x53, 0x0C, 0x17, 0x15, 0x13, 0x0C, 0x0F, 0x53, 0x38, 0x13, 0x1F, 0x0F, 0x53, 0x2E, 0x19, 0x0C, 0x13,
		0x0F, 0x15, 0x08, 0x13, 0x0E, 0x05, 0x52, 0x14, 0x08, 0x11, 0x4C, 0x6F, 0x7A, 0x7F, 0x29, 0x61, 0x59, 0x78, 0x70, 0x4C, 0x76, 0x7A, 0x74, 0x57, 0x7A, 0x7D, 0x79, 0x79, 0x7B, 0x7F, 0x74, 0x4C,
		0x65, 0x7A, 0x75, 0x57, 0x7A, 0x7D, 0x78, 0x7D, 0xFE, 0x4B, 0x68, 0x7E, 0x78, 0x70, 0x62, 0x76, 0x7C, 0x2F, 0x7C, 0x09, 0x7C, 0x1E, 0x7C, 0x3F, 0x7C, 0x3D, 0x4C, 0x77, 0x7A, 0x7F, 0x29, 0x61,
		0x73, 0x78, 0x78, 0x7F, 0x7E, 0x7D, 0xFA, 0x4C, 0x73, 0x7A, 0x7F, 0x29, 0x61, 0x6F, 0x7D, 0x7D, 0x83, 0x78, 0x79, 0x4C, 0x7F, 0x7D, 0x7D, 0x83, 0x4C, 0x63, 0x7A, 0x7F, 0x29, 0x61, 0x5F, 0x78,
		0x64, 0x4C, 0x6A, 0xFC, 0x68, 0xA9, 0x8A, 0x2A, 0xB7, 0xF3, 0x94, 0xDE, 0x20, 0x1E, 0x14, 0xAD, 0x41, 0xE8, 0xEC, 0x27, 0xAB, 0xB2, 0xE6, 0x64, 0xB8, 0x4C, 0x2A, 0x7A, 0x7F, 0x29, 0x61, 0x63,
		0x78, 0x33, 0x4C, 0x31, 0x4C, 0x37, 0xDC, 0x35, 0xDC, 0x3B, 0xFA, 0x39, 0x14, 0x08, 0x08, 0x0C, 0x46, 0x53, 0x53, 0x1F, 0x0E, 0x10, 0x52, 0x11, 0x15, 0x1F, 0x0E, 0x13, 0x0F, 0x13, 0x1A, 0x08,
		0x52, 0x1F, 0x13, 0x11, 0x53, 0x0C, 0x17, 0x15, 0x53, 0x1F, 0x0E, 0x10, 0x53, 0x0C, 0x0E, 0x13, 0x18, 0x09, 0x1F, 0x08, 0x0F, 0x53, 0x31, 0x15, 0x1F, 0x2E, 0x13, 0x13, 0x3F, 0x19, 0x0E, 0x3D,
		0x09, 0x08, 0x23, 0x4E, 0x4C, 0x4D, 0x4C, 0x51, 0x4C, 0x4A, 0x51, 0x4E, 0x4F, 0x52, 0x1F, 0x0E, 0x10, 0x4C, 0x26, 0x7A, 0x74, 0x57, 0x7A, 0x7D, 0x79, 0x79, 0x7B, 0x7D, 0x7D, 0x78, 0x32, 0x4C,
		0x30, 0x4C, 0x36, 0x7A, 0x74, 0x57, 0x7A, 0x7D, 0x79, 0x79, 0x7B, 0x4C, 0x7E, 0xFA, 0x42, 0x14, 0x08, 0x08, 0x0C, 0x46, 0x53, 0x53, 0x0B, 0x0B, 0x0B, 0x52, 0x11, 0x15, 0x1F, 0x0E, 0x13, 0x0F,
		0x13, 0x1A, 0x08, 0x52, 0x1F, 0x13, 0x11, 0x53, 0x0C, 0x17, 0x15, 0x53, 0x1F, 0x19, 0x0E, 0x08, 0x0F, 0x53, 0x31, 0x15, 0x1F, 0x2E, 0x13, 0x13, 0x3F, 0x19, 0x0E, 0x3D, 0x09, 0x08, 0x23, 0x4E,
		0x4C, 0x4D, 0x4C, 0x51, 0x4C, 0x4A, 0x51, 0x4E, 0x4F, 0x52, 0x1F, 0x0E, 0x08, 0x4C, 0x71, 0x7A, 0x75, 0x56, 0xFA, 0x34, 0xFA, 0x8B, 0x71, 0x7D, 0x7D, 0x77, 0x79, 0x7C, 0x7F, 0xFE, 0x7E, 0x7D,
		0x7C, 0xE1, 0x29, 0x01, 0x80, 0x56, 0xD1, 0x9D, 0x50, 0x63, 0x1B, 0x7D, 0x4D, 0x58, 0x27, 0x9D, 0xE2, 0x0E, 0x37, 0x80, 0xD5, 0x13, 0x96, 0x20, 0x68, 0xCA, 0x42, 0x32, 0x3B, 0x18, 0x04, 0xCD,
		0x7A, 0xEF, 0xEB, 0x41, 0x4D, 0x4F, 0xC9, 0x45, 0xAB, 0xBE, 0x0D, 0x4A, 0x43, 0xA6, 0x18, 0x10, 0x00, 0xAC, 0x09, 0x45, 0x11, 0xC7, 0x73, 0x4D, 0x98, 0xBE, 0xF3, 0x87, 0x10, 0xAD, 0xDD, 0xE8,
		0x64, 0x5E, 0x92, 0x95, 0x1A, 0x1B, 0x46, 0x2F, 0x31, 0xA1, 0xE4, 0xC6, 0xCA, 0x62, 0x04, 0xA4, 0x4A, 0x52, 0xE0, 0xD5, 0xFE, 0x2A, 0x7C, 0x7F, 0xCC, 0x79, 0xC2, 0xF5, 0x94, 0x15, 0x9C, 0xC6,
		0x75, 0x92, 0x07, 0xA3, 0x16, 0x13, 0xC2, 0x55, 0xB7, 0x12, 0xA4, 0x43, 0x34, 0x09, 0x7D, 0xA5, 0x64, 0xA2, 0x11, 0xFE, 0x70, 0x89, 0x11, 0x5F, 0x28, 0x98, 0x04, 0x2F, 0x09, 0x58, 0x2B, 0xC5,
		0xA1, 0xE3, 0x8F, 0xF2, 0x41, 0xBA, 0x8F, 0x14, 0xA3, 0x19, 0x8A, 0xD8, 0x2A, 0xD6, 0x8B, 0xE9, 0xCA, 0x54, 0x29, 0x5B, 0xAC, 0x58, 0xC1, 0x3C, 0xDC, 0xC3, 0x65, 0xCA, 0x6E, 0x6E, 0x6D, 0x21,
		0x41, 0x5B, 0x9C, 0x3C, 0xEA, 0x44, 0xD0, 0x8B, 0x85, 0x55, 0xF5, 0xBF, 0xC0, 0x6B, 0xCC, 0x28, 0xF9, 0x3E, 0xCF, 0x80, 0x70, 0xE2, 0xF7, 0x65, 0xF5, 0x9B, 0x8C, 0x77, 0x16, 0xFD, 0xBE, 0xFD,
		0x65, 0x3E, 0x65, 0x2E, 0x09, 0xF6, 0x4A, 0xBE, 0x61, 0xBF, 0x1D, 0x0F, 0x52, 0x50, 0x17, 0x07, 0x12, 0x43, 0x50, 0x75, 0x04, 0x68, 0x95, 0xED, 0xCE, 0xD5, 0x27, 0xA3, 0x35, 0xDF, 0x08, 0x70,
		0xC0, 0x90, 0xED, 0xFC, 0xAE, 0x41, 0x9A, 0x36, 0x42, 0x1A, 0x47, 0x33, 0xC7, 0xFA, 0x86, 0x4E, 0x66, 0xA5, 0xEA, 0x88, 0xF3, 0x8A, 0xED, 0x7D, 0x8A, 0xB2, 0xBA, 0x08, 0x81, 0x8A, 0x30, 0x0E,
		0x13, 0x6C, 0xD7, 0x09, 0x4C, 0xB9, 0x48, 0xCC, 0x06, 0xA4, 0x2C, 0x82, 0x76, 0x24, 0xA1, 0x3C, 0x40, 0xBB, 0x28, 0x11, 0xE1, 0x1F, 0x08, 0x34, 0x50, 0xCD, 0x32, 0x3B, 0x51, 0xBD, 0x68, 0x78,
		0x0D, 0xC3, 0x18, 0x85, 0x58, 0xC2, 0x0F, 0x11, 0xB6, 0xF2, 0x75, 0xC1, 0xCF, 0x7D, 0x2B, 0x35, 0x28, 0x18, 0xA5, 0x0F, 0xAB, 0x03, 0x62, 0x27, 0x38, 0x7D, 0xF2, 0x26, 0x65, 0xED, 0x17, 0x71,
		0xE3, 0xD8, 0x54, 0xA0, 0x1B, 0x65, 0x54, 0x58, 0xC6, 0x44, 0x37, 0xE6, 0x12, 0x87, 0x5D, 0x28, 0x17, 0x16, 0x39, 0x6D, 0x3B, 0xD5, 0x8D, 0xCB, 0xD2, 0xB4, 0x94, 0xF5, 0x22, 0x33, 0xE1, 0xAE,
		0xAC, 0x30, 0x0A, 0xC9, 0x2B, 0x28, 0x75, 0xCD, 0x15, 0x7D, 0x38, 0x02, 0x00, 0xDD, 0x1D, 0x10, 0x0F, 0x82, 0x76, 0xC7, 0x90, 0x3D, 0x1A, 0x41, 0x15, 0x81, 0xB7, 0xBD, 0x3D, 0x35, 0x02, 0x02,
		0xEF, 0xC2, 0xB7, 0x84, 0x47, 0x98, 0xCB, 0x69, 0xC3, 0xC8, 0xB2, 0x42, 0xD9, 0x4D, 0x2D, 0xF8, 0xC0, 0xC3, 0x7E, 0xBD, 0xFE, 0xDE, 0x07, 0x6B, 0x61, 0x69, 0xF5, 0xF1, 0x0C, 0x82, 0x9B, 0xC9,
		0xAC, 0x54, 0x66, 0xF5, 0x77, 0xF3, 0x4A, 0xA6, 0xC6, 0x30, 0x85, 0xE7, 0x83, 0x76, 0x95, 0x48, 0x84, 0x58, 0x49, 0x1B, 0x57, 0x9C, 0x71, 0xC4, 0x9A, 0xF0, 0xE5, 0xAA, 0x9D, 0x5E, 0x96, 0x8C,
		0x5B, 0x3E, 0x41, 0x59, 0xE8, 0x9A, 0x08, 0x08, 0x27, 0x16, 0xAD, 0xE2, 0x42, 0x91, 0x02, 0xDC, 0x4D, 0x4F, 0x01, 0xC0, 0xB7, 0x95, 0x07, 0xC3, 0x44, 0x0C, 0x38, 0xAD, 0xEC, 0x8D, 0xB4, 0xD7,
		0x46, 0xF6, 0x46, 0x74, 0x1E, 0x03, 0xA5, 0x0C, 0x1F, 0x2F, 0x31, 0xF1, 0x92, 0xFE, 0x11, 0xD9, 0x79, 0x6C, 0xBD, 0x0D, 0x7A, 0x16, 0x6C, 0xC8, 0x61, 0x29, 0x4F, 0x24, 0xCF, 0xDD, 0x0C, 0x1A,
		0x8E, 0xDD, 0xFE, 0x7F, 0x25, 0x4C, 0xFE, 0x7E, 0x3D, 0x7E, 0x7D, 0x7D, 0x4C, 0xFE, 0x7D, 0x7D, 0xDD, 0xFD, 0xA5, 0xD8, 0xFD, 0xAA, 0x4C, 0xFD, 0xAF, 0x4D, 0x77, 0x4C, 0x75, 0x7A, 0x7F, 0x29,
		0x78, 0x7A, 0x6F, 0x7E, 0x29, 0x2F, 0x4D, 0x6F, 0x4C, 0x6D, 0x7A, 0x7F, 0x29, 0x78, 0x74, 0x6F, 0x76, 0x2B, 0x1D, 0x0F, 0x14, 0x15, 0x12, 0x1B, 0x08, 0x13, 0x12, 0x4D, 0x6C, 0x4C, 0x72, 0x7A,
		0x7F, 0x29, 0x78, 0x7B, 0x6F, 0x7B, 0x2E, 0x19, 0x18, 0x11, 0x13, 0x12, 0x18, 0x4D, 0x62, 0x4C, 0x60, 0x7A, 0x7F, 0x29, 0x78, 0x76, 0x6F, 0x69, 0x31, 0x15, 0x1F, 0x0E, 0x13, 0x0F, 0x13, 0x1A,
		0x08, 0x5C, 0x3F, 0x13, 0x0E, 0x0C, 0x13, 0x0E, 0x1D, 0x08, 0x15, 0x13, 0x12, 0x4D, 0x51, 0x4C, 0x57, 0x7A, 0x7F, 0x29, 0x78, 0x77, 0x6F, 0x58, 0x31, 0x15, 0x1F, 0x0E, 0x13, 0x0F, 0x13, 0x1A,
		0x08, 0x5C, 0x35, 0x0E, 0x19, 0x10, 0x1D, 0x12, 0x18, 0x5C, 0x33, 0x0C, 0x19, 0x0E, 0x1D, 0x08, 0x15, 0x13, 0x12, 0x0F, 0x5C, 0x30, 0x15, 0x11, 0x15, 0x08, 0x19, 0x18, 0x4D, 0x5B, 0x4C, 0x59,
		0x7A, 0x7F, 0x29, 0x78, 0x77, 0x6F, 0x62, 0x12, 0x2F, 0x14, 0x15, 0x19, 0x10, 0x18, 0x5C, 0x28, 0x2F, 0x2F, 0x5C, 0x39, 0x2F, 0x32, 0x46, 0x49, 0x49, 0x4D, 0x3D, 0x51, 0x4C, 0x49, 0x39, 0x4C,
		0x51, 0x38, 0x45, 0x48, 0x4B, 0x4D, 0x59, 0x4C, 0x5F, 0x7A, 0x7F, 0x29, 0x78, 0x7F, 0x6F, 0x60, 0x31, 0x15, 0x1F, 0x0E, 0x13, 0x0F, 0x13, 0x1A, 0x08, 0x5C, 0x28, 0x15, 0x11, 0x19, 0x51, 0x2F,
		0x08, 0x1D, 0x11, 0x0C, 0x5C, 0x2F, 0x19, 0x0E, 0x0A, 0x15, 0x1F, 0x19, 0xDE, 0x5F, 0x76, 0x7D, 0x7D, 0x4C, 0x7B, 0x7A, 0x79, 0x57, 0x72, 0x7F, 0x7E, 0x66, 0x7F, 0x69, 0x7C, 0xAB, 0x91, 0xC6,
		0x0D, 0x63, 0x8E, 0x63, 0x21, 0x48, 0x72, 0x5F, 0x39, 0x65, 0x14, 0x12, 0x7E, 0x81, 0xD7, 0x1C, 0x66, 0xDC, 0xFD, 0xFF, 0x4C, 0xFD, 0xFC, 0xD8, 0x02, 0x4C, 0x00, 0x4D, 0x77, 0x4C, 0x75, 0x7A,
		0x7F, 0x29, 0x78, 0x7A, 0x6F, 0x7E, 0x29, 0x2F, 0x4D, 0x6F, 0x4C, 0x6D, 0x7A, 0x7F, 0x29, 0x78, 0x74, 0x6F, 0x76, 0x2B, 0x1D, 0x0F, 0x14, 0x15, 0x12, 0x1B, 0x08, 0x13, 0x12, 0x4D, 0x6C, 0x4C,
		0x72, 0x7A, 0x7F, 0x29, 0x78, 0x7B, 0x6F, 0x7B, 0x2E, 0x19, 0x18, 0x11, 0x13, 0x12, 0x18, 0x4D, 0x62, 0x4C, 0x60, 0x7A, 0x7F, 0x29, 0x78, 0x76, 0x6F, 0x69, 0x31, 0x15, 0x1F, 0x0E, 0x13, 0x0F,
		0x13, 0x1A, 0x08, 0x5C, 0x3F, 0x13, 0x0E, 0x0C, 0x13, 0x0E, 0x1D, 0x08, 0x15, 0x13, 0x12, 0x4D, 0x5A, 0x4C, 0x58, 0x7A, 0x7F, 0x29, 0x78, 0x7F, 0x6F, 0x61, 0x31, 0x15, 0x1F, 0x0E, 0x13, 0x0F,
		0x13, 0x1A, 0x08, 0x5C, 0x28, 0x15, 0x11, 0x19, 0x51, 0x2F, 0x08, 0x1D, 0x11, 0x0C, 0x5C, 0x2C, 0x3F, 0x3D, 0x5C, 0x4E, 0x4C, 0x4D, 0x4C, 0x4C, 0x71, 0x7A, 0x75, 0x56, 0xFA, 0x34, 0xFA, 0x8B,
		0x71, 0x7D, 0x7D, 0x77, 0x79, 0x7C, 0x7E, 0x79, 0x7C, 0x97, 0x7D, 0x87, 0xD2, 0x4C, 0x5E, 0x64, 0x73, 0x4E, 0x4C, 0x4E, 0x48, 0x4D, 0x4E, 0x4C, 0x45, 0x4E, 0x4F, 0x4E, 0x44, 0x48, 0x4A, 0x26,
		0x64, 0x73, 0x4E, 0x4C, 0x4E, 0x48, 0x4D, 0x4E, 0x4D, 0x4C, 0x4E, 0x4F, 0x4E, 0x44, 0x48, 0x4A, 0x26, 0x4C, 0x0B, 0x4C, 0x41, 0x7A, 0x76, 0x57, 0x7A, 0x7D, 0x78, 0x7D, 0xF8, 0x25, 0x76, 0x78,
		0x7D, 0x4D, 0x53, 0x4C, 0x51, 0x4C, 0x76, 0x7E, 0x79, 0x7C, 0x97, 0x7D, 0x87, 0xD2, 0x7E, 0x7D, 0x7C, 0x4C, 0x76, 0x7E, 0x7D, 0x7C, 0x7E, 0x7E, 0x7F, 0x65, 0x7E, 0x7D, 0x83, 0x4C, 0x7B, 0x7E,
		0x7D, 0x7C, 0x7E, 0x7E, 0x6E, 0xD6, 0x4C, 0x76, 0x7E, 0x79, 0x7C, 0x97, 0x7F, 0x31, 0x52, 0x7E, 0x7D, 0x7C, 0x4C, 0x4A, 0x7A, 0x76, 0x57, 0x7A, 0x7D, 0x78, 0x7D, 0xF8, 0x25, 0x76, 0x78, 0x7E,
		0x4D, 0x54, 0x4C, 0x5A, 0x4C, 0x70, 0x7A, 0x76, 0x57, 0x7A, 0x7D, 0x78, 0x7D, 0xF8, 0x25, 0x76, 0x7F, 0x7E, 0xDC, 0x76, 0x4C, 0x74, 0x7E, 0x7D, 0x7C, 0x7E, 0x7F, 0x7B, 0xDD, 0x5C, 0xDD, 0x76,
		0x4C, 0x74, 0x7E, 0x7D, 0x7C, 0x7E, 0x7F, 0x7D, 0xFA, 0xDC, 0x4C, 0x71, 0x7A, 0x75, 0x56, 0xFA, 0x34, 0xFA, 0x8B, 0x71, 0x7D, 0x7D, 0x77, 0x79, 0x7C, 0x7F, 0xFE, 0x7D, 0x7D, 0x7C, 0x50, 0xF6,
		0x32, 0x08, 0x80, 0x1F, 0xB4, 0xCD, 0xC0, 0xCB, 0xC8, 0x2C, 0xA0, 0x44, 0x65, 0x17, 0x76, 0x99, 0xDC, 0x72, 0xCC, 0x66, 0x6B, 0xEE, 0x21, 0xFA, 0x24, 0x3C, 0x02, 0xD3, 0x19, 0x4E, 0x52, 0x30,
		0xC3, 0xE0, 0x4F, 0x6D, 0x3E, 0x3E, 0x9D, 0xAA, 0xBE, 0xB8, 0x16, 0xCA, 0x3F, 0x75, 0xD5, 0xF2, 0x53, 0x6B, 0x0C, 0x8F, 0x32, 0xD0, 0x5D, 0xD3, 0xFE, 0x71, 0x3E, 0x91, 0xAF, 0x6C, 0x00, 0xEE,
		0x46, 0x83, 0x0E, 0x32, 0x7E, 0xF2, 0xA4, 0x96, 0x82, 0x7F, 0xAB, 0x27, 0xDB, 0x4E, 0xD7, 0x93, 0xA4, 0x55, 0x65, 0x06, 0xDB, 0xDE, 0x69, 0x99, 0x88, 0x2B, 0x56, 0xC1, 0x84, 0x06, 0xAC, 0x6D,
		0xB1, 0x36, 0x20, 0x60, 0x49, 0x68, 0xE8, 0x7A, 0x67, 0x60, 0x4F, 0xF9, 0x09, 0xD8, 0x47, 0xF1, 0x05, 0xC8, 0x1C, 0xAC, 0x65, 0x46, 0x72, 0x35, 0x42, 0xB0, 0x5C, 0x90, 0x1E, 0x51, 0x20, 0xD3,
		0xDC, 0x54, 0x91, 0x9E, 0x72, 0x13, 0x08, 0xD0, 0xD2, 0xF5, 0x5B, 0x02, 0x47, 0x7F, 0xA0, 0xCE, 0x26, 0xBC, 0xE5, 0xD7, 0xF9, 0x1F, 0x75, 0xB3, 0x01, 0x6A, 0x41, 0xCF, 0x98, 0x45, 0xD1, 0xFD,
		0xF1, 0xA5, 0x00, 0xE5, 0x91, 0xF2, 0x41, 0x6B, 0x12, 0x8C, 0x9E, 0x6C, 0x50, 0x74, 0x39, 0x4F, 0xFA, 0xD0, 0xC3, 0x78, 0x28, 0x7F, 0x9E, 0x5E, 0xB1, 0x2F, 0xAC, 0xB9, 0xC9, 0x57, 0x2E, 0xD3,
		0xD8, 0x43, 0x28, 0x9C, 0xCD, 0x31, 0x68, 0xBE, 0xA5, 0x95, 0x4F, 0x5D, 0x11, 0xC0, 0x39, 0x5D, 0xB6, 0x10, 0x00, 0xB0, 0x11, 0x26, 0xEA, 0x51, 0x1A, 0x28, 0x69, 0xA1, 0xD7, 0x08, 0x92, 0xF6,
		0xED, 0x92, 0x70, 0x21, 0x59, 0xE6, 0xDF, 0xA7, 0xE4, 0x90, 0x6F, 0xB4, 0xCB, 0x0B, 0x4B, 0xFB, 0x1A, 0x54, 0x74, 0x04, 0x63, 0x44, 0x0E, 0xF6, 0xA2, 0x0A, 0x78, 0x56, 0x57, 0x89, 0x4D, 0xFE,
		0x78, 0x71, 0x4C, 0xFE, 0x78, 0x75, 0x7E, 0x7D, 0x7D, 0x4C, 0xFD, 0xEF, 0x4C, 0x00, 0x4D, 0x77, 0x4C, 0x75, 0x7A, 0x7F, 0x29, 0x78, 0x7A, 0x6F, 0x7E, 0x29, 0x2F, 0x4D, 0x6F, 0x4C, 0x6D, 0x7A,
		0x7F, 0x29, 0x78, 0x74, 0x6F, 0x76, 0x2B, 0x1D, 0x0F, 0x14, 0x15, 0x12, 0x1B, 0x08, 0x13, 0x12, 0x4D, 0x6C, 0x4C, 0x72, 0x7A, 0x7F, 0x29, 0x78, 0x7B, 0x6F, 0x7B, 0x2E, 0x19, 0x18, 0x11, 0x13,
		0x12, 0x18, 0x4D, 0x62, 0x4C, 0x60, 0x7A, 0x7F, 0x29, 0x78, 0x76, 0x6F, 0x69, 0x31, 0x15, 0x1F, 0x0E, 0x13, 0x0F, 0x13, 0x1A, 0x08, 0x5C, 0x3F, 0x13, 0x0E, 0x0C, 0x13, 0x0E, 0x1D, 0x08, 0x15,
		0x13, 0x12, 0x4D, 0x5A, 0x4C, 0x58, 0x7A, 0x7F, 0x29, 0x78, 0x7F, 0x6F, 0x61, 0x31, 0x15, 0x1F, 0x0E, 0x13, 0x0F, 0x13, 0x1A, 0x08, 0x5C, 0x28, 0x15, 0x11, 0x19, 0x51, 0x2F, 0x08, 0x1D, 0x11,
		0x0C, 0x5C, 0x2C, 0x3F, 0x3D, 0x5C, 0x4E, 0x4C, 0x4D, 0x4C, 0x7E, 0x6F, 0x4F, 0x7C, 0x7C, 0x7E, 0x7D, 0xAD, 0x39, 0x25, 0xE4, 0x6C, 0xB0, 0x3E, 0x33, 0x7C, 0x7D, 0x7C, 0x7C, 0x7E, 0x7D, 0x4C,
		0x71, 0x7A, 0x75, 0x1C, 0xFA, 0x34, 0x7D, 0x19, 0x7F, 0x78, 0x7E, 0x7D, 0x79, 0x7C, 0xDC, 0xFE, 0x7D, 0x36, 0x4C, 0x66, 0x7A, 0x75, 0x56, 0xFA, 0x34, 0xFA, 0x8B, 0x71, 0x7D, 0x75, 0x7F, 0x4D,
		0x71, 0x7A, 0x77, 0x56, 0xFA, 0x34, 0xFA, 0x8B, 0x71, 0x7D, 0x75, 0x6C, 0x7D, 0x78, 0x4C, 0x53, 0x7A, 0x75, 0x56, 0xFA, 0x34, 0xFA, 0x8B, 0x71, 0x7D, 0x75, 0x78, 0x4D, 0x5E, 0x78, 0x5C, 0x39,
		0xA6, 0x85, 0x23, 0x4D, 0xFA, 0xE5, 0x43, 0x4D, 0x04, 0x2F, 0x23, 0xA2, 0x64, 0x49, 0x82, 0x17, 0xAC, 0xB9, 0x73, 0x63, 0xDF, 0x91, 0xED, 0xF0, 0xBA, 0x4F, 0xF7, 0x36, 0x21, 0x24, 0x70, 0x4C,
		0xFD, 0x86, 0x7A, 0x77, 0x56, 0xFA, 0x34, 0xFA, 0x8B, 0x71, 0x7D, 0x75, 0x6C, 0x7E, 0x53, 0x4D, 0xFD, 0x96, 0x4C, 0xFD, 0x9B, 0x4C, 0xFD, 0x98, 0x4C, 0xFD, 0xC1, 0x78, 0x5C, 0x24, 0x17, 0xCE,
		0x46, 0x30, 0xE8, 0x6D, 0x0E, 0x10, 0x08, 0x61, 0xD8, 0xEF, 0x25, 0xEB, 0x35, 0xFE, 0xF0, 0x61, 0xD2, 0x23, 0x02, 0x1A, 0xC6, 0x88, 0xD8, 0xFB, 0x16, 0x62, 0xAB, 0x44, 0x5F, 0x4C, 0xFD, 0xE4,
		0x4C, 0xFD, 0xFC, 0xD8, 0x02, 0x4C, 0x00, 0x4D, 0x77, 0x4C, 0x75, 0x7A, 0x7F, 0x29, 0x78, 0x7A, 0x6F, 0x7E, 0x29, 0x2F, 0x4D, 0x6F, 0x4C, 0x6D, 0x7A, 0x7F, 0x29, 0x78, 0x74, 0x6F, 0x76, 0x2B,
		0x1D, 0x0F, 0x14, 0x15, 0x12, 0x1B, 0x08, 0x13, 0x12, 0x4D, 0x6C, 0x4C, 0x72, 0x7A, 0x7F, 0x29, 0x78, 0x7B, 0x6F, 0x7B, 0x2E, 0x19, 0x18, 0x11, 0x13, 0x12, 0x18, 0x4D, 0x62, 0x4C, 0x60, 0x7A,
		0x7F, 0x29, 0x78, 0x76, 0x6F, 0x69, 0x31, 0x15, 0x1F, 0x0E, 0x13, 0x0F, 0x13, 0x1A, 0x08, 0x5C, 0x3F, 0x13, 0x0E, 0x0C, 0x13, 0x0E, 0x1D, 0x08, 0x15, 0x13, 0x12, 0x4D, 0x5A, 0x4C, 0x58, 0x7A,
		0x7F, 0x29, 0x78, 0x7F, 0x6F, 0x61, 0x31, 0x15, 0x1F, 0x0E, 0x13, 0x0F, 0x13, 0x1A, 0x08, 0x5C, 0x28, 0x15, 0x11, 0x19, 0x51, 0x2F, 0x08, 0x1D, 0x11, 0x0C, 0x5C, 0x2C, 0x3F, 0x3D, 0x5C, 0x4E,
		0x4C, 0x4D, 0x4C, 0x7E, 0x6F, 0x4F, 0x7C, 0x7C, 0x7E, 0x7D, 0xAD, 0x39, 0x25, 0xE4, 0x6C, 0xB0, 0x3E, 0x33, 0x7C, 0x7D, 0x7C, 0x7C, 0x7E, 0x7D, 0x4C, 0x5E, 0x78, 0x5C, 0x02, 0x31, 0xFB, 0xFF,
		0x53, 0xB0, 0x72, 0x6C, 0xD7, 0x81, 0x41, 0x0D, 0xCF, 0xBE, 0x72, 0x8B, 0x2D, 0xC3, 0xB8, 0x2F, 0x44, 0x40, 0x51, 0xF9, 0x22, 0x96, 0x9D, 0x70, 0x25, 0x2E, 0x1A, 0x54, 0x4C, 0x71, 0x7A, 0x75,
		0x56, 0xFA, 0x34, 0xFA, 0x8B, 0x71, 0x7D, 0x7D, 0x77, 0x79, 0x7C, 0x78, 0xFE, 0x7E, 0x7C, 0xEC, 0xF6, 0x1C, 0xCB, 0x6F, 0x40, 0xE3, 0x77, 0x92, 0x7C, 0x35, 0x4C, 0xDB, 0x0A, 0x61, 0x12, 0x39,
		0x1E, 0x5E, 0x30, 0x1B, 0xAB, 0x49, 0xEF, 0xD2, 0xE3, 0x56, 0xDC, 0x23, 0x94, 0x44, 0xED, 0xE1, 0x21, 0x2B, 0x36, 0x59, 0x0F, 0xAB, 0x75, 0xFB, 0x8F, 0xB8, 0xA4, 0x21, 0x21, 0xD4, 0x13, 0x16,
		0xE8, 0x8F, 0x94, 0x92, 0x73, 0x08, 0xBF, 0x25, 0x1C, 0x1A, 0x73, 0xCA, 0xDE, 0x4C, 0xD7, 0x7C, 0x28, 0x5A, 0x5A, 0xE6, 0xD8, 0x61, 0x03, 0x14, 0x4A, 0x85, 0x9C, 0x86, 0x5B, 0x8E, 0xA3, 0x06,
		0x1B, 0x01, 0xE9, 0xE1, 0x66, 0x94, 0x16, 0x85, 0x43, 0x3C, 0x94, 0xCE, 0x09, 0x4B, 0x73, 0xEF, 0x08, 0x22, 0x68, 0x74, 0x7A, 0xD5, 0x13, 0x68, 0x50, 0x81, 0x00, 0x60, 0x05, 0xB8, 0x7A, 0x83,
		0x76, 0x81, 0xC7, 0xE2, 0xC9, 0x71, 0x8A, 0x5F, 0xBC, 0xF7, 0xB2, 0xE7, 0x19, 0xC0, 0x47, 0x0A, 0x11, 0x6B, 0x4A, 0x78, 0xE4, 0xAA, 0xCB, 0x39, 0x7F, 0xA7, 0x44, 0x76, 0xB3, 0x92, 0x08, 0x0E,
		0x00, 0x2B, 0xD9, 0xE4, 0xFD, 0x8A, 0x25, 0x9F, 0x00, 0x1D, 0xA1, 0xE8, 0xD3, 0x2B, 0xD2, 0x84, 0x38, 0x8E, 0xE3, 0x30, 0xEF, 0x19, 0x31, 0xA1, 0xF3, 0xD1, 0x0A, 0x86, 0xF4, 0x3E, 0xAA, 0x3A,
		0xC5, 0x11, 0x21, 0x4D, 0x4A, 0x3F, 0x92, 0x95, 0x38, 0x85, 0xD0, 0xC8, 0x11, 0xFC, 0xC3, 0xB6, 0xEA, 0x03, 0xD8, 0x3E, 0x08, 0xA8, 0x42, 0xDC, 0x54, 0x7A, 0x42, 0x6C, 0x82, 0xF8, 0x59, 0xEC,
		0xFA, 0x6D, 0x29, 0x66, 0x32, 0x51, 0x63, 0x1A, 0x0B, 0x52, 0x32, 0x44, 0x44, 0x3F, 0xE2, 0xB6, 0x2F, 0x81, 0x76, 0x87, 0x76, 0x34, 0xAD, 0xCF, 0x55, 0x18, 0x79, 0x21, 0x95, 0x25, 0x6D, 0xD3,
		0xE3, 0x9F, 0xD3, 0xB8, 0x1F, 0xA9, 0x3D, 0x78, 0x70, 0x51, 0x13, 0x24, 0xA8, 0xED, 0x2C, 0x3C, 0xB5, 0x8E, 0x5E, 0x66, 0xAB, 0x97, 0x3D, 0xB8, 0x92, 0x9F, 0x40, 0x99, 0x72, 0x35, 0x33, 0x0C,
		0x9A, 0x8F, 0x80, 0x0E, 0x2D, 0x9C, 0xAF, 0x69, 0xDA, 0x8D, 0xCE, 0x5A, 0x04, 0xC8, 0x25, 0x32, 0x12, 0x92, 0x7A, 0x09, 0xFA, 0xE7, 0xD4, 0xD7, 0x7B, 0x05, 0xD5, 0x39, 0x39, 0x7C, 0xB8, 0x07,
		0x34, 0x56, 0xB8, 0x51, 0xA6, 0x63, 0x70, 0xA2, 0xE4, 0x27, 0x4C, 0x4A, 0x50, 0xAF, 0x5F, 0xA2, 0xEC, 0xC8, 0x8B, 0x69, 0x8C, 0xD7, 0xF6, 0xA4, 0x84, 0xED, 0xA6, 0x07, 0x00, 0xC8, 0xA6, 0xAF,
		0xEF, 0x3B, 0xBF, 0xDC, 0xBF, 0x6D, 0x09, 0x30, 0xE6, 0x8F, 0x3E, 0x51, 0x51, 0xD1, 0xA8, 0x50, 0x2A, 0xB8, 0xBA, 0x9E, 0x66, 0x1A, 0xC9, 0xFF, 0xB9, 0x63, 0x6A, 0xAE, 0x16, 0x5F, 0xFE, 0x2D,
		0x52, 0x6B, 0x49, 0x0F, 0x66, 0x46, 0x24, 0x55, 0x6F, 0xC0, 0x95, 0x32, 0x32, 0x5D, 0xF6, 0x31, 0xF4, 0x30, 0xB3, 0x2D, 0xFF, 0xDC, 0x06, 0x81, 0xA0, 0x41, 0x0F, 0x2C, 0xA4, 0xD4, 0xC0, 0x54,
		0x9D, 0x52, 0x8E, 0x31, 0x31, 0xFB, 0x79, 0x84, 0xEB, 0x3A, 0x6F, 0xE6, 0xFA, 0xE5, 0x3D, 0x65, 0x47, 0x60, 0xC3, 0xAB, 0x28, 0x8C, 0xCC, 0xB8, 0x9A, 0x7E, 0x35, 0xFA, 0xF0, 0xF3, 0xFE, 0x35,
		0xCE, 0x14, 0xDB, 0x77, 0x14, 0xC2, 0x44, 0xFD, 0x16, 0x85, 0xF6, 0x1D, 0x29, 0x4E, 0xD6, 0x51, 0xC6, 0x37, 0xA5, 0xDD, 0xB0, 0xDA, 0x00, 0x45, 0xBF, 0xAF, 0x5A, 0x8F, 0xD4, 0xBB, 0x5A, 0x09,
		0x45, 0x50, 0xE2, 0x21, 0x11, 0xB1, 0xA1, 0x65, 0x0D, 0x9B, 0x4E, 0x4D, 0x1F, 0x1E, 0x32, 0x5E, 0x25, 0xF3, 0x93, 0x6D, 0xBA, 0xE1, 0x18, 0x94, 0x41, 0x05, 0xCC, 0xCC, 0x34, 0x1B, 0xBF, 0x0E,
		0x6E, 0x1D, 0xA0, 0x5B, 0x2D, 0xA7, 0x46, 0x6A, 0x24, 0x86, 0x3E, 0x8F, 0x02, 0x9B, 0x4E, 0x7C
	};

}